"Time (ps)"	"Counts per bin"
0	20595328
10	0
20	0
30	0
40	0
50	0
60	0
70	0
80	0
90	0
100	0
110	0
120	0
130	0
140	0
150	0
160	0
170	0
180	0
190	0
200	0
210	0
220	0
230	0
240	0
250	0
260	0
270	0
280	0
290	0
300	0
310	0
320	0
330	0
340	0
350	0
360	0
370	0
380	0
390	0
400	0
410	0
420	0
430	0
440	0
450	0
460	0
470	0
480	0
490	0
500	0
510	0
520	0
530	0
540	0
550	0
560	0
570	0
580	0
590	0
600	0
610	0
620	0
630	0
640	0
650	0
660	0
670	0
680	0
690	0
700	0
710	0
720	0
730	0
740	0
750	0
760	0
770	0
780	0
790	0
800	0
810	0
820	0
830	0
840	0
850	0
860	0
870	0
880	0
890	0
900	0
910	0
920	0
930	0
940	0
950	0
960	0
970	0
980	0
990	0
1000	0
1010	0
1020	0
1030	0
1040	0
1050	0
1060	0
1070	0
1080	0
1090	0
1100	0
1110	0
1120	0
1130	0
1140	0
1150	0
1160	0
1170	0
1180	0
1190	0
1200	0
1210	0
1220	0
1230	0
1240	0
1250	0
1260	0
1270	0
1280	0
1290	0
1300	0
1310	0
1320	0
1330	0
1340	0
1350	0
1360	0
1370	0
1380	0
1390	0
1400	0
1410	0
1420	0
1430	0
1440	0
1450	0
1460	0
1470	0
1480	0
1490	0
1500	0
1510	0
1520	0
1530	0
1540	0
1550	0
1560	0
1570	0
1580	0
1590	0
1600	0
1610	0
1620	0
1630	0
1640	0
1650	0
1660	0
1670	0
1680	0
1690	0
1700	0
1710	0
1720	0
1730	0
1740	0
1750	0
1760	0
1770	0
1780	0
1790	0
1800	0
1810	0
1820	0
1830	0
1840	0
1850	0
1860	0
1870	0
1880	0
1890	0
1900	0
1910	0
1920	0
1930	0
1940	0
1950	0
1960	0
1970	0
1980	0
1990	0
2000	746
2010	18
2020	11
2030	12
2040	7
2050	12
2060	20
2070	8
2080	12
2090	6
2100	10
2110	14
2120	8
2130	11
2140	10
2150	6
2160	10
2170	5
2180	6
2190	9
2200	8
2210	10
2220	7
2230	10
2240	11
2250	14
2260	8
2270	5
2280	11
2290	10
2300	9
2310	11
2320	9
2330	7
2340	7
2350	7
2360	10
2370	6
2380	8
2390	14
2400	8
2410	9
2420	8
2430	18
2440	11
2450	6
2460	6
2470	6
2480	11
2490	9
2500	16
2510	9
2520	9
2530	7
2540	12
2550	7
2560	4
2570	7
2580	9
2590	7
2600	6
2610	17
2620	7
2630	8
2640	5
2650	8
2660	7
2670	6
2680	12
2690	8
2700	6
2710	6
2720	12
2730	12
2740	9
2750	6
2760	7
2770	9
2780	12
2790	14
2800	8
2810	10
2820	15
2830	7
2840	11
2850	11
2860	6
2870	7
2880	13
2890	6
2900	11
2910	9
2920	9
2930	8
2940	7
2950	7
2960	1
2970	4
2980	5
2990	10
3000	8
3010	5
3020	11
3030	12
3040	8
3050	11
3060	10
3070	11
3080	6
3090	5
3100	10
3110	8
3120	8
3130	5
3140	7
3150	6
3160	5
3170	10
3180	8
3190	15
3200	10
3210	6
3220	8
3230	7
3240	5
3250	9
3260	14
3270	6
3280	10
3290	7
3300	12
3310	7
3320	13
3330	8
3340	6
3350	7
3360	8
3370	7
3380	13
3390	12
3400	7
3410	7
3420	9
3430	10
3440	9
3450	8
3460	10
3470	9
3480	15
3490	10
3500	7
3510	13
3520	12
3530	11
3540	12
3550	12
3560	9
3570	16
3580	14
3590	10
3600	10
3610	13
3620	14
3630	9
3640	13
3650	9
3660	15
3670	19
3680	19
3690	7
3700	15
3710	10
3720	13
3730	15
3740	12
3750	20
3760	18
3770	16
3780	14
3790	17
3800	14
3810	9
3820	24
3830	23
3840	17
3850	30
3860	23
3870	25
3880	26
3890	24
3900	27
3910	27
3920	26
3930	17
3940	25
3950	31
3960	35
3970	31
3980	43
3990	33
4000	40
4010	39
4020	50
4030	36
4040	48
4050	40
4060	40
4070	37
4080	42
4090	46
4100	59
4110	51
4120	47
4130	51
4140	77
4150	65
4160	68
4170	50
4180	63
4190	50
4200	74
4210	88
4220	66
4230	74
4240	79
4250	78
4260	87
4270	104
4280	83
4290	95
4300	79
4310	83
4320	115
4330	132
4340	106
4350	129
4360	120
4370	129
4380	125
4390	135
4400	123
4410	130
4420	163
4430	140
4440	145
4450	150
4460	137
4470	190
4480	167
4490	154
4500	183
4510	181
4520	186
4530	185
4540	210
4550	207
4560	240
4570	223
4580	217
4590	246
4600	233
4610	246
4620	248
4630	262
4640	259
4650	280
4660	304
4670	265
4680	307
4690	305
4700	289
4710	326
4720	339
4730	331
4740	292
4750	378
4760	350
4770	323
4780	308
4790	340
4800	367
4810	349
4820	388
4830	366
4840	398
4850	424
4860	399
4870	417
4880	422
4890	402
4900	411
4910	425
4920	397
4930	414
4940	438
4950	431
4960	445
4970	426
4980	429
4990	411
5000	404
5010	426
5020	406
5030	420
5040	423
5050	434
5060	450
5070	439
5080	434
5090	465
5100	455
5110	420
5120	442
5130	431
5140	415
5150	457
5160	427
5170	424
5180	428
5190	432
5200	440
5210	436
5220	438
5230	432
5240	405
5250	429
5260	439
5270	417
5280	362
5290	392
5300	374
5310	389
5320	382
5330	373
5340	417
5350	407
5360	427
5370	387
5380	342
5390	390
5400	366
5410	352
5420	356
5430	386
5440	403
5450	321
5460	367
5470	390
5480	364
5490	388
5500	360
5510	351
5520	414
5530	332
5540	337
5550	342
5560	368
5570	371
5580	333
5590	330
5600	306
5610	359
5620	333
5630	336
5640	357
5650	314
5660	335
5670	351
5680	338
5690	381
5700	341
5710	332
5720	314
5730	362
5740	342
5750	364
5760	318
5770	332
5780	338
5790	343
5800	318
5810	354
5820	346
5830	333
5840	325
5850	336
5860	322
5870	364
5880	319
5890	365
5900	326
5910	289
5920	317
5930	312
5940	328
5950	269
5960	313
5970	291
5980	299
5990	278
6000	283
6010	276
6020	287
6030	269
6040	314
6050	255
6060	263
6070	261
6080	270
6090	235
6100	248
6110	237
6120	233
6130	231
6140	234
6150	195
6160	218
6170	199
6180	212
6190	210
6200	205
6210	206
6220	174
6230	184
6240	163
6250	160
6260	203
6270	182
6280	182
6290	140
6300	142
6310	167
6320	164
6330	156
6340	151
6350	153
6360	149
6370	144
6380	160
6390	135
6400	177
6410	146
6420	131
6430	115
6440	146
6450	125
6460	111
6470	118
6480	118
6490	123
6500	114
6510	121
6520	119
6530	122
6540	125
6550	105
6560	101
6570	106
6580	105
6590	111
6600	98
6610	116
6620	121
6630	109
6640	129
6650	94
6660	96
6670	101
6680	88
6690	78
6700	88
6710	87
6720	78
6730	70
6740	86
6750	80
6760	76
6770	65
6780	75
6790	78
6800	96
6810	79
6820	81
6830	74
6840	68
6850	80
6860	73
6870	75
6880	55
6890	78
6900	56
6910	59
6920	55
6930	60
6940	61
6950	56
6960	46
6970	45
6980	43
6990	48
7000	59
7010	41
7020	52
7030	44
7040	41
7050	45
7060	44
7070	39
7080	38
7090	44
7100	21
7110	17
7120	39
7130	25
7140	24
7150	22
7160	29
7170	15
7180	20
7190	12
7200	16
7210	17
7220	20
7230	21
7240	8
7250	20
7260	14
7270	20
7280	15
7290	12
7300	9
7310	11
7320	13
7330	11
7340	6
7350	7
7360	7
7370	9
7380	7
7390	1
7400	3
7410	4
7420	4
7430	8
7440	3
7450	2
7460	5
7470	3
7480	0
7490	0
7500	5
7510	1
7520	0
7530	3
7540	1
7550	4
7560	1
7570	2
7580	1
7590	0
7600	2
7610	2
7620	3
7630	0
7640	0
7650	3
7660	0
7670	0
7680	1
7690	2
7700	0
7710	0
7720	0
7730	1
7740	1
7750	0
7760	3
7770	1
7780	1
7790	1
7800	0
7810	1
7820	1
7830	0
7840	0
7850	0
7860	0
7870	0
7880	0
7890	0
7900	1
7910	0
7920	0
7930	0
7940	0
7950	0
7960	0
7970	1
7980	0
7990	0
8000	0
8010	0
8020	0
8030	0
8040	0
8050	0
8060	1
8070	0
8080	0
8090	0
8100	2
8110	0
8120	1
8130	0
8140	2
8150	0
8160	0
8170	1
8180	0
8190	0
8200	0
8210	1
8220	0
8230	0
8240	0
8250	0
8260	0
8270	1
8280	0
8290	0
8300	0
8310	0
8320	2
8330	1
8340	1
8350	0
8360	0
8370	0
8380	1
8390	0
8400	0
8410	1
8420	0
8430	0
8440	0
8450	0
8460	0
8470	0
8480	1
8490	0
8500	0
8510	0
8520	0
8530	0
8540	0
8550	1
8560	0
8570	0
8580	0
8590	0
8600	0
8610	0
8620	2
8630	0
8640	1
8650	0
8660	0
8670	0
8680	0
8690	1
8700	0
8710	0
8720	0
8730	0
8740	0
8750	0
8760	0
8770	0
8780	1
8790	0
8800	1
8810	0
8820	0
8830	0
8840	0
8850	0
8860	0
8870	0
8880	0
8890	0
8900	0
8910	0
8920	0
8930	0
8940	0
8950	0
8960	0
8970	0
8980	0
8990	0
9000	0
9010	0
9020	0
9030	0
9040	0
9050	0
9060	0
9070	0
9080	0
9090	0
9100	0
9110	0
9120	0
9130	0
9140	0
9150	0
9160	0
9170	0
9180	0
9190	0
9200	0
9210	0
9220	0
9230	0
9240	0
9250	0
9260	0
9270	0
9280	0
9290	0
9300	0
9310	0
9320	0
9330	0
9340	0
9350	0
9360	0
9370	0
9380	0
9390	0
9400	0
9410	0
9420	0
9430	0
9440	0
9450	0
9460	0
9470	0
9480	0
9490	0
9500	0
9510	0
9520	0
9530	0
9540	0
9550	0
9560	0
9570	0
9580	0
9590	0
9600	0
9610	0
9620	0
9630	0
9640	0
9650	0
9660	0
9670	0
9680	0
9690	0
9700	0
9710	0
9720	0
9730	0
9740	0
9750	0
9760	0
9770	0
9780	0
9790	0
9800	0
9810	0
9820	0
9830	0
9840	0
9850	0
9860	0
9870	0
9880	0
9890	0
9900	0
9910	0
9920	0
9930	0
9940	0
9950	0
9960	0
9970	0
9980	0
9990	0
10000	0
10010	0
10020	0
10030	0
10040	0
10050	0
10060	0
10070	0
10080	0
10090	0
10100	0
10110	0
10120	0
10130	0
10140	0
10150	0
10160	0
10170	0
10180	0
10190	0
10200	0
10210	0
10220	0
10230	0
10240	0
10250	0
10260	0
10270	0
10280	0
10290	0
10300	0
10310	0
10320	0
10330	0
10340	0
10350	0
10360	0
10370	0
10380	0
10390	0
10400	0
10410	0
10420	0
10430	0
10440	0
10450	0
10460	0
10470	0
10480	0
10490	0
10500	0
10510	0
10520	0
10530	0
10540	0
10550	0
10560	0
10570	0
10580	0
10590	0
10600	0
10610	0
10620	0
10630	0
10640	0
10650	0
10660	0
10670	0
10680	0
10690	0
10700	0
10710	0
10720	0
10730	0
10740	0
10750	0
10760	0
10770	0
10780	0
10790	0
10800	0
10810	0
10820	0
10830	0
10840	0
10850	0
10860	0
10870	0
10880	0
10890	0
10900	0
10910	0
10920	0
10930	0
10940	0
10950	0
10960	0
10970	0
10980	0
10990	0
11000	0
11010	0
11020	0
11030	0
11040	0
11050	0
11060	0
11070	0
11080	0
11090	0
11100	0
11110	0
11120	0
11130	0
11140	0
11150	0
11160	0
11170	0
11180	0
11190	0
11200	0
11210	0
11220	0
11230	0
11240	0
11250	0
11260	0
11270	0
11280	0
11290	0
11300	0
11310	0
11320	0
11330	0
11340	0
11350	0
11360	0
11370	0
11380	0
11390	0
11400	0
11410	0
11420	0
11430	0
11440	0
11450	0
11460	0
11470	0
11480	0
11490	0
11500	0
11510	0
11520	0
11530	0
11540	0
11550	0
11560	0
11570	0
11580	0
11590	0
11600	0
11610	0
11620	0
11630	0
11640	0
11650	0
11660	0
11670	0
11680	0
11690	0
11700	0
11710	0
11720	0
11730	0
11740	0
11750	0
11760	0
11770	0
11780	0
11790	0
11800	0
11810	0
11820	0
11830	0
11840	0
11850	0
11860	0
11870	0
11880	0
11890	0
11900	0
11910	0
11920	0
11930	0
11940	0
11950	0
11960	0
11970	0
11980	0
11990	1
12000	0
12010	0
12020	0
12030	0
12040	0
12050	0
12060	0
12070	0
12080	0
12090	0
12100	0
12110	0
12120	0
12130	0
12140	0
12150	0
12160	0
12170	1
12180	0
12190	0
12200	0
12210	0
12220	0
12230	0
12240	0
12250	0
12260	0
12270	0
12280	0
12290	0
12300	0
12310	0
12320	0
12330	0
12340	0
12350	0
12360	0
12370	0
12380	0
12390	0
12400	0
12410	0
12420	0
12430	0
12440	0
12450	0
12460	1
12470	0
12480	0
12490	0
12500	0
12510	0
12520	0
12530	0
12540	1
12550	0
12560	0
12570	0
12580	0
12590	0
12600	0
12610	0
12620	1
12630	0
12640	0
12650	0
12660	0
12670	0
12680	1
12690	0
12700	0
12710	0
12720	0
12730	1
12740	0
12750	0
12760	2
12770	1
12780	1
12790	0
12800	0
12810	2
12820	0
12830	0
12840	0
12850	0
12860	0
12870	0
12880	0
12890	1
12900	0
12910	0
12920	0
12930	1
12940	0
12950	0
12960	0
12970	0
12980	0
12990	1
13000	0
13010	1
13020	1
13030	0
13040	0
13050	0
13060	1
13070	0
13080	0
13090	1
13100	0
13110	0
13120	0
13130	0
13140	0
13150	1
13160	0
13170	0
13180	0
13190	0
13200	1
13210	0
13220	0
13230	0
13240	0
13250	0
13260	0
13270	0
13280	1
13290	0
13300	0
13310	0
13320	0
13330	0
13340	1
13350	2
13360	0
13370	0
13380	0
13390	1
13400	0
13410	0
13420	0
13430	0
13440	0
13450	0
13460	0
13470	0
13480	0
13490	0
13500	0
13510	0
13520	0
13530	0
13540	0
13550	0
13560	0
13570	1
13580	0
13590	0
13600	0
13610	1
13620	2
13630	1
13640	1
13650	0
13660	1
13670	0
13680	1
13690	1
13700	0
13710	0
13720	0
13730	0
13740	0
13750	0
13760	1
13770	0
13780	0
13790	1
13800	0
13810	1
13820	1
13830	0
13840	0
13850	0
13860	0
13870	0
13880	0
13890	0
13900	0
13910	0
13920	0
13930	0
13940	0
13950	1
13960	0
13970	0
13980	1
13990	0
14000	0
14010	3
14020	0
14030	1
14040	0
14050	1
14060	0
14070	0
14080	1
14090	2
14100	0
14110	0
14120	0
14130	0
14140	2
14150	1
14160	0
14170	0
14180	0
14190	1
14200	2
14210	0
14220	1
14230	0
14240	0
14250	0
14260	0
14270	1
14280	1
14290	0
14300	0
14310	0
14320	1
14330	1
14340	1
14350	0
14360	0
14370	0
14380	0
14390	1
14400	0
14410	0
14420	0
14430	0
14440	0
14450	0
14460	0
14470	0
14480	0
14490	0
14500	1
14510	0
14520	0
14530	0
14540	0
14550	1
14560	0
14570	0
14580	0
14590	0
14600	0
14610	1
14620	1
14630	1
14640	0
14650	0
14660	0
14670	0
14680	0
14690	1
14700	0
14710	0
14720	0
14730	1
14740	0
14750	1
14760	0
14770	0
14780	0
14790	0
14800	1
14810	0
14820	0
14830	0
14840	0
14850	1
14860	0
14870	0
14880	0
14890	0
14900	2
14910	0
14920	0
14930	0
14940	0
14950	0
14960	1
14970	1
14980	1
14990	0
15000	0
15010	0
15020	0
15030	0
15040	0
15050	1
15060	0
15070	1
15080	0
15090	0
15100	0
15110	0
15120	0
15130	0
15140	0
15150	0
15160	0
15170	0
15180	2
15190	1
15200	0
15210	1
15220	0
15230	0
15240	0
15250	1
15260	0
15270	0
15280	0
15290	0
15300	0
15310	0
15320	0
15330	0
15340	0
15350	1
15360	0
15370	1
15380	0
15390	1
15400	0
15410	0
15420	0
15430	0
15440	0
15450	1
15460	1
15470	0
15480	0
15490	0
15500	0
15510	0
15520	1
15530	0
15540	0
15550	1
15560	0
15570	0
15580	0
15590	0
15600	1
15610	0
15620	1
15630	0
15640	0
15650	2
15660	0
15670	0
15680	0
15690	0
15700	0
15710	1
15720	0
15730	0
15740	1
15750	0
15760	0
15770	1
15780	0
15790	0
15800	0
15810	0
15820	1
15830	1
15840	1
15850	0
15860	0
15870	0
15880	0
15890	0
15900	0
15910	0
15920	0
15930	1
15940	0
15950	0
15960	0
15970	0
15980	0
15990	0
16000	0
16010	0
16020	0
16030	1
16040	1
16050	1
16060	0
16070	0
16080	0
16090	0
16100	0
16110	0
16120	1
16130	0
16140	1
16150	2
16160	2
16170	2
16180	0
16190	0
16200	1
16210	1
16220	2
16230	2
16240	0
16250	0
16260	1
16270	0
16280	0
16290	0
16300	1
16310	0
16320	3
16330	1
16340	1
16350	0
16360	0
16370	0
16380	1
16390	0
16400	0
16410	0
16420	0
16430	0
16440	2
16450	0
16460	1
16470	0
16480	0
16490	0
16500	0
16510	0
16520	1
16530	0
16540	2
16550	0
16560	1
16570	0
16580	2
16590	0
16600	1
16610	0
16620	1
16630	0
16640	0
16650	0
16660	1
16670	1
16680	1
16690	1
16700	0
16710	1
16720	0
16730	1
16740	0
16750	2
16760	1
16770	1
16780	0
16790	0
16800	1
16810	1
16820	0
16830	1
16840	1
16850	1
16860	0
16870	1
16880	1
16890	0
16900	0
16910	0
16920	2
16930	0
16940	0
16950	2
16960	0
16970	1
16980	0
16990	0
17000	0
17010	0
17020	0
17030	1
17040	0
17050	0
17060	0
17070	0
17080	0
17090	0
17100	1
17110	0
17120	1
17130	0
17140	1
17150	0
17160	1
17170	1
17180	0
17190	1
17200	1
17210	1
17220	1
17230	0
17240	0
17250	1
17260	0
17270	1
17280	1
17290	1
17300	0
17310	1
17320	1
17330	1
17340	0
17350	0
17360	0
17370	1
17380	1
17390	2
17400	0
17410	0
17420	2
17430	1
17440	0
17450	0
17460	0
17470	0
17480	1
17490	2
17500	0
17510	1
17520	1
17530	1
17540	1
17550	0
17560	0
17570	3
17580	0
17590	0
17600	1
17610	1
17620	0
17630	0
17640	1
17650	3
17660	0
17670	0
17680	0
17690	1
17700	0
17710	1
17720	1
17730	1
17740	0
17750	1
17760	2
17770	1
17780	0
17790	0
17800	3
17810	1
17820	0
17830	0
17840	2
17850	2
17860	3
17870	1
17880	0
17890	0
17900	1
17910	1
17920	2
17930	1
17940	2
17950	2
17960	2
17970	1
17980	1
17990	1
18000	0
18010	0
18020	1
18030	2
18040	1
18050	0
18060	1
18070	0
18080	0
18090	1
18100	0
18110	2
18120	4
18130	2
18140	1
18150	3
18160	0
18170	3
18180	0
18190	0
18200	0
18210	1
18220	1
18230	2
18240	0
18250	1
18260	1
18270	1
18280	1
18290	0
18300	3
18310	1
18320	1
18330	0
18340	1
18350	1
18360	2
18370	0
18380	1
18390	1
18400	4
18410	1
18420	3
18430	0
18440	0
18450	1
18460	2
18470	4
18480	2
18490	0
18500	1
18510	0
18520	1
18530	0
18540	0
18550	1
18560	1
18570	2
18580	2
18590	1
18600	0
18610	1
18620	2
18630	4
18640	2
18650	0
18660	5
18670	1
18680	2
18690	1
18700	0
18710	1
18720	3
18730	5
18740	2
18750	0
18760	1
18770	5
18780	3
18790	3
18800	4
18810	2
18820	1
18830	1
18840	0
18850	4
18860	2
18870	3
18880	5
18890	2
18900	0
18910	2
18920	4
18930	4
18940	1
18950	1
18960	3
18970	5
18980	0
18990	3
19000	1
19010	2
19020	1
19030	4
19040	5
19050	3
19060	0
19070	3
19080	3
19090	6
19100	3
19110	1
19120	2
19130	2
19140	7
19150	0
19160	2
19170	5
19180	3
19190	3
19200	5
19210	3
19220	4
19230	4
19240	2
19250	0
19260	2
19270	3
19280	3
19290	0
19300	3
19310	5
19320	3
19330	1
19340	5
19350	4
19360	2
19370	1
19380	4
19390	3
19400	1
19410	1
19420	9
19430	4
19440	5
19450	6
19460	1
19470	2
19480	3
19490	2
19500	8
19510	6
19520	4
19530	5
19540	1
19550	5
19560	3
19570	4
19580	5
19590	4
19600	6
19610	6
19620	5
19630	6
19640	3
19650	5
19660	5
19670	1
19680	4
19690	6
19700	4
19710	7
19720	2
19730	1
19740	6
19750	6
19760	3
19770	3
19780	4
19790	3
19800	4
19810	5
19820	7
19830	2
19840	4
19850	6
19860	7
19870	4
19880	4
19890	3
19900	2
19910	3
19920	6
19930	2
19940	7
19950	4
19960	5
19970	7
19980	7
19990	3
20000	1
20010	4
20020	6
20030	5
20040	4
20050	4
20060	1
20070	6
20080	1
20090	5
20100	4
20110	4
20120	5
20130	2
20140	7
20150	5
20160	3
20170	9
20180	6
20190	10
20200	7
20210	3
20220	3
20230	4
20240	5
20250	15
20260	5
20270	5
20280	10
20290	8
20300	4
20310	8
20320	6
20330	3
20340	6
20350	8
20360	4
20370	8
20380	7
20390	7
20400	5
20410	7
20420	7
20430	3
20440	8
20450	2
20460	5
20470	5
20480	5
20490	6
20500	6
20510	6
20520	14
20530	6
20540	5
20550	7
20560	4
20570	9
20580	4
20590	7
20600	4
20610	9
20620	9
20630	8
20640	5
20650	7
20660	7
20670	4
20680	13
20690	10
20700	3
20710	6
20720	8
20730	11
20740	6
20750	8
20760	6
20770	13
20780	6
20790	11
20800	14
20810	8
20820	7
20830	5
20840	7
20850	11
20860	7
20870	9
20880	6
20890	10
20900	10
20910	10
20920	7
20930	11
20940	8
20950	3
20960	12
20970	10
20980	10
20990	12
21000	6
21010	13
21020	8
21030	9
21040	9
21050	6
21060	6
21070	13
21080	4
21090	10
21100	10
21110	8
21120	8
21130	7
21140	15
21150	9
21160	15
21170	11
21180	9
21190	9
21200	11
21210	12
21220	8
21230	7
21240	9
21250	6
21260	11
21270	11
21280	8
21290	14
21300	12
21310	11
21320	11
21330	13
21340	9
21350	7
21360	11
21370	13
21380	7
21390	13
21400	8
21410	13
21420	12
21430	7
21440	8
21450	14
21460	13
21470	12
21480	10
21490	12
21500	9
21510	8
21520	20
21530	17
21540	11
21550	4
21560	11
21570	13
21580	12
21590	9
21600	16
21610	10
21620	15
21630	11
21640	18
21650	18
21660	18
21670	10
21680	19
21690	17
21700	16
21710	8
21720	17
21730	17
21740	20
21750	14
21760	14
21770	23
21780	17
21790	14
21800	18
21810	19
21820	19
21830	19
21840	19
21850	17
21860	15
21870	19
21880	18
21890	11
21900	11
21910	25
21920	15
21930	19
21940	23
21950	20
21960	24
21970	29
21980	28
21990	20
22000	17
22010	28
22020	30
22030	31
22040	24
22050	34
22060	26
22070	18
22080	25
22090	24
22100	28
22110	24
22120	19
22130	31
22140	25
22150	20
22160	30
22170	24
22180	18
22190	15
22200	30
22210	26
22220	24
22230	24
22240	27
22250	28
22260	19
22270	39
22280	32
22290	34
22300	38
22310	32
22320	44
22330	33
22340	32
22350	24
22360	27
22370	36
22380	45
22390	31
22400	35
22410	30
22420	38
22430	28
22440	35
22450	29
22460	46
22470	35
22480	46
22490	43
22500	25
22510	41
22520	32
22530	29
22540	40
22550	37
22560	32
22570	36
22580	34
22590	37
22600	41
22610	38
22620	44
22630	37
22640	40
22650	25
22660	45
22670	35
22680	42
22690	38
22700	49
22710	47
22720	38
22730	46
22740	59
22750	55
22760	51
22770	54
22780	45
22790	54
22800	43
22810	48
22820	48
22830	56
22840	62
22850	70
22860	70
22870	55
22880	60
22890	54
22900	63
22910	67
22920	64
22930	53
22940	62
22950	77
22960	73
22970	62
22980	70
22990	60
23000	75
23010	74
23020	60
23030	67
23040	50
23050	77
23060	64
23070	75
23080	89
23090	77
23100	88
23110	75
23120	67
23130	59
23140	70
23150	63
23160	89
23170	80
23180	85
23190	91
23200	94
23210	85
23220	87
23230	77
23240	87
23250	97
23260	81
23270	72
23280	97
23290	81
23300	81
23310	80
23320	86
23330	81
23340	91
23350	93
23360	91
23370	77
23380	63
23390	75
23400	85
23410	77
23420	86
23430	69
23440	97
23450	94
23460	89
23470	81
23480	92
23490	87
23500	85
23510	75
23520	84
23530	72
23540	72
23550	79
23560	84
23570	83
23580	87
23590	74
23600	69
23610	85
23620	104
23630	84
23640	75
23650	71
23660	84
23670	85
23680	89
23690	94
23700	107
23710	91
23720	72
23730	82
23740	84
23750	79
23760	65
23770	89
23780	86
23790	86
23800	94
23810	97
23820	110
23830	86
23840	93
23850	108
23860	105
23870	114
23880	93
23890	119
23900	113
23910	107
23920	86
23930	111
23940	116
23950	113
23960	133
23970	108
23980	120
23990	122
24000	117
24010	105
24020	96
24030	119
24040	132
24050	145
24060	140
24070	145
24080	110
24090	136
24100	138
24110	143
24120	138
24130	113
24140	133
24150	171
24160	127
24170	130
24180	123
24190	140
24200	150
24210	156
24220	155
24230	138
24240	160
24250	174
24260	140
24270	150
24280	150
24290	162
24300	173
24310	140
24320	168
24330	153
24340	175
24350	166
24360	156
24370	165
24380	162
24390	191
24400	165
24410	166
24420	165
24430	157
24440	167
24450	160
24460	214
24470	170
24480	178
24490	190
24500	162
24510	161
24520	180
24530	169
24540	158
24550	188
24560	171
24570	183
24580	181
24590	181
24600	192
24610	175
24620	191
24630	187
24640	197
24650	149
24660	185
24670	182
24680	163
24690	182
24700	207
24710	200
24720	175
24730	172
24740	172
24750	197
24760	169
24770	207
24780	165
24790	193
24800	186
24810	181
24820	162
24830	192
24840	181
24850	182
24860	209
24870	195
24880	231
24890	190
24900	181
24910	177
24920	178
24930	205
24940	200
24950	194
24960	196
24970	198
24980	180
24990	193
25000	205
25010	202
25020	224
25030	203
25040	188
25050	234
25060	213
25070	225
25080	218
25090	205
25100	208
25110	203
25120	244
25130	229
25140	229
25150	217
25160	228
25170	206
25180	224
25190	221
25200	229
25210	248
25220	229
25230	209
25240	235
25250	220
25260	228
25270	242
25280	213
25290	247
25300	207
25310	227
25320	222
25330	217
25340	232
25350	239
25360	263
25370	259
25380	264
25390	238
25400	219
25410	228
25420	243
25430	249
25440	236
25450	239
25460	236
25470	225
25480	232
25490	255
25500	247
25510	215
25520	243
25530	256
25540	257
25550	254
25560	238
25570	230
25580	245
25590	245
25600	261
25610	257
25620	247
25630	241
25640	211
25650	284
25660	241
25670	244
25680	241
25690	243
25700	234
25710	222
25720	225
25730	280
25740	228
25750	245
25760	243
25770	227
25780	236
25790	232
25800	271
25810	246
25820	231
25830	270
25840	253
25850	229
25860	243
25870	247
25880	279
25890	246
25900	242
25910	247
25920	276
25930	272
25940	286
25950	250
25960	264
25970	281
25980	267
25990	277
26000	245
26010	238
26020	232
26030	274
26040	262
26050	294
26060	246
26070	227
26080	261
26090	262
26100	284
26110	281
26120	291
26130	270
26140	291
26150	248
26160	267
26170	308
26180	279
26190	254
26200	298
26210	309
26220	291
26230	318
26240	299
26250	301
26260	283
26270	291
26280	319
26290	287
26300	284
26310	318
26320	287
26330	296
26340	269
26350	295
26360	295
26370	318
26380	310
26390	294
26400	318
26410	305
26420	321
26430	334
26440	289
26450	268
26460	309
26470	293
26480	294
26490	320
26500	291
26510	287
26520	304
26530	295
26540	285
26550	299
26560	308
26570	320
26580	278
26590	296
26600	283
26610	296
26620	309
26630	313
26640	299
26650	307
26660	298
26670	326
26680	283
26690	289
26700	305
26710	298
26720	292
26730	282
26740	283
26750	273
26760	273
26770	307
26780	276
26790	308
26800	282
26810	307
26820	310
26830	306
26840	314
26850	275
26860	292
26870	306
26880	300
26890	300
26900	309
26910	281
26920	299
26930	304
26940	296
26950	281
26960	274
26970	279
26980	263
26990	302
27000	304
27010	275
27020	313
27030	269
27040	309
27050	281
27060	294
27070	286
27080	332
27090	284
27100	307
27110	308
27120	287
27130	300
27140	292
27150	304
27160	322
27170	303
27180	325
27190	310
27200	322
27210	288
27220	305
27230	284
27240	290
27250	326
27260	307
27270	306
27280	285
27290	321
27300	303
27310	291
27320	308
27330	321
27340	311
27350	301
27360	323
27370	299
27380	325
27390	363
27400	314
27410	305
27420	315
27430	279
27440	327
27450	333
27460	294
27470	333
27480	313
27490	308
27500	327
27510	334
27520	325
27530	332
27540	303
27550	318
27560	343
27570	305
27580	344
27590	311
27600	323
27610	308
27620	319
27630	368
27640	321
27650	335
27660	337
27670	310
27680	326
27690	326
27700	310
27710	285
27720	326
27730	320
27740	319
27750	302
27760	327
27770	301
27780	326
27790	320
27800	314
27810	311
27820	301
27830	295
27840	308
27850	317
27860	340
27870	334
27880	303
27890	349
27900	295
27910	330
27920	305
27930	326
27940	287
27950	301
27960	340
27970	320
27980	295
27990	299
28000	293
28010	314
28020	344
28030	317
28040	306
28050	306
28060	263
28070	295
28080	322
28090	302
28100	298
28110	322
28120	300
28130	285
28140	328
28150	334
28160	271
28170	320
28180	319
28190	305
28200	311
28210	305
28220	296
28230	295
28240	307
28250	349
28260	285
28270	302
28280	326
28290	339
28300	317
28310	322
28320	314
28330	264
28340	316
28350	328
28360	336
28370	327
28380	342
28390	310
28400	326
28410	293
28420	287
28430	291
28440	299
28450	335
28460	304
28470	323
28480	310
28490	307
28500	303
28510	306
28520	333
28530	290
28540	279
28550	302
28560	297
28570	340
28580	323
28590	332
28600	303
28610	304
28620	315
28630	309
28640	365
28650	319
28660	318
28670	327
28680	338
28690	340
28700	315
28710	326
28720	313
28730	347
28740	328
28750	315
28760	311
28770	339
28780	375
28790	319
28800	330
28810	316
28820	328
28830	340
28840	322
28850	303
28860	318
28870	311
28880	355
28890	339
28900	315
28910	292
28920	327
28930	333
28940	283
28950	337
28960	327
28970	328
28980	324
28990	346
29000	298
29010	338
29020	339
29030	340
29040	309
29050	274
29060	316
29070	327
29080	310
29090	301
29100	304
29110	308
29120	300
29130	348
29140	289
29150	315
29160	313
29170	329
29180	316
29190	322
29200	325
29210	321
29220	305
29230	300
29240	308
29250	324
29260	308
29270	297
29280	291
29290	275
29300	265
29310	308
29320	290
29330	318
29340	281
29350	295
29360	292
29370	267
29380	279
29390	302
29400	317
29410	300
29420	290
29430	294
29440	295
29450	290
29460	290
29470	298
29480	301
29490	318
29500	316
29510	294
29520	315
29530	317
29540	277
29550	315
29560	299
29570	287
29580	312
29590	305
29600	298
29610	306
29620	345
29630	311
29640	288
29650	297
29660	323
29670	308
29680	279
29690	295
29700	303
29710	293
29720	328
29730	301
29740	314
29750	337
29760	342
29770	365
29780	328
29790	333
29800	292
29810	312
29820	312
29830	331
29840	363
29850	318
29860	333
29870	341
29880	350
29890	312
29900	342
29910	361
29920	324
29930	345
29940	326
29950	331
29960	320
29970	361
29980	301
29990	368
30000	297
30010	342
30020	334
30030	311
30040	387
30050	352
30060	311
30070	328
30080	319
30090	322
30100	324
30110	359
30120	351
30130	334
30140	329
30150	367
30160	350
30170	320
30180	308
30190	319
30200	319
30210	319
30220	318
30230	311
30240	299
30250	337
30260	305
30270	324
30280	319
30290	325
30300	318
30310	316
30320	297
30330	314
30340	310
30350	307
30360	312
30370	322
30380	306
30390	285
30400	310
30410	290
30420	305
30430	287
30440	282
30450	301
30460	302
30470	316
30480	278
30490	311
30500	322
30510	313
30520	274
30530	314
30540	294
30550	288
30560	298
30570	269
30580	325
30590	270
30600	274
30610	290
30620	278
30630	293
30640	286
30650	281
30660	254
30670	250
30680	298
30690	290
30700	282
30710	314
30720	296
30730	303
30740	302
30750	287
30760	294
30770	291
30780	297
30790	313
30800	263
30810	302
30820	305
30830	281
30840	290
30850	260
30860	278
30870	320
30880	284
30890	296
30900	293
30910	285
30920	293
30930	286
30940	316
30950	295
30960	306
30970	297
30980	317
30990	295
31000	325
31010	314
31020	303
31030	315
31040	334
31050	307
31060	292
31070	347
31080	311
31090	347
31100	298
31110	310
31120	355
31130	323
31140	328
31150	329
31160	338
31170	318
31180	352
31190	310
31200	315
31210	320
31220	374
31230	323
31240	346
31250	319
31260	316
31270	305
31280	285
31290	342
31300	330
31310	332
31320	341
31330	318
31340	340
31350	330
31360	309
31370	339
31380	338
31390	333
31400	312
31410	311
31420	320
31430	304
31440	312
31450	354
31460	317
31470	295
31480	315
31490	311
31500	320
31510	332
31520	337
31530	326
31540	311
31550	308
31560	309
31570	295
31580	299
31590	297
31600	281
31610	291
31620	291
31630	287
31640	316
31650	337
31660	331
31670	281
31680	328
31690	321
31700	300
31710	311
31720	306
31730	255
31740	287
31750	320
31760	279
31770	247
31780	280
31790	324
31800	288
31810	281
31820	274
31830	285
31840	317
31850	291
31860	289
31870	277
31880	302
31890	287
31900	264
31910	290
31920	294
31930	267
31940	262
31950	279
31960	284
31970	293
31980	264
31990	301
32000	278
32010	271
32020	266
32030	304
32040	305
32050	315
32060	294
32070	283
32080	299
32090	282
32100	295
32110	280
32120	290
32130	284
32140	313
32150	278
32160	327
32170	293
32180	294
32190	295
32200	302
32210	334
32220	282
32230	327
32240	292
32250	287
32260	299
32270	309
32280	311
32290	304
32300	308
32310	295
32320	327
32330	325
32340	329
32350	313
32360	332
32370	320
32380	269
32390	298
32400	295
32410	299
32420	328
32430	291
32440	307
32450	313
32460	328
32470	318
32480	342
32490	327
32500	315
32510	288
32520	324
32530	324
32540	310
32550	304
32560	321
32570	316
32580	328
32590	306
32600	288
32610	327
32620	305
32630	312
32640	327
32650	342
32660	288
32670	320
32680	300
32690	321
32700	282
32710	290
32720	308
32730	312
32740	330
32750	317
32760	328
32770	302
32780	274
32790	295
32800	307
32810	334
32820	333
32830	309
32840	300
32850	297
32860	293
32870	300
32880	299
32890	281
32900	299
32910	294
32920	289
32930	287
32940	340
32950	294
32960	300
32970	306
32980	296
32990	301
33000	293
33010	307
33020	300
33030	286
33040	279
33050	320
33060	293
33070	277
33080	295
33090	277
33100	279
33110	286
33120	284
33130	306
33140	289
33150	285
33160	299
33170	304
33180	328
33190	295
33200	329
33210	285
33220	269
33230	294
33240	279
33250	297
33260	310
33270	306
33280	302
33290	298
33300	295
33310	307
33320	295
33330	300
33340	268
33350	283
33360	285
33370	314
33380	293
33390	320
33400	324
33410	288
33420	291
33430	296
33440	295
33450	309
33460	288
33470	322
33480	321
33490	282
33500	315
33510	327
33520	318
33530	291
33540	299
33550	304
33560	328
33570	296
33580	280
33590	297
33600	323
33610	318
33620	292
33630	274
33640	301
33650	304
33660	295
33670	284
33680	275
33690	308
33700	326
33710	300
33720	277
33730	326
33740	313
33750	301
33760	299
33770	299
33780	330
33790	294
33800	320
33810	326
33820	301
33830	294
33840	294
33850	309
33860	299
33870	346
33880	289
33890	317
33900	316
33910	271
33920	330
33930	324
33940	315
33950	290
33960	306
33970	300
33980	320
33990	322
34000	302
34010	311
34020	319
34030	331
34040	303
34050	295
34060	299
34070	302
34080	296
34090	318
34100	272
34110	322
34120	285
34130	306
34140	303
34150	293
34160	274
34170	291
34180	328
34190	310
34200	302
34210	322
34220	269
34230	315
34240	293
34250	285
34260	271
34270	286
34280	263
34290	330
34300	304
34310	267
34320	271
34330	298
34340	283
34350	285
34360	271
34370	291
34380	309
34390	281
34400	271
34410	289
34420	275
34430	294
34440	277
34450	283
34460	276
34470	298
34480	267
34490	293
34500	283
34510	284
34520	289
34530	293
34540	318
34550	287
34560	287
34570	310
34580	293
34590	306
34600	369
34610	320
34620	281
34630	322
34640	293
34650	314
34660	293
34670	312
34680	298
34690	324
34700	304
34710	267
34720	296
34730	295
34740	281
34750	286
34760	314
34770	304
34780	281
34790	282
34800	289
34810	318
34820	287
34830	293
34840	294
34850	290
34860	310
34870	289
34880	269
34890	302
34900	284
34910	314
34920	291
34930	265
34940	287
34950	301
34960	291
34970	272
34980	270
34990	298
35000	280
35010	313
35020	283
35030	319
35040	262
35050	267
35060	276
35070	285
35080	292
35090	282
35100	279
35110	307
35120	324
35130	288
35140	295
35150	294
35160	276
35170	291
35180	275
35190	295
35200	273
35210	296
35220	283
35230	304
35240	277
35250	306
35260	278
35270	301
35280	291
35290	297
35300	317
35310	283
35320	302
35330	304
35340	295
35350	305
35360	281
35370	302
35380	301
35390	310
35400	289
35410	299
35420	283
35430	299
35440	265
35450	319
35460	291
35470	284
35480	292
35490	292
35500	292
35510	290
35520	295
35530	282
35540	271
35550	335
35560	299
35570	324
35580	322
35590	253
35600	295
35610	289
35620	282
35630	299
35640	316
35650	278
35660	274
35670	276
35680	310
35690	303
35700	313
35710	276
35720	281
35730	290
35740	322
35750	286
35760	296
35770	295
35780	287
35790	333
35800	299
35810	290
35820	290
35830	306
35840	299
35850	285
35860	308
35870	286
35880	294
35890	296
35900	283
35910	283
35920	303
35930	297
35940	292
35950	298
35960	305
35970	316
35980	294
35990	298
36000	270
36010	289
36020	329
36030	299
36040	314
36050	275
36060	265
36070	309
36080	278
36090	290
36100	301
36110	312
36120	305
36130	287
36140	286
36150	283
36160	338
36170	286
36180	297
36190	262
36200	311
36210	305
36220	283
36230	312
36240	300
36250	289
36260	309
36270	293
36280	288
36290	284
36300	293
36310	328
36320	273
36330	315
36340	307
36350	309
36360	281
36370	286
36380	332
36390	287
36400	279
36410	261
36420	302
36430	299
36440	315
36450	272
36460	290
36470	297
36480	275
36490	295
36500	314
36510	323
36520	281
36530	270
36540	282
36550	341
36560	322
36570	294
36580	296
36590	293
36600	239
36610	321
36620	286
36630	295
36640	270
36650	278
36660	270
36670	306
36680	268
36690	284
36700	307
36710	313
36720	312
36730	294
36740	288
36750	288
36760	297
36770	295
36780	337
36790	319
36800	306
36810	248
36820	296
36830	287
36840	297
36850	302
36860	264
36870	302
36880	325
36890	293
36900	303
36910	315
36920	329
36930	314
36940	315
36950	318
36960	284
36970	292
36980	297
36990	291
37000	298
37010	300
37020	268
37030	291
37040	294
37050	292
37060	309
37070	282
37080	319
37090	304
37100	318
37110	308
37120	311
37130	314
37140	313
37150	294
37160	304
37170	283
37180	296
37190	310
37200	264
37210	283
37220	313
37230	274
37240	301
37250	312
37260	288
37270	299
37280	297
37290	332
37300	296
37310	338
37320	279
37330	290
37340	302
37350	281
37360	262
37370	279
37380	320
37390	313
37400	287
37410	287
37420	259
37430	270
37440	325
37450	296
37460	302
37470	273
37480	297
37490	306
37500	291
37510	290
37520	307
37530	277
37540	254
37550	290
37560	307
37570	290
37580	302
37590	301
37600	323
37610	280
37620	284
37630	299
37640	280
37650	269
37660	319
37670	293
37680	277
37690	326
37700	282
37710	304
37720	284
37730	334
37740	268
37750	306
37760	277
37770	286
37780	314
37790	294
37800	292
37810	284
37820	320
37830	288
37840	297
37850	299
37860	291
37870	304
37880	314
37890	323
37900	285
37910	295
37920	280
37930	258
37940	283
37950	287
37960	289
37970	310
37980	308
37990	297
38000	328
38010	263
38020	316
38030	292
38040	293
38050	306
38060	285
38070	273
38080	310
38090	300
38100	300
38110	284
38120	303
38130	292
38140	276
38150	295
38160	307
38170	280
38180	315
38190	309
38200	303
38210	303
38220	286
38230	266
38240	330
38250	285
38260	310
38270	320
38280	297
38290	293
38300	279
38310	296
38320	271
38330	316
38340	277
38350	310
38360	276
38370	282
38380	303
38390	319
38400	268
38410	286
38420	298
38430	268
38440	295
38450	326
38460	264
38470	314
38480	301
38490	308
38500	255
38510	277
38520	320
38530	311
38540	255
38550	288
38560	275
38570	270
38580	265
38590	305
38600	294
38610	264
38620	327
38630	267
38640	319
38650	311
38660	282
38670	264
38680	284
38690	280
38700	296
38710	286
38720	260
38730	292
38740	244
38750	280
38760	289
38770	278
38780	297
38790	281
38800	306
38810	302
38820	264
38830	300
38840	250
38850	255
38860	307
38870	295
38880	274
38890	294
38900	282
38910	281
38920	321
38930	325
38940	297
38950	290
38960	295
38970	294
38980	275
38990	260
39000	299
39010	275
39020	313
39030	294
39040	306
39050	256
39060	319
39070	273
39080	313
39090	271
39100	313
39110	300
39120	284
39130	309
39140	306
39150	280
39160	300
39170	319
39180	282
39190	306
39200	289
39210	288
39220	266
39230	306
39240	301
39250	311
39260	275
39270	293
39280	281
39290	315
39300	298
39310	297
39320	302
39330	299
39340	301
39350	282
39360	283
39370	265
39380	286
39390	289
39400	293
39410	293
39420	312
39430	281
39440	285
39450	285
39460	295
39470	299
39480	298
39490	299
39500	246
39510	309
39520	279
39530	289
39540	289
39550	292
39560	288
39570	294
39580	264
39590	262
39600	298
39610	289
39620	311
39630	282
39640	290
39650	315
39660	288
39670	313
39680	275
39690	283
39700	326
39710	303
39720	283
39730	288
39740	294
39750	287
39760	301
39770	316
39780	277
39790	260
39800	280
39810	303
39820	285
39830	293
39840	303
39850	284
39860	283
39870	286
39880	294
39890	304
39900	291
39910	276
39920	299
39930	267
39940	275
39950	291
39960	264
39970	279
39980	280
39990	300
40000	288
40010	306
40020	298
40030	270
40040	283
40050	239
40060	299
40070	280
40080	290
40090	305
40100	317
40110	288
40120	282
40130	264
40140	287
40150	274
40160	304
40170	288
40180	311
40190	290
40200	318
40210	315
40220	287
40230	287
40240	284
40250	266
40260	282
40270	304
40280	260
40290	294
40300	321
40310	272
40320	277
40330	281
40340	259
40350	295
40360	312
40370	270
40380	304
40390	283
40400	277
40410	287
40420	279
40430	260
40440	303
40450	297
40460	299
40470	296
40480	288
40490	278
40500	298
40510	286
40520	271
40530	295
40540	279
40550	298
40560	281
40570	283
40580	283
40590	271
40600	284
40610	272
40620	288
40630	274
40640	278
40650	266
40660	283
40670	292
40680	290
40690	303
40700	326
40710	294
40720	337
40730	291
40740	277
40750	281
40760	279
40770	278
40780	294
40790	287
40800	301
40810	290
40820	284
40830	269
40840	282
40850	279
40860	314
40870	309
40880	309
40890	298
40900	314
40910	318
40920	284
40930	271
40940	277
40950	310
40960	266
40970	301
40980	282
40990	296
41000	276
41010	253
41020	283
41030	312
41040	262
41050	283
41060	322
41070	302
41080	264
41090	305
41100	258
41110	282
41120	285
41130	303
41140	289
41150	283
41160	275
41170	304
41180	278
41190	306
41200	316
41210	310
41220	298
41230	315
41240	306
41250	279
41260	278
41270	304
41280	306
41290	287
41300	281
41310	308
41320	300
41330	273
41340	298
41350	276
41360	261
41370	286
41380	285
41390	310
41400	264
41410	299
41420	277
41430	280
41440	267
41450	265
41460	314
41470	268
41480	313
41490	289
41500	295
41510	286
41520	290
41530	267
41540	314
41550	260
41560	297
41570	264
41580	278
41590	294
41600	268
41610	315
41620	298
41630	274
41640	285
41650	325
41660	284
41670	293
41680	292
41690	296
41700	311
41710	294
41720	307
41730	328
41740	282
41750	275
41760	290
41770	277
41780	308
41790	298
41800	262
41810	297
41820	349
41830	277
41840	293
41850	306
41860	282
41870	265
41880	291
41890	285
41900	300
41910	301
41920	295
41930	274
41940	296
41950	262
41960	300
41970	305
41980	278
41990	271
42000	323
42010	266
42020	236
42030	268
42040	277
42050	298
42060	294
42070	293
42080	271
42090	261
42100	335
42110	289
42120	320
42130	240
42140	307
42150	291
42160	293
42170	258
42180	275
42190	282
42200	288
42210	310
42220	285
42230	293
42240	304
42250	264
42260	289
42270	284
42280	249
42290	310
42300	287
42310	290
42320	295
42330	285
42340	304
42350	247
42360	276
42370	284
42380	278
42390	276
42400	305
42410	242
42420	305
42430	314
42440	279
42450	309
42460	298
42470	291
42480	295
42490	298
42500	300
42510	281
42520	297
42530	283
42540	302
42550	291
42560	305
42570	325
42580	280
42590	283
42600	275
42610	281
42620	278
42630	273
42640	306
42650	307
42660	278
42670	268
42680	289
42690	291
42700	261
42710	265
42720	301
42730	301
42740	278
42750	294
42760	274
42770	275
42780	283
42790	305
42800	264
42810	304
42820	273
42830	288
42840	293
42850	296
42860	291
42870	255
42880	278
42890	303
42900	275
42910	292
42920	286
42930	284
42940	321
42950	286
42960	295
42970	280
42980	267
42990	251
43000	269
43010	264
43020	284
43030	314
43040	296
43050	309
43060	293
43070	279
43080	265
43090	278
43100	268
43110	283
43120	290
43130	313
43140	270
43150	319
43160	287
43170	292
43180	310
43190	279
43200	250
43210	286
43220	282
43230	273
43240	302
43250	286
43260	308
43270	278
43280	293
43290	266
43300	289
43310	303
43320	322
43330	286
43340	277
43350	245
43360	316
43370	307
43380	297
43390	265
43400	294
43410	276
43420	335
43430	323
43440	299
43450	302
43460	301
43470	308
43480	266
43490	286
43500	306
43510	293
43520	279
43530	320
43540	275
43550	284
43560	301
43570	329
43580	328
43590	261
43600	276
43610	286
43620	279
43630	263
43640	315
43650	294
43660	310
43670	311
43680	312
43690	300
43700	297
43710	293
43720	290
43730	281
43740	278
43750	320
43760	275
43770	302
43780	251
43790	284
43800	298
43810	273
43820	296
43830	275
43840	266
43850	274
43860	270
43870	284
43880	280
43890	271
43900	254
43910	251
43920	296
43930	259
43940	272
43950	310
43960	306
43970	277
43980	294
43990	296
44000	295
44010	251
44020	294
44030	308
44040	291
44050	306
44060	283
44070	286
44080	284
44090	268
44100	271
44110	301
44120	246
44130	287
44140	267
44150	295
44160	288
44170	280
44180	310
44190	256
44200	286
44210	274
44220	266
44230	295
44240	293
44250	281
44260	271
44270	294
44280	318
44290	300
44300	291
44310	318
44320	298
44330	292
44340	273
44350	271
44360	307
44370	277
44380	300
44390	273
44400	275
44410	273
44420	282
44430	313
44440	289
44450	280
44460	297
44470	256
44480	283
44490	269
44500	288
44510	266
44520	274
44530	290
44540	272
44550	300
44560	267
44570	299
44580	272
44590	303
44600	277
44610	282
44620	313
44630	304
44640	280
44650	279
44660	258
44670	270
44680	289
44690	281
44700	276
44710	291
44720	284
44730	279
44740	285
44750	280
44760	268
44770	252
44780	275
44790	306
44800	305
44810	311
44820	303
44830	278
44840	286
44850	310
44860	270
44870	297
44880	269
44890	325
44900	298
44910	278
44920	278
44930	281
44940	303
44950	296
44960	271
44970	268
44980	290
44990	317
45000	305
45010	272
45020	279
45030	306
45040	281
45050	304
45060	289
45070	292
45080	292
45090	321
45100	314
45110	305
45120	300
45130	278
45140	296
45150	311
45160	298
45170	268
45180	276
45190	260
45200	251
45210	286
45220	289
45230	297
45240	286
45250	305
45260	277
45270	269
45280	254
45290	299
45300	268
45310	307
45320	293
45330	270
45340	298
45350	310
45360	330
45370	294
45380	291
45390	282
45400	291
45410	311
45420	299
45430	262
45440	301
45450	302
45460	264
45470	297
45480	281
45490	319
45500	272
45510	298
45520	288
45530	294
45540	326
45550	297
45560	303
45570	278
45580	261
45590	261
45600	280
45610	280
45620	298
45630	303
45640	284
45650	300
45660	276
45670	266
45680	273
45690	270
45700	271
45710	294
45720	291
45730	280
45740	228
45750	271
45760	282
45770	287
45780	323
45790	266
45800	299
45810	300
45820	302
45830	291
45840	305
45850	267
45860	299
45870	276
45880	254
45890	302
45900	267
45910	288
45920	273
45930	292
45940	299
45950	264
45960	280
45970	263
45980	271
45990	291
46000	295
46010	304
46020	274
46030	299
46040	305
46050	279
46060	290
46070	288
46080	298
46090	290
46100	290
46110	275
46120	297
46130	278
46140	310
46150	310
46160	274
46170	267
46180	272
46190	289
46200	283
46210	312
46220	265
46230	281
46240	274
46250	291
46260	320
46270	283
46280	280
46290	267
46300	253
46310	287
46320	294
46330	279
46340	316
46350	296
46360	303
46370	278
46380	297
46390	274
46400	347
46410	284
46420	295
46430	278
46440	307
46450	291
46460	281
46470	284
46480	280
46490	294
46500	280
46510	272
46520	303
46530	302
46540	268
46550	272
46560	301
46570	296
46580	261
46590	292
46600	304
46610	275
46620	257
46630	287
46640	297
46650	314
46660	282
46670	270
46680	277
46690	300
46700	268
46710	292
46720	288
46730	271
46740	280
46750	291
46760	315
46770	271
46780	301
46790	294
46800	276
46810	293
46820	258
46830	284
46840	283
46850	283
46860	301
46870	288
46880	288
46890	289
46900	278
46910	272
46920	287
46930	322
46940	249
46950	290
46960	312
46970	276
46980	303
46990	304
47000	283
47010	278
47020	312
47030	274
47040	277
47050	286
47060	300
47070	262
47080	289
47090	298
47100	280
47110	304
47120	269
47130	297
47140	278
47150	300
47160	303
47170	298
47180	262
47190	292
47200	315
47210	283
47220	278
47230	250
47240	290
47250	285
47260	316
47270	285
47280	322
47290	268
47300	276
47310	257
47320	267
47330	297
47340	290
47350	295
47360	291
47370	265
47380	286
47390	309
47400	307
47410	303
47420	284
47430	280
47440	251
47450	278
47460	290
47470	277
47480	316
47490	279
47500	305
47510	321
47520	312
47530	270
47540	266
47550	280
47560	297
47570	286
47580	269
47590	298
47600	304
47610	275
47620	276
47630	285
47640	289
47650	324
47660	280
47670	289
47680	290
47690	305
47700	287
47710	305
47720	303
47730	297
47740	294
47750	285
47760	314
47770	292
47780	287
47790	266
47800	276
47810	283
47820	275
47830	286
47840	284
47850	291
47860	270
47870	276
47880	277
47890	294
47900	298
47910	272
47920	276
47930	292
47940	298
47950	262
47960	279
47970	283
47980	308
47990	305
48000	304
48010	264
48020	276
48030	310
48040	294
48050	304
48060	283
48070	287
48080	264
48090	283
48100	294
48110	285
48120	277
48130	283
48140	279
48150	269
48160	262
48170	277
48180	283
48190	259
48200	264
48210	292
48220	287
48230	294
48240	263
48250	287
48260	258
48270	254
48280	285
48290	303
48300	286
48310	302
48320	281
48330	295
48340	304
48350	268
48360	287
48370	315
48380	291
48390	281
48400	260
48410	316
48420	297
48430	308
48440	308
48450	269
48460	259
48470	274
48480	272
48490	287
48500	278
48510	293
48520	304
48530	295
48540	283
48550	305
48560	284
48570	277
48580	294
48590	292
48600	278
48610	276
48620	290
48630	277
48640	300
48650	291
48660	286
48670	276
48680	298
48690	287
48700	271
48710	269
48720	284
48730	304
48740	268
48750	294
48760	283
48770	302
48780	273
48790	282
48800	276
48810	289
48820	302
48830	266
48840	266
48850	298
48860	276
48870	277
48880	276
48890	276
48900	306
48910	282
48920	276
48930	284
48940	288
48950	305
48960	305
48970	304
48980	282
48990	312
49000	326
49010	274
49020	289
49030	288
49040	289
49050	302
49060	279
49070	313
49080	270
49090	297
49100	272
49110	299
49120	274
49130	288
49140	267
49150	279
49160	305
49170	301
49180	284
49190	317
49200	307
49210	283
49220	276
49230	317
49240	285
49250	284
49260	263
49270	315
49280	286
49290	291
49300	274
49310	290
49320	294
49330	294
49340	291
49350	287
49360	297
49370	284
49380	282
49390	286
49400	276
49410	313
49420	283
49430	266
49440	304
49450	299
49460	279
49470	262
49480	260
49490	279
49500	296
49510	238
49520	286
49530	319
49540	285
49550	274
49560	278
49570	301
49580	284
49590	307
49600	296
49610	288
49620	294
49630	272
49640	309
49650	269
49660	278
49670	304
49680	283
49690	284
49700	287
49710	302
49720	307
49730	275
49740	303
49750	265
49760	274
49770	288
49780	279
49790	292
49800	301
49810	274
49820	270
49830	312
49840	254
49850	322
49860	306
49870	285
49880	291
49890	285
49900	276
49910	258
49920	305
49930	304
49940	277
49950	287
49960	292
49970	281
49980	324
49990	304
50000	283
50010	289
50020	266
50030	280
50040	286
50050	300
50060	289
50070	269
50080	300
50090	288
50100	249
50110	293
50120	289
50130	280
50140	281
50150	275
50160	271
50170	285
50180	278
50190	288
50200	299
50210	280
50220	287
50230	289
50240	246
50250	286
50260	286
50270	323
50280	290
50290	280
50300	244
50310	302
50320	294
50330	267
50340	295
50350	248
50360	279
50370	289
50380	283
50390	274
50400	279
50410	288
50420	276
50430	289
50440	312
50450	288
50460	258
50470	297
50480	259
50490	280
50500	283
50510	307
50520	293
50530	277
50540	278
50550	303
50560	284
50570	273
50580	293
50590	262
50600	244
50610	282
50620	280
50630	287
50640	302
50650	289
50660	273
50670	263
50680	286
50690	296
50700	261
50710	317
50720	291
50730	282
50740	297
50750	271
50760	324
50770	296
50780	313
50790	285
50800	272
50810	294
50820	286
50830	293
50840	275
50850	290
50860	286
50870	297
50880	288
50890	271
50900	275
50910	275
50920	279
50930	275
50940	298
50950	283
50960	269
50970	268
50980	315
50990	283
51000	284
51010	268
51020	255
51030	269
51040	293
51050	292
51060	288
51070	270
51080	302
51090	286
51100	300
51110	266
51120	294
51130	292
51140	275
51150	295
51160	264
51170	273
51180	329
51190	274
51200	286
51210	252
51220	279
51230	273
51240	270
51250	289
51260	295
51270	293
51280	304
51290	293
51300	300
51310	259
51320	308
51330	299
51340	274
51350	317
51360	294
51370	273
51380	303
51390	278
51400	262
51410	286
51420	279
51430	293
51440	307
51450	301
51460	257
51470	282
51480	300
51490	293
51500	280
51510	236
51520	278
51530	291
51540	311
51550	292
51560	293
51570	268
51580	246
51590	268
51600	273
51610	258
51620	269
51630	277
51640	297
51650	289
51660	264
51670	284
51680	293
51690	282
51700	281
51710	251
51720	286
51730	291
51740	276
51750	298
51760	299
51770	296
51780	292
51790	276
51800	272
51810	279
51820	266
51830	279
51840	267
51850	289
51860	290
51870	295
51880	276
51890	311
51900	263
51910	294
51920	296
51930	283
51940	290
51950	320
51960	275
51970	269
51980	269
51990	280
52000	270
52010	292
52020	289
52030	251
52040	255
52050	305
52060	287
52070	266
52080	301
52090	285
52100	279
52110	287
52120	265
52130	272
52140	285
52150	281
52160	306
52170	301
52180	300
52190	294
52200	300
52210	296
52220	244
52230	263
52240	288
52250	301
52260	262
52270	259
52280	287
52290	276
52300	264
52310	285
52320	270
52330	303
52340	266
52350	305
52360	332
52370	308
52380	301
52390	263
52400	262
52410	279
52420	288
52430	279
52440	299
52450	283
52460	273
52470	281
52480	302
52490	287
52500	279
52510	290
52520	293
52530	284
52540	279
52550	280
52560	286
52570	269
52580	282
52590	308
52600	271
52610	266
52620	292
52630	308
52640	274
52650	273
52660	287
52670	290
52680	270
52690	279
52700	283
52710	306
52720	285
52730	302
52740	297
52750	285
52760	285
52770	265
52780	283
52790	269
52800	295
52810	298
52820	299
52830	303
52840	296
52850	312
52860	311
52870	270
52880	302
52890	272
52900	298
52910	275
52920	293
52930	305
52940	277
52950	267
52960	278
52970	277
52980	293
52990	309
53000	300
53010	296
53020	277
53030	309
53040	305
53050	297
53060	310
53070	277
53080	305
53090	301
53100	292
53110	265
53120	288
53130	327
53140	270
53150	273
53160	235
53170	300
53180	297
53190	270
53200	308
53210	303
53220	301
53230	286
53240	301
53250	287
53260	269
53270	278
53280	300
53290	323
53300	257
53310	294
53320	294
53330	285
53340	278
53350	301
53360	294
53370	315
53380	271
53390	282
53400	287
53410	323
53420	256
53430	295
53440	285
53450	279
53460	255
53470	311
53480	278
53490	281
53500	258
53510	275
53520	283
53530	302
53540	316
53550	307
53560	306
53570	285
53580	306
53590	324
53600	298
53610	279
53620	288
53630	275
53640	304
53650	295
53660	256
53670	319
53680	291
53690	289
53700	294
53710	318
53720	322
53730	279
53740	274
53750	280
53760	262
53770	293
53780	297
53790	289
53800	254
53810	302
53820	279
53830	238
53840	287
53850	300
53860	305
53870	278
53880	284
53890	286
53900	289
53910	274
53920	281
53930	276
53940	298
53950	278
53960	296
53970	293
53980	265
53990	296
54000	296
54010	284
54020	291
54030	271
54040	267
54050	288
54060	276
54070	273
54080	276
54090	291
54100	304
54110	292
54120	279
54130	309
54140	285
54150	311
54160	327
54170	287
54180	280
54190	280
54200	283
54210	285
54220	313
54230	298
54240	298
54250	254
54260	278
54270	285
54280	280
54290	275
54300	300
54310	265
54320	286
54330	277
54340	293
54350	291
54360	271
54370	311
54380	295
54390	295
54400	281
54410	264
54420	310
54430	279
54440	267
54450	285
54460	295
54470	293
54480	276
54490	293
54500	268
54510	291
54520	291
54530	304
54540	270
54550	291
54560	266
54570	329
54580	303
54590	283
54600	286
54610	280
54620	305
54630	276
54640	278
54650	295
54660	274
54670	287
54680	288
54690	301
54700	302
54710	301
54720	289
54730	300
54740	294
54750	289
54760	301
54770	277
54780	315
54790	278
54800	279
54810	312
54820	276
54830	273
54840	289
54850	292
54860	293
54870	264
54880	279
54890	286
54900	271
54910	275
54920	263
54930	259
54940	291
54950	273
54960	315
54970	281
54980	259
54990	301
55000	280
55010	312
55020	295
55030	298
55040	256
55050	295
55060	271
55070	292
55080	301
55090	274
55100	280
55110	326
55120	295
55130	263
55140	284
55150	260
55160	283
55170	300
55180	253
55190	302
55200	294
55210	254
55220	268
55230	273
55240	282
55250	273
55260	300
55270	284
55280	300
55290	255
55300	280
55310	295
55320	303
55330	279
55340	266
55350	255
55360	329
55370	283
55380	296
55390	295
55400	263
55410	304
55420	267
55430	280
55440	291
55450	294
55460	275
55470	269
55480	299
55490	292
55500	285
55510	270
55520	274
55530	275
55540	289
55550	273
55560	270
55570	299
55580	263
55590	296
55600	300
55610	292
55620	283
55630	299
55640	288
55650	271
55660	306
55670	326
55680	298
55690	277
55700	265
55710	258
55720	267
55730	305
55740	299
55750	319
55760	293
55770	302
55780	269
55790	263
55800	262
55810	286
55820	284
55830	282
55840	307
55850	272
55860	271
55870	298
55880	292
55890	282
55900	307
55910	262
55920	280
55930	299
55940	301
55950	305
55960	292
55970	270
55980	285
55990	297
56000	288
56010	279
56020	245
56030	266
56040	269
56050	265
56060	271
56070	279
56080	254
56090	294
56100	244
56110	281
56120	297
56130	295
56140	280
56150	285
56160	320
56170	283
56180	274
56190	267
56200	294
56210	271
56220	298
56230	307
56240	302
56250	248
56260	276
56270	267
56280	271
56290	287
56300	305
56310	270
56320	266
56330	252
56340	312
56350	296
56360	293
56370	298
56380	282
56390	271
56400	282
56410	269
56420	281
56430	282
56440	314
56450	298
56460	275
56470	295
56480	285
56490	307
56500	282
56510	272
56520	288
56530	289
56540	274
56550	307
56560	301
56570	277
56580	302
56590	274
56600	303
56610	282
56620	291
56630	286
56640	277
56650	290
56660	328
56670	296
56680	268
56690	271
56700	249
56710	308
56720	250
56730	277
56740	282
56750	326
56760	282
56770	284
56780	251
56790	284
56800	272
56810	296
56820	257
56830	271
56840	277
56850	285
56860	298
56870	320
56880	273
56890	269
56900	272
56910	262
56920	285
56930	318
56940	301
56950	289
56960	266
56970	266
56980	299
56990	307
57000	271
57010	276
57020	269
57030	299
57040	277
57050	271
57060	281
57070	299
57080	291
57090	295
57100	274
57110	287
57120	269
57130	294
57140	290
57150	256
57160	278
57170	268
57180	275
57190	299
57200	312
57210	294
57220	298
57230	290
57240	297
57250	285
57260	287
57270	259
57280	297
57290	274
57300	278
57310	287
57320	281
57330	271
57340	290
57350	290
57360	271
57370	274
57380	300
57390	288
57400	296
57410	290
57420	279
57430	297
57440	272
57450	320
57460	259
57470	255
57480	287
57490	314
57500	294
57510	285
57520	307
57530	290
57540	307
57550	328
57560	315
57570	260
57580	294
57590	315
57600	297
57610	324
57620	279
57630	284
57640	273
57650	281
57660	272
57670	282
57680	294
57690	286
57700	268
57710	299
57720	259
57730	273
57740	281
57750	294
57760	297
57770	308
57780	261
57790	283
57800	271
57810	294
57820	287
57830	283
57840	273
57850	284
57860	270
57870	284
57880	247
57890	268
57900	281
57910	309
57920	265
57930	291
57940	295
57950	292
57960	304
57970	294
57980	279
57990	257
58000	298
58010	277
58020	268
58030	279
58040	291
58050	290
58060	282
58070	301
58080	291
58090	284
58100	255
58110	295
58120	290
58130	305
58140	293
58150	264
58160	262
58170	296
58180	274
58190	297
58200	302
58210	274
58220	305
58230	286
58240	295
58250	303
58260	301
58270	291
58280	278
58290	306
58300	259
58310	277
58320	297
58330	286
58340	271
58350	275
58360	312
58370	278
58380	296
58390	278
58400	284
58410	293
58420	290
58430	290
58440	293
58450	299
58460	271
58470	286
58480	277
58490	260
58500	245
58510	280
58520	274
58530	284
58540	297
58550	298
58560	285
58570	291
58580	258
58590	289
58600	306
58610	298
58620	267
58630	266
58640	310
58650	295
58660	311
58670	307
58680	294
58690	290
58700	295
58710	272
58720	289
58730	284
58740	265
58750	277
58760	253
58770	287
58780	259
58790	291
58800	304
58810	275
58820	259
58830	259
58840	290
58850	274
58860	267
58870	289
58880	293
58890	274
58900	306
58910	276
58920	288
58930	302
58940	267
58950	294
58960	279
58970	284
58980	280
58990	292
59000	280
59010	310
59020	305
59030	251
59040	287
59050	305
59060	280
59070	300
59080	254
59090	279
59100	278
59110	253
59120	289
59130	279
59140	279
59150	303
59160	281
59170	262
59180	282
59190	245
59200	303
59210	248
59220	277
59230	270
59240	315
59250	287
59260	307
59270	266
59280	292
59290	287
59300	309
59310	276
59320	288
59330	272
59340	278
59350	310
59360	286
59370	270
59380	290
59390	261
59400	301
59410	288
59420	275
59430	299
59440	316
59450	304
59460	309
59470	302
59480	288
59490	290
59500	264
59510	327
59520	294
59530	287
59540	278
59550	299
59560	271
59570	289
59580	306
59590	265
59600	262
59610	277
59620	288
59630	309
59640	253
59650	308
59660	275
59670	244
59680	268
59690	285
59700	277
59710	297
59720	247
59730	287
59740	237
59750	297
59760	263
59770	290
59780	289
59790	260
59800	320
59810	283
59820	322
59830	285
59840	266
59850	278
59860	289
59870	295
59880	293
59890	285
59900	291
59910	243
59920	287
59930	295
59940	313
59950	290
59960	278
59970	250
59980	283
59990	292
60000	271
60010	281
60020	317
60030	293
60040	262
60050	311
60060	270
60070	298
60080	272
60090	301
60100	317
60110	267
60120	277
60130	313
60140	294
60150	305
60160	275
60170	279
60180	303
60190	281
60200	299
60210	278
60220	289
60230	298
60240	271
60250	317
60260	273
60270	269
60280	319
60290	269
60300	307
60310	308
60320	322
60330	279
60340	282
60350	284
60360	277
60370	279
60380	298
60390	275
60400	288
60410	272
60420	273
60430	284
60440	292
60450	305
60460	285
60470	264
60480	271
60490	294
60500	328
60510	261
60520	309
60530	298
60540	288
60550	306
60560	312
60570	291
60580	289
60590	252
60600	288
60610	300
60620	287
60630	282
60640	278
60650	294
60660	269
60670	301
60680	300
60690	290
60700	273
60710	301
60720	282
60730	316
60740	264
60750	310
60760	298
60770	283
60780	271
60790	307
60800	281
60810	264
60820	293
60830	319
60840	284
60850	292
60860	299
60870	263
60880	249
60890	274
60900	293
60910	296
60920	295
60930	290
60940	273
60950	293
60960	281
60970	293
60980	287
60990	271
61000	270
61010	276
61020	273
61030	279
61040	266
61050	279
61060	305
61070	304
61080	276
61090	296
61100	309
61110	277
61120	280
61130	312
61140	288
61150	261
61160	276
61170	258
61180	266
61190	268
61200	283
61210	266
61220	282
61230	269
61240	297
61250	277
61260	285
61270	278
61280	292
61290	305
61300	302
61310	273
61320	256
61330	269
61340	298
61350	258
61360	248
61370	292
61380	313
61390	305
61400	291
61410	290
61420	268
61430	276
61440	289
61450	260
61460	286
61470	274
61480	286
61490	269
61500	320
61510	303
61520	298
61530	306
61540	292
61550	293
61560	280
61570	253
61580	284
61590	299
61600	266
61610	318
61620	293
61630	287
61640	286
61650	310
61660	273
61670	282
61680	289
61690	277
61700	284
61710	255
61720	258
61730	290
61740	302
61750	304
61760	283
61770	290
61780	301
61790	272
61800	280
61810	254
61820	312
61830	305
61840	273
61850	303
61860	263
61870	270
61880	317
61890	248
61900	265
61910	265
61920	276
61930	274
61940	282
61950	252
61960	269
61970	251
61980	279
61990	274
62000	272
62010	304
62020	262
62030	280
62040	289
62050	283
62060	273
62070	300
62080	289
62090	288
62100	292
62110	272
62120	284
62130	314
62140	267
62150	261
62160	288
62170	250
62180	294
62190	291
62200	283
62210	307
62220	286
62230	280
62240	268
62250	314
62260	298
62270	286
62280	287
62290	289
62300	330
62310	273
62320	292
62330	285
62340	301
62350	275
62360	273
62370	274
62380	283
62390	276
62400	306
62410	257
62420	300
62430	241
62440	306
62450	309
62460	292
62470	280
62480	269
62490	290
62500	282
62510	277
62520	296
62530	313
62540	283
62550	295
62560	277
62570	258
62580	271
62590	272
62600	291
62610	293
62620	305
62630	257
62640	303
62650	278
62660	286
62670	235
62680	291
62690	300
62700	290
62710	287
62720	316
62730	307
62740	294
62750	286
62760	282
62770	286
62780	322
62790	304
62800	276
62810	260
62820	260
62830	279
62840	281
62850	304
62860	262
62870	306
62880	294
62890	282
62900	286
62910	258
62920	292
62930	266
62940	276
62950	303
62960	246
62970	285
62980	291
62990	298
63000	313
63010	259
63020	287
63030	295
63040	302
63050	316
63060	296
63070	267
63080	265
63090	280
63100	294
63110	279
63120	282
63130	287
63140	274
63150	310
63160	301
63170	285
63180	315
63190	282
63200	295
63210	288
63220	290
63230	264
63240	279
63250	265
63260	292
63270	271
63280	265
63290	270
63300	260
63310	294
63320	274
63330	276
63340	279
63350	280
63360	285
63370	267
63380	300
63390	287
63400	295
63410	320
63420	302
63430	278
63440	253
63450	305
63460	260
63470	286
63480	249
63490	298
63500	272
63510	294
63520	280
63530	306
63540	298
63550	295
63560	296
63570	304
63580	273
63590	312
63600	284
63610	270
63620	271
63630	279
63640	314
63650	269
63660	274
63670	279
63680	309
63690	271
63700	292
63710	269
63720	295
63730	285
63740	298
63750	261
63760	271
63770	294
63780	314
63790	281
63800	298
63810	272
63820	267
63830	241
63840	286
63850	297
63860	262
63870	272
63880	276
63890	260
63900	279
63910	290
63920	258
63930	243
63940	294
63950	307
63960	279
63970	321
63980	273
63990	283
64000	278
64010	311
64020	283
64030	272
64040	281
64050	286
64060	236
64070	251
64080	267
64090	296
64100	297
64110	293
64120	291
64130	292
64140	289
64150	304
64160	310
64170	256
64180	286
64190	291
64200	291
64210	279
64220	294
64230	274
64240	283
64250	298
64260	287
64270	298
64280	321
64290	279
64300	295
64310	314
64320	301
64330	295
64340	267
64350	301
64360	275
64370	295
64380	281
64390	271
64400	289
64410	300
64420	259
64430	288
64440	273
64450	283
64460	279
64470	291
64480	293
64490	256
64500	259
64510	271
64520	292
64530	296
64540	272
64550	284
64560	290
64570	289
64580	286
64590	272
64600	242
64610	287
64620	284
64630	290
64640	283
64650	280
64660	289
64670	280
64680	311
64690	287
64700	272
64710	254
64720	296
64730	266
64740	262
64750	309
64760	311
64770	280
64780	272
64790	294
64800	282
64810	278
64820	267
64830	257
64840	300
64850	285
64860	274
64870	270
64880	291
64890	272
64900	292
64910	278
64920	263
64930	281
64940	327
64950	298
64960	284
64970	296
64980	322
64990	295
65000	297
65010	277
65020	305
65030	266
65040	297
65050	265
65060	258
65070	304
65080	291
65090	267
65100	294
65110	261
65120	288
65130	302
65140	296
65150	282
65160	268
65170	311
65180	281
65190	304
65200	280
65210	259
65220	279
65230	271
65240	303
65250	286
65260	293
65270	281
65280	287
65290	288
65300	290
65310	300
65320	301
65330	287
65340	284
65350	305
65360	303
65370	293
65380	304
65390	276
65400	319
65410	299
65420	273
65430	322
65440	300
65450	306
65460	253
65470	319
65480	275
65490	277
65500	291
65510	277
65520	307
65530	294
65540	313
65550	269
65560	279
65570	256
65580	277
65590	302
65600	304
65610	309
65620	297
65630	277
65640	276
65650	257
65660	287
65670	304
65680	272
65690	287
65700	296
65710	277
65720	289
65730	278
65740	275
65750	300
65760	277
65770	279
65780	299
65790	264
65800	295
65810	309
65820	311
65830	248
65840	288
65850	280
65860	273
65870	303
65880	299
65890	290
65900	326
65910	257
65920	253
65930	266
65940	306
65950	269
65960	270
65970	260
65980	285
65990	298
66000	286
66010	299
66020	278
66030	272
66040	235
66050	283
66060	251
66070	306
66080	286
66090	304
66100	270
66110	306
66120	318
66130	281
66140	274
66150	295
66160	291
66170	264
66180	302
66190	288
66200	292
66210	288
66220	266
66230	268
66240	276
66250	284
66260	283
66270	303
66280	311
66290	269
66300	267
66310	272
66320	286
66330	276
66340	288
66350	278
66360	289
66370	291
66380	296
66390	283
66400	326
66410	293
66420	281
66430	306
66440	296
66450	275
66460	324
66470	276
66480	281
66490	282
66500	284
66510	285
66520	271
66530	256
66540	290
66550	307
66560	271
66570	296
66580	270
66590	281
66600	290
66610	279
66620	300
66630	292
66640	287
66650	311
66660	279
66670	271
66680	294
66690	262
66700	289
66710	294
66720	290
66730	301
66740	265
66750	268
66760	277
66770	262
66780	307
66790	258
66800	288
66810	252
66820	298
66830	261
66840	291
66850	297
66860	293
66870	282
66880	286
66890	278
66900	287
66910	295
66920	281
66930	268
66940	296
66950	273
66960	242
66970	282
66980	290
66990	304
67000	281
67010	294
67020	287
67030	317
67040	290
67050	277
67060	286
67070	282
67080	256
67090	281
67100	278
67110	275
67120	281
67130	276
67140	310
67150	265
67160	263
67170	274
67180	291
67190	274
67200	297
67210	264
67220	292
67230	309
67240	279
67250	296
67260	280
67270	269
67280	283
67290	260
67300	256
67310	302
67320	292
67330	288
67340	276
67350	293
67360	285
67370	308
67380	266
67390	271
67400	313
67410	286
67420	258
67430	312
67440	286
67450	282
67460	267
67470	271
67480	301
67490	259
67500	300
67510	263
67520	275
67530	281
67540	321
67550	269
67560	289
67570	296
67580	275
67590	258
67600	281
67610	311
67620	298
67630	283
67640	270
67650	281
67660	281
67670	289
67680	293
67690	288
67700	290
67710	260
67720	271
67730	281
67740	297
67750	257
67760	298
67770	308
67780	266
67790	295
67800	258
67810	279
67820	278
67830	239
67840	302
67850	258
67860	269
67870	320
67880	248
67890	283
67900	289
67910	282
67920	339
67930	302
67940	287
67950	280
67960	290
67970	296
67980	298
67990	282
68000	257
68010	263
68020	283
68030	273
68040	314
68050	264
68060	289
68070	288
68080	292
68090	292
68100	286
68110	263
68120	277
68130	276
68140	286
68150	289
68160	297
68170	285
68180	275
68190	266
68200	319
68210	270
68220	301
68230	316
68240	283
68250	281
68260	277
68270	273
68280	262
68290	297
68300	257
68310	335
68320	281
68330	281
68340	300
68350	279
68360	284
68370	299
68380	283
68390	273
68400	295
68410	288
68420	302
68430	246
68440	303
68450	286
68460	310
68470	271
68480	258
68490	276
68500	290
68510	265
68520	249
68530	259
68540	325
68550	288
68560	300
68570	262
68580	310
68590	272
68600	292
68610	289
68620	298
68630	309
68640	315
68650	307
68660	298
68670	267
68680	307
68690	273
68700	284
68710	290
68720	285
68730	281
68740	278
68750	274
68760	296
68770	295
68780	301
68790	302
68800	268
68810	305
68820	296
68830	272
68840	252
68850	302
68860	282
68870	292
68880	260
68890	303
68900	301
68910	247
68920	279
68930	279
68940	281
68950	286
68960	271
68970	257
68980	268
68990	280
69000	264
69010	280
69020	285
69030	263
69040	245
69050	279
69060	270
69070	302
69080	295
69090	303
69100	319
69110	282
69120	270
69130	276
69140	303
69150	297
69160	282
69170	319
69180	299
69190	286
69200	301
69210	281
69220	288
69230	295
69240	258
69250	264
69260	291
69270	275
69280	268
69290	265
69300	262
69310	293
69320	283
69330	274
69340	279
69350	264
69360	272
69370	290
69380	265
69390	282
69400	292
69410	273
69420	275
69430	293
69440	293
69450	301
69460	282
69470	285
69480	286
69490	265
69500	287
69510	262
69520	268
69530	287
69540	269
69550	287
69560	258
69570	272
69580	285
69590	297
69600	291
69610	290
69620	269
69630	277
69640	291
69650	280
69660	282
69670	267
69680	296
69690	254
69700	305
69710	297
69720	260
69730	260
69740	289
69750	279
69760	288
69770	311
69780	281
69790	298
69800	306
69810	291
69820	281
69830	276
69840	274
69850	262
69860	280
69870	316
69880	258
69890	322
69900	281
69910	293
69920	282
69930	291
69940	299
69950	240
69960	294
69970	256
69980	275
69990	258
70000	295
70010	278
70020	284
70030	280
70040	294
70050	304
70060	266
70070	270
70080	299
70090	327
70100	252
70110	301
70120	299
70130	287
70140	298
70150	294
70160	299
70170	303
70180	301
70190	259
70200	302
70210	309
70220	283
70230	292
70240	264
70250	285
70260	263
70270	278
70280	274
70290	282
70300	292
70310	282
70320	272
70330	292
70340	296
70350	283
70360	267
70370	285
70380	270
70390	280
70400	289
70410	288
70420	310
70430	308
70440	286
70450	290
70460	320
70470	291
70480	311
70490	304
70500	300
70510	278
70520	280
70530	254
70540	294
70550	297
70560	285
70570	303
70580	280
70590	305
70600	273
70610	285
70620	305
70630	304
70640	266
70650	296
70660	289
70670	298
70680	285
70690	291
70700	257
70710	323
70720	296
70730	292
70740	277
70750	283
70760	271
70770	264
70780	287
70790	256
70800	274
70810	274
70820	268
70830	269
70840	278
70850	299
70860	289
70870	319
70880	316
70890	292
70900	308
70910	269
70920	305
70930	286
70940	288
70950	290
70960	283
70970	261
70980	295
70990	298
71000	307
71010	275
71020	266
71030	308
71040	280
71050	318
71060	257
71070	294
71080	302
71090	299
71100	293
71110	287
71120	296
71130	267
71140	283
71150	303
71160	288
71170	254
71180	279
71190	281
71200	292
71210	256
71220	264
71230	285
71240	297
71250	277
71260	284
71270	279
71280	278
71290	304
71300	270
71310	263
71320	291
71330	287
71340	298
71350	293
71360	302
71370	322
71380	283
71390	294
71400	279
71410	270
71420	285
71430	302
71440	315
71450	299
71460	291
71470	268
71480	298
71490	265
71500	288
71510	282
71520	299
71530	283
71540	321
71550	292
71560	298
71570	288
71580	287
71590	273
71600	290
71610	251
71620	300
71630	285
71640	279
71650	284
71660	292
71670	294
71680	265
71690	280
71700	307
71710	295
71720	290
71730	283
71740	265
71750	315
71760	306
71770	297
71780	311
71790	303
71800	296
71810	331
71820	276
71830	296
71840	298
71850	269
71860	317
71870	277
71880	256
71890	289
71900	280
71910	317
71920	301
71930	292
71940	280
71950	308
71960	246
71970	267
71980	297
71990	243
72000	282
72010	257
72020	289
72030	301
72040	275
72050	318
72060	315
72070	289
72080	293
72090	287
72100	285
72110	266
72120	295
72130	285
72140	266
72150	318
72160	287
72170	315
72180	303
72190	281
72200	303
72210	309
72220	325
72230	288
72240	280
72250	264
72260	279
72270	284
72280	268
72290	285
72300	301
72310	318
72320	275
72330	306
72340	277
72350	292
72360	283
72370	291
72380	261
72390	257
72400	301
72410	280
72420	305
72430	277
72440	303
72450	264
72460	266
72470	316
72480	301
72490	290
72500	308
72510	263
72520	273
72530	286
72540	278
72550	278
72560	253
72570	292
72580	292
72590	296
72600	301
72610	289
72620	294
72630	270
72640	291
72650	277
72660	265
72670	275
72680	243
72690	300
72700	305
72710	275
72720	315
72730	288
72740	293
72750	264
72760	292
72770	282
72780	265
72790	277
72800	269
72810	343
72820	296
72830	285
72840	276
72850	265
72860	298
72870	304
72880	289
72890	295
72900	304
72910	290
72920	291
72930	295
72940	273
72950	284
72960	278
72970	282
72980	279
72990	312
73000	281
73010	254
73020	268
73030	264
73040	312
73050	290
73060	246
73070	317
73080	274
73090	286
73100	289
73110	295
73120	298
73130	285
73140	248
73150	305
73160	268
73170	309
73180	283
73190	266
73200	294
73210	311
73220	281
73230	277
73240	280
73250	276
73260	292
73270	291
73280	291
73290	285
73300	286
73310	271
73320	286
73330	290
73340	287
73350	287
73360	294
73370	284
73380	299
73390	288
73400	288
73410	286
73420	297
73430	271
73440	296
73450	277
73460	290
73470	289
73480	288
73490	288
73500	283
73510	282
73520	266
73530	296
73540	289
73550	241
73560	285
73570	291
73580	259
73590	259
73600	298
73610	309
73620	303
73630	308
73640	268
73650	270
73660	278
73670	285
73680	293
73690	265
73700	294
73710	288
73720	284
73730	277
73740	295
73750	297
73760	278
73770	300
73780	305
73790	266
73800	298
73810	277
73820	259
73830	284
73840	291
73850	272
73860	266
73870	315
73880	276
73890	293
73900	263
73910	285
73920	311
73930	284
73940	308
73950	269
73960	275
73970	284
73980	257
73990	275
74000	275
74010	297
74020	334
74030	279
74040	283
74050	292
74060	296
74070	295
74080	294
74090	283
74100	277
74110	254
74120	270
74130	284
74140	270
74150	264
74160	274
74170	296
74180	311
74190	321
74200	282
74210	304
74220	249
74230	285
74240	285
74250	262
74260	297
74270	298
74280	286
74290	277
74300	298
74310	285
74320	265
74330	287
74340	253
74350	304
74360	269
74370	300
74380	281
74390	267
74400	311
74410	253
74420	287
74430	288
74440	258
74450	287
74460	287
74470	293
74480	259
74490	271
74500	283
74510	281
74520	311
74530	246
74540	266
74550	294
74560	282
74570	301
74580	280
74590	293
74600	288
74610	304
74620	271
74630	290
74640	293
74650	313
74660	294
74670	285
74680	298
74690	300
74700	281
74710	260
74720	273
74730	268
74740	288
74750	265
74760	299
74770	302
74780	303
74790	304
74800	282
74810	280
74820	264
74830	261
74840	250
74850	313
74860	298
74870	308
74880	286
74890	293
74900	303
74910	278
74920	288
74930	270
74940	296
74950	272
74960	293
74970	278
74980	315
74990	280
75000	298
75010	283
75020	316
75030	288
75040	297
75050	289
75060	284
75070	302
75080	290
75090	291
75100	276
75110	298
75120	264
75130	266
75140	296
75150	254
75160	277
75170	289
75180	285
75190	270
75200	265
75210	235
75220	318
75230	266
75240	277
75250	251
75260	278
75270	299
75280	262
75290	251
75300	290
75310	294
75320	280
75330	291
75340	311
75350	290
75360	289
75370	304
75380	284
75390	289
75400	267
75410	280
75420	282
75430	288
75440	277
75450	312
75460	270
75470	277
75480	329
75490	286
75500	312
75510	250
75520	315
75530	318
75540	284
75550	295
75560	283
75570	270
75580	263
75590	282
75600	292
75610	271
75620	270
75630	254
75640	293
75650	278
75660	253
75670	307
75680	294
75690	276
75700	274
75710	292
75720	273
75730	279
75740	267
75750	290
75760	272
75770	278
75780	256
75790	276
75800	296
75810	300
75820	280
75830	251
75840	300
75850	291
75860	248
75870	286
75880	261
75890	275
75900	291
75910	268
75920	294
75930	297
75940	281
75950	270
75960	288
75970	253
75980	315
75990	293
76000	276
76010	317
76020	267
76030	292
76040	294
76050	260
76060	315
76070	286
76080	257
76090	297
76100	279
76110	316
76120	276
76130	287
76140	275
76150	266
76160	291
76170	281
76180	276
76190	306
76200	267
76210	314
76220	284
76230	279
76240	266
76250	279
76260	276
76270	320
76280	298
76290	302
76300	305
76310	275
76320	277
76330	264
76340	282
76350	255
76360	254
76370	298
76380	290
76390	268
76400	301
76410	287
76420	293
76430	312
76440	252
76450	289
76460	292
76470	279
76480	318
76490	297
76500	285
76510	297
76520	253
76530	305
76540	265
76550	259
76560	318
76570	277
76580	304
76590	259
76600	295
76610	289
76620	290
76630	293
76640	297
76650	297
76660	308
76670	285
76680	287
76690	286
76700	280
76710	290
76720	267
76730	299
76740	275
76750	296
76760	283
76770	301
76780	294
76790	292
76800	280
76810	286
76820	272
76830	306
76840	264
76850	283
76860	249
76870	300
76880	291
76890	297
76900	295
76910	271
76920	269
76930	269
76940	288
76950	291
76960	276
76970	298
76980	282
76990	266
77000	272
77010	273
77020	270
77030	292
77040	279
77050	288
77060	308
77070	289
77080	293
77090	292
77100	276
77110	275
77120	278
77130	308
77140	283
77150	296
77160	260
77170	296
77180	284
77190	293
77200	313
77210	306
77220	287
77230	280
77240	283
77250	295
77260	266
77270	281
77280	294
77290	290
77300	287
77310	270
77320	285
77330	299
77340	291
77350	278
77360	288
77370	312
77380	281
77390	302
77400	274
77410	324
77420	274
77430	260
77440	248
77450	279
77460	299
77470	297
77480	276
77490	294
77500	263
77510	276
77520	283
77530	284
77540	307
77550	277
77560	268
77570	298
77580	278
77590	278
77600	284
77610	271
77620	272
77630	288
77640	286
77650	299
77660	274
77670	286
77680	280
77690	290
77700	281
77710	287
77720	282
77730	308
77740	302
77750	279
77760	301
77770	286
77780	274
77790	276
77800	282
77810	257
77820	320
77830	291
77840	278
77850	307
77860	288
77870	315
77880	307
77890	312
77900	278
77910	289
77920	247
77930	308
77940	271
77950	275
77960	282
77970	306
77980	270
77990	312
78000	311
78010	276
78020	276
78030	278
78040	284
78050	273
78060	304
78070	265
78080	294
78090	300
78100	283
78110	275
78120	288
78130	281
78140	294
78150	282
78160	251
78170	277
78180	254
78190	273
78200	279
78210	300
78220	300
78230	270
78240	295
78250	289
78260	304
78270	287
78280	314
78290	310
78300	276
78310	275
78320	293
78330	302
78340	272
78350	263
78360	279
78370	266
78380	284
78390	296
78400	281
78410	312
78420	257
78430	268
78440	278
78450	273
78460	278
78470	298
78480	286
78490	296
78500	301
78510	312
78520	284
78530	293
78540	291
78550	290
78560	299
78570	307
78580	281
78590	292
78600	316
78610	273
78620	301
78630	272
78640	284
78650	295
78660	281
78670	298
78680	315
78690	322
78700	294
78710	262
78720	307
78730	282
78740	267
78750	273
78760	279
78770	278
78780	304
78790	248
78800	269
78810	276
78820	295
78830	279
78840	276
78850	285
78860	304
78870	275
78880	285
78890	325
78900	266
78910	276
78920	288
78930	293
78940	254
78950	285
78960	269
78970	304
78980	317
78990	278
79000	287
79010	287
79020	303
79030	301
79040	288
79050	261
79060	293
79070	289
79080	294
79090	251
79100	288
79110	278
79120	296
79130	286
79140	311
79150	255
79160	274
79170	277
79180	264
79190	287
79200	279
79210	311
79220	299
79230	301
79240	302
79250	276
79260	291
79270	288
79280	284
79290	253
79300	284
79310	269
79320	300
79330	279
79340	308
79350	305
79360	303
79370	299
79380	267
79390	283
79400	267
79410	305
79420	307
79430	264
79440	276
79450	274
79460	305
79470	301
79480	268
79490	302
79500	258
79510	292
79520	269
79530	285
79540	292
79550	255
79560	308
79570	290
79580	266
79590	276
79600	294
79610	295
79620	271
79630	271
79640	308
79650	274
79660	274
79670	261
79680	271
79690	273
79700	269
79710	281
79720	283
79730	275
79740	296
79750	299
79760	283
79770	286
79780	307
79790	263
79800	289
79810	271
79820	292
79830	274
79840	304
79850	280
79860	341
79870	255
79880	283
79890	284
79900	292
79910	299
79920	281
79930	312
79940	274
79950	267
79960	250
79970	276
79980	283
79990	297
80000	273
80010	296
80020	282
80030	278
80040	292
80050	323
80060	301
80070	273
80080	293
80090	280
80100	310
80110	296
80120	297
80130	298
80140	304
80150	259
80160	273
80170	301
80180	284
80190	315
80200	276
80210	288
80220	311
80230	279
80240	269
80250	283
80260	300
80270	261
80280	293
80290	286
80300	287
80310	262
80320	263
80330	263
80340	299
80350	250
80360	279
80370	280
80380	280
80390	274
80400	265
80410	273
80420	271
80430	289
80440	275
80450	315
80460	272
80470	249
80480	277
80490	289
80500	296
80510	274
80520	293
80530	266
80540	283
80550	300
80560	302
80570	271
80580	272
80590	325
80600	292
80610	281
80620	280
80630	304
80640	267
80650	284
80660	324
80670	283
80680	315
80690	284
80700	260
80710	305
80720	326
80730	297
80740	285
80750	267
80760	287
80770	282
80780	291
80790	273
80800	311
80810	269
80820	268
80830	289
80840	292
80850	266
80860	288
80870	267
80880	285
80890	300
80900	277
80910	275
80920	276
80930	271
80940	243
80950	257
80960	247
80970	284
80980	291
80990	283
81000	293
81010	288
81020	269
81030	316
81040	264
81050	298
81060	285
81070	305
81080	267
81090	294
81100	259
81110	254
81120	293
81130	318
81140	284
81150	260
81160	273
81170	257
81180	294
81190	302
81200	284
81210	285
81220	275
81230	289
81240	245
81250	300
81260	282
81270	256
81280	326
81290	281
81300	295
81310	300
81320	299
81330	286
81340	254
81350	267
81360	265
81370	284
81380	295
81390	265
81400	295
81410	309
81420	258
81430	296
81440	251
81450	246
81460	269
81470	284
81480	305
81490	268
81500	253
81510	274
81520	292
81530	290
81540	296
81550	286
81560	296
81570	282
81580	328
81590	279
81600	307
81610	297
81620	280
81630	266
81640	303
81650	263
81660	274
81670	270
81680	270
81690	320
81700	291
81710	291
81720	282
81730	250
81740	286
81750	270
81760	292
81770	281
81780	283
81790	277
81800	316
81810	302
81820	313
81830	274
81840	293
81850	259
81860	279
81870	305
81880	266
81890	276
81900	286
81910	260
81920	312
81930	277
81940	275
81950	268
81960	270
81970	286
81980	271
81990	261
82000	276
82010	266
82020	281
82030	295
82040	296
82050	254
82060	305
82070	323
82080	282
82090	292
82100	255
82110	266
82120	268
82130	289
82140	274
82150	267
82160	266
82170	278
82180	290
82190	306
82200	259
82210	301
82220	262
82230	289
82240	277
82250	300
82260	286
82270	291
82280	272
82290	290
82300	280
82310	282
82320	292
82330	287
82340	272
82350	303
82360	279
82370	308
82380	270
82390	303
82400	290
82410	304
82420	308
82430	286
82440	290
82450	264
82460	258
82470	288
82480	299
82490	289
82500	273
82510	285
82520	293
82530	298
82540	276
82550	294
82560	314
82570	259
82580	271
82590	283
82600	285
82610	302
82620	299
82630	283
82640	259
82650	274
82660	285
82670	297
82680	261
82690	313
82700	280
82710	330
82720	246
82730	282
82740	283
82750	325
82760	272
82770	311
82780	282
82790	280
82800	300
82810	290
82820	320
82830	275
82840	307
82850	288
82860	273
82870	285
82880	297
82890	287
82900	292
82910	260
82920	287
82930	310
82940	290
82950	313
82960	294
82970	273
82980	272
82990	298
83000	288
83010	282
83020	268
83030	280
83040	291
83050	289
83060	271
83070	288
83080	294
83090	298
83100	286
83110	280
83120	278
83130	306
83140	288
83150	273
83160	313
83170	310
83180	262
83190	253
83200	278
83210	286
83220	257
83230	314
83240	250
83250	283
83260	303
83270	274
83280	235
83290	270
83300	252
83310	276
83320	303
83330	293
83340	259
83350	280
83360	297
83370	251
83380	309
83390	269
83400	292
83410	291
83420	279
83430	250
83440	272
83450	304
83460	272
83470	287
83480	266
83490	276
83500	291
83510	286
83520	287
83530	276
83540	288
83550	304
83560	246
83570	288
83580	268
83590	261
83600	291
83610	304
83620	266
83630	297
83640	280
83650	306
83660	306
83670	302
83680	287
83690	288
83700	288
83710	303
83720	283
83730	277
83740	282
83750	282
83760	288
83770	282
83780	282
83790	273
83800	235
83810	283
83820	282
83830	293
83840	270
83850	276
83860	297
83870	260
83880	279
83890	305
83900	305
83910	307
83920	261
83930	268
83940	269
83950	271
83960	286
83970	269
83980	287
83990	311
84000	283
84010	237
84020	274
84030	287
84040	286
84050	319
84060	301
84070	277
84080	283
84090	225
84100	289
84110	284
84120	301
84130	325
84140	274
84150	274
84160	287
84170	301
84180	272
84190	329
84200	270
84210	320
84220	287
84230	319
84240	276
84250	302
84260	255
84270	296
84280	272
84290	271
84300	301
84310	285
84320	270
84330	266
84340	295
84350	298
84360	321
84370	268
84380	269
84390	275
84400	273
84410	272
84420	267
84430	297
84440	305
84450	261
84460	256
84470	264
84480	279
84490	270
84500	275
84510	265
84520	297
84530	281
84540	288
84550	278
84560	290
84570	282
84580	294
84590	278
84600	273
84610	301
84620	292
84630	276
84640	268
84650	326
84660	292
84670	257
84680	278
84690	256
84700	315
84710	291
84720	314
84730	283
84740	255
84750	295
84760	277
84770	267
84780	304
84790	291
84800	253
84810	249
84820	306
84830	326
84840	255
84850	285
84860	281
84870	255
84880	289
84890	266
84900	281
84910	307
84920	279
84930	287
84940	277
84950	265
84960	288
84970	311
84980	294
84990	289
85000	267
85010	246
85020	306
85030	298
85040	294
85050	281
85060	275
85070	282
85080	297
85090	304
85100	286
85110	269
85120	297
85130	273
85140	286
85150	283
85160	298
85170	277
85180	301
85190	281
85200	320
85210	293
85220	288
85230	298
85240	290
85250	287
85260	303
85270	273
85280	283
85290	316
85300	290
85310	266
85320	284
85330	308
85340	286
85350	272
85360	303
85370	277
85380	301
85390	301
85400	291
85410	287
85420	262
85430	289
85440	304
85450	254
85460	273
85470	273
85480	283
85490	275
85500	288
85510	279
85520	262
85530	285
85540	288
85550	266
85560	307
85570	277
85580	254
85590	287
85600	271
85610	286
85620	302
85630	280
85640	295
85650	275
85660	283
85670	306
85680	299
85690	276
85700	252
85710	319
85720	285
85730	281
85740	325
85750	297
85760	282
85770	303
85780	287
85790	299
85800	229
85810	288
85820	266
85830	271
85840	264
85850	263
85860	257
85870	247
85880	249
85890	265
85900	311
85910	293
85920	300
85930	275
85940	317
85950	306
85960	292
85970	297
85980	297
85990	277
86000	278
86010	253
86020	280
86030	263
86040	256
86050	282
86060	274
86070	291
86080	262
86090	270
86100	295
86110	276
86120	313
86130	282
86140	285
86150	258
86160	292
86170	285
86180	274
86190	271
86200	257
86210	242
86220	268
86230	325
86240	293
86250	294
86260	283
86270	275
86280	292
86290	312
86300	273
86310	262
86320	252
86330	270
86340	270
86350	290
86360	269
86370	271
86380	261
86390	281
86400	282
86410	281
86420	325
86430	279
86440	289
86450	283
86460	324
86470	273
86480	285
86490	275
86500	273
86510	265
86520	250
86530	271
86540	282
86550	272
86560	307
86570	288
86580	275
86590	293
86600	266
86610	272
86620	286
86630	276
86640	257
86650	320
86660	259
86670	270
86680	275
86690	292
86700	311
86710	243
86720	302
86730	283
86740	276
86750	305
86760	270
86770	296
86780	314
86790	305
86800	270
86810	284
86820	294
86830	276
86840	278
86850	282
86860	270
86870	277
86880	268
86890	264
86900	263
86910	262
86920	295
86930	286
86940	253
86950	291
86960	272
86970	266
86980	283
86990	299
87000	273
87010	323
87020	281
87030	305
87040	251
87050	310
87060	279
87070	308
87080	302
87090	299
87100	298
87110	275
87120	250
87130	301
87140	288
87150	232
87160	276
87170	291
87180	283
87190	259
87200	294
87210	269
87220	252
87230	284
87240	310
87250	267
87260	304
87270	283
87280	280
87290	273
87300	269
87310	277
87320	290
87330	315
87340	280
87350	263
87360	290
87370	284
87380	298
87390	297
87400	268
87410	262
87420	271
87430	270
87440	257
87450	254
87460	285
87470	272
87480	275
87490	252
87500	293
87510	280
87520	305
87530	301
87540	278
87550	305
87560	304
87570	263
87580	281
87590	272
87600	274
87610	282
87620	286
87630	288
87640	290
87650	286
87660	300
87670	285
87680	276
87690	290
87700	288
87710	265
87720	270
87730	290
87740	257
87750	296
87760	312
87770	297
87780	260
87790	283
87800	278
87810	279
87820	268
87830	298
87840	297
87850	300
87860	281
87870	279
87880	307
87890	315
87900	288
87910	276
87920	272
87930	314
87940	276
87950	260
87960	297
87970	287
87980	271
87990	280
88000	239
88010	274
88020	269
88030	273
88040	296
88050	272
88060	315
88070	281
88080	329
88090	279
88100	276
88110	299
88120	268
88130	253
88140	259
88150	267
88160	294
88170	247
88180	272
88190	273
88200	277
88210	272
88220	286
88230	299
88240	272
88250	288
88260	276
88270	266
88280	254
88290	309
88300	283
88310	319
88320	304
88330	275
88340	270
88350	251
88360	292
88370	293
88380	319
88390	263
88400	279
88410	277
88420	298
88430	285
88440	268
88450	284
88460	286
88470	284
88480	287
88490	260
88500	290
88510	275
88520	275
88530	294
88540	290
88550	294
88560	286
88570	267
88580	283
88590	310
88600	269
88610	279
88620	295
88630	259
88640	261
88650	292
88660	274
88670	298
88680	289
88690	308
88700	300
88710	302
88720	282
88730	297
88740	278
88750	295
88760	282
88770	309
88780	273
88790	259
88800	302
88810	282
88820	283
88830	262
88840	278
88850	282
88860	278
88870	267
88880	282
88890	297
88900	265
88910	239
88920	293
88930	268
88940	305
88950	284
88960	292
88970	279
88980	309
88990	290
89000	274
89010	295
89020	292
89030	275
89040	281
89050	278
89060	285
89070	283
89080	297
89090	273
89100	301
89110	303
89120	281
89130	240
89140	311
89150	269
89160	281
89170	289
89180	286
89190	291
89200	294
89210	303
89220	256
89230	288
89240	336
89250	270
89260	296
89270	309
89280	297
89290	292
89300	258
89310	277
89320	289
89330	252
89340	295
89350	304
89360	288
89370	258
89380	266
89390	315
89400	302
89410	290
89420	294
89430	271
89440	275
89450	269
89460	258
89470	288
89480	286
89490	298
89500	314
89510	297
89520	285
89530	299
89540	298
89550	289
89560	270
89570	306
89580	240
89590	287
89600	281
89610	282
89620	296
89630	283
89640	304
89650	297
89660	260
89670	265
89680	260
89690	312
89700	274
89710	270
89720	281
89730	275
89740	280
89750	293
89760	312
89770	277
89780	289
89790	288
89800	286
89810	322
89820	295
89830	289
89840	269
89850	285
89860	283
89870	304
89880	284
89890	286
89900	283
89910	275
89920	300
89930	285
89940	276
89950	299
89960	278
89970	287
89980	286
89990	281
90000	285
90010	283
90020	268
90030	292
90040	264
90050	285
90060	304
90070	258
90080	275
90090	302
90100	269
90110	284
90120	270
90130	260
90140	286
90150	302
90160	280
90170	307
90180	306
90190	270
90200	279
90210	278
90220	285
90230	290
90240	283
90250	317
90260	296
90270	283
90280	277
90290	269
90300	304
90310	290
90320	304
90330	264
90340	291
90350	319
90360	293
90370	291
90380	293
90390	279
90400	285
90410	274
90420	295
90430	286
90440	294
90450	272
90460	281
90470	278
90480	250
90490	290
90500	280
90510	285
90520	295
90530	295
90540	312
90550	283
90560	288
90570	282
90580	302
90590	278
90600	290
90610	275
90620	261
90630	273
90640	292
90650	288
90660	269
90670	321
90680	282
90690	276
90700	249
90710	273
90720	258
90730	266
90740	266
90750	283
90760	247
90770	265
90780	261
90790	288
90800	274
90810	283
90820	311
90830	267
90840	308
90850	281
90860	276
90870	273
90880	292
90890	316
90900	291
90910	287
90920	322
90930	302
90940	279
90950	301
90960	264
90970	253
90980	279
90990	305
91000	298
91010	298
91020	290
91030	287
91040	260
91050	273
91060	264
91070	295
91080	278
91090	262
91100	263
91110	296
91120	285
91130	249
91140	266
91150	277
91160	290
91170	304
91180	285
91190	291
91200	285
91210	281
91220	286
91230	295
91240	323
91250	279
91260	304
91270	261
91280	294
91290	244
91300	270
91310	294
91320	273
91330	255
91340	283
91350	275
91360	261
91370	272
91380	284
91390	283
91400	309
91410	338
91420	295
91430	280
91440	294
91450	279
91460	333
91470	277
91480	285
91490	280
91500	272
91510	278
91520	298
91530	309
91540	299
91550	285
91560	261
91570	293
91580	267
91590	295
91600	251
91610	257
91620	296
91630	291
91640	270
91650	287
91660	315
91670	282
91680	270
91690	269
91700	260
91710	285
91720	279
91730	284
91740	296
91750	291
91760	271
91770	253
91780	277
91790	284
91800	284
91810	261
91820	295
91830	285
91840	277
91850	313
91860	288
91870	290
91880	248
91890	281
91900	316
91910	276
91920	275
91930	285
91940	280
91950	272
91960	265
91970	279
91980	280
91990	286
92000	289
92010	280
92020	267
92030	282
92040	260
92050	292
92060	291
92070	257
92080	297
92090	273
92100	277
92110	247
92120	290
92130	322
92140	276
92150	275
92160	273
92170	273
92180	261
92190	250
92200	310
92210	328
92220	260
92230	275
92240	311
92250	303
92260	253
92270	283
92280	275
92290	295
92300	288
92310	273
92320	274
92330	277
92340	272
92350	277
92360	312
92370	252
92380	288
92390	266
92400	301
92410	289
92420	304
92430	300
92440	277
92450	292
92460	277
92470	309
92480	267
92490	270
92500	308
92510	292
92520	287
92530	286
92540	316
92550	302
92560	256
92570	295
92580	299
92590	318
92600	305
92610	247
92620	265
92630	320
92640	326
92650	296
92660	309
92670	242
92680	293
92690	281
92700	299
92710	295
92720	271
92730	270
92740	277
92750	287
92760	291
92770	256
92780	275
92790	279
92800	298
92810	310
92820	299
92830	255
92840	316
92850	301
92860	268
92870	284
92880	300
92890	270
92900	284
92910	249
92920	277
92930	304
92940	333
92950	275
92960	274
92970	300
92980	254
92990	302
93000	309
93010	260
93020	323
93030	309
93040	311
93050	301
93060	288
93070	300
93080	299
93090	308
93100	278
93110	278
93120	303
93130	282
93140	292
93150	292
93160	301
93170	280
93180	268
93190	284
93200	266
93210	316
93220	290
93230	299
93240	286
93250	317
93260	266
93270	310
93280	304
93290	276
93300	303
93310	267
93320	264
93330	266
93340	283
93350	301
93360	276
93370	305
93380	265
93390	284
93400	273
93410	280
93420	266
93430	246
93440	308
93450	291
93460	283
93470	278
93480	296
93490	272
93500	277
93510	273
93520	307
93530	302
93540	310
93550	260
93560	326
93570	282
93580	294
93590	300
93600	255
93610	294
93620	290
93630	292
93640	278
93650	305
93660	330
93670	301
93680	291
93690	302
93700	286
93710	257
93720	273
93730	279
93740	291
93750	262
93760	296
93770	287
93780	309
93790	286
93800	259
93810	277
93820	309
93830	285
93840	310
93850	277
93860	292
93870	264
93880	270
93890	265
93900	275
93910	260
93920	310
93930	282
93940	275
93950	280
93960	297
93970	296
93980	258
93990	278
94000	273
94010	258
94020	270
94030	270
94040	276
94050	273
94060	304
94070	315
94080	263
94090	292
94100	270
94110	250
94120	295
94130	296
94140	279
94150	325
94160	300
94170	287
94180	272
94190	262
94200	277
94210	270
94220	291
94230	292
94240	271
94250	295
94260	271
94270	283
94280	291
94290	334
94300	290
94310	286
94320	289
94330	268
94340	308
94350	283
94360	279
94370	256
94380	271
94390	318
94400	277
94410	300
94420	259
94430	280
94440	312
94450	293
94460	293
94470	310
94480	296
94490	302
94500	288
94510	259
94520	307
94530	304
94540	301
94550	282
94560	271
94570	283
94580	278
94590	297
94600	293
94610	306
94620	307
94630	294
94640	290
94650	287
94660	291
94670	286
94680	321
94690	289
94700	301
94710	301
94720	268
94730	325
94740	293
94750	298
94760	265
94770	280
94780	276
94790	287
94800	271
94810	282
94820	264
94830	318
94840	311
94850	274
94860	254
94870	259
94880	270
94890	278
94900	302
94910	250
94920	264
94930	292
94940	284
94950	290
94960	251
94970	296
94980	303
94990	331
95000	305
95010	321
95020	289
95030	275
95040	294
95050	269
95060	289
95070	275
95080	264
95090	267
95100	259
95110	265
95120	270
95130	269
95140	276
95150	305
95160	292
95170	280
95180	281
95190	268
95200	277
95210	271
95220	269
95230	285
95240	292
95250	274
95260	311
95270	319
95280	273
95290	294
95300	277
95310	277
95320	301
95330	307
95340	276
95350	275
95360	288
95370	254
95380	289
95390	282
95400	268
95410	275
95420	285
95430	285
95440	255
95450	293
95460	289
95470	287
95480	281
95490	291
95500	311
95510	269
95520	286
95530	271
95540	281
95550	298
95560	262
95570	301
95580	293
95590	283
95600	278
95610	297
95620	291
95630	285
95640	272
95650	264
95660	267
95670	264
95680	290
95690	262
95700	295
95710	307
95720	264
95730	309
95740	250
95750	284
95760	308
95770	276
95780	262
95790	284
95800	292
95810	286
95820	318
95830	286
95840	296
95850	297
95860	275
95870	296
95880	286
95890	278
95900	325
95910	282
95920	312
95930	281
95940	290
95950	282
95960	280
95970	289
95980	284
95990	270
96000	310
96010	305
96020	305
96030	288
96040	275
96050	277
96060	300
96070	295
96080	280
96090	304
96100	279
96110	263
96120	251
96130	263
96140	315
96150	304
96160	288
96170	292
96180	274
96190	305
96200	292
96210	287
96220	291
96230	330
96240	294
96250	278
96260	280
96270	311
96280	282
96290	283
96300	275
96310	268
96320	282
96330	296
96340	290
96350	253
96360	294
96370	274
96380	311
96390	283
96400	271
96410	275
96420	289
96430	262
96440	286
96450	297
96460	297
96470	258
96480	254
96490	302
96500	303
96510	294
96520	287
96530	288
96540	260
96550	285
96560	264
96570	291
96580	281
96590	278
96600	286
96610	267
96620	287
96630	268
96640	284
96650	296
96660	299
96670	274
96680	269
96690	301
96700	276
96710	300
96720	284
96730	285
96740	289
96750	293
96760	278
96770	310
96780	291
96790	280
96800	276
96810	289
96820	292
96830	269
96840	303
96850	279
96860	276
96870	301
96880	266
96890	291
96900	263
96910	273
96920	280
96930	277
96940	293
96950	284
96960	267
96970	305
96980	273
96990	242
97000	276
97010	273
97020	273
97030	264
97040	331
97050	297
97060	280
97070	265
97080	309
97090	283
97100	282
97110	308
97120	289
97130	282
97140	281
97150	310
97160	260
97170	292
97180	303
97190	283
97200	257
97210	281
97220	269
97230	321
97240	277
97250	277
97260	273
97270	293
97280	281
97290	282
97300	270
97310	272
97320	305
97330	263
97340	302
97350	313
97360	272
97370	260
97380	273
97390	274
97400	298
97410	297
97420	306
97430	308
97440	273
97450	257
97460	287
97470	301
97480	269
97490	273
97500	279
97510	291
97520	281
97530	287
97540	291
97550	291
97560	284
97570	273
97580	287
97590	304
97600	256
97610	309
97620	301
97630	295
97640	298
97650	257
97660	330
97670	261
97680	265
97690	279
97700	290
97710	283
97720	294
97730	279
97740	305
97750	297
97760	280
97770	274
97780	291
97790	264
97800	269
97810	274
97820	280
97830	248
97840	287
97850	264
97860	304
97870	264
97880	269
97890	288
97900	301
97910	261
97920	284
97930	261
97940	275
97950	238
97960	263
97970	268
97980	305
97990	284
98000	277
98010	306
98020	287
98030	274
98040	316
98050	280
98060	281
98070	283
98080	311
98090	246
98100	263
98110	289
98120	269
98130	282
98140	292
98150	276
98160	315
98170	267
98180	294
98190	277
98200	258
98210	282
98220	281
98230	301
98240	250
98250	287
98260	267
98270	280
98280	300
98290	297
98300	277
98310	283
98320	283
98330	272
98340	262
98350	291
98360	285
98370	308
98380	295
98390	255
98400	265
98410	302
98420	260
98430	288
98440	303
98450	278
98460	271
98470	301
98480	299
98490	303
98500	309
98510	293
98520	260
98530	299
98540	287
98550	297
98560	272
98570	264
98580	280
98590	271
98600	282
98610	249
98620	240
98630	279
98640	291
98650	274
98660	270
98670	324
98680	294
98690	281
98700	305
98710	280
98720	306
98730	290
98740	284
98750	278
98760	281
98770	275
98780	273
98790	283
98800	306
98810	284
98820	282
98830	286
98840	257
98850	277
98860	284
98870	296
98880	296
98890	258
98900	283
98910	285
98920	270
98930	287
98940	290
98950	318
98960	275
98970	251
98980	269
98990	273
99000	303
99010	273
99020	267
99030	292
99040	301
99050	279
99060	273
99070	289
99080	270
99090	294
99100	276
99110	278
99120	263
99130	298
99140	306
99150	319
99160	290
99170	282
99180	320
99190	265
99200	310
99210	301
99220	269
99230	314
99240	269
99250	272
99260	285
99270	291
99280	293
99290	280
99300	307
99310	286
99320	304
99330	283
99340	287
99350	312
99360	264
99370	278
99380	285
99390	294
99400	307
99410	319
99420	269
99430	265
99440	292
99450	291
99460	319
99470	277
99480	296
99490	281
99500	307
99510	261
99520	266
99530	284
99540	292
99550	269
99560	271
99570	286
99580	312
99590	291
99600	294
99610	284
99620	281
99630	284
99640	278
99650	291
99660	298
99670	293
99680	285
99690	268
99700	275
99710	276
99720	307
99730	281
99740	283
99750	271
99760	279
99770	289
99780	285
99790	322
99800	289
99810	298
99820	277
99830	292
99840	286
99850	273
99860	318
99870	310
99880	272
99890	273
99900	285
99910	288
99920	281
99930	288
99940	318
99950	312
99960	284
99970	252
99980	271
99990	266
100000	315
100010	283
100020	306
100030	279
100040	307
100050	294
100060	303
100070	328
100080	278
100090	284
100100	295
100110	275
100120	282
100130	291
100140	285
100150	251
100160	307
100170	262
100180	294
100190	283
100200	299
100210	299
100220	259
100230	276
100240	285
100250	295
100260	304
100270	274
100280	262
100290	303
100300	285
100310	288
100320	282
100330	282
100340	296
100350	297
100360	287
100370	265
100380	270
100390	314
100400	248
100410	256
100420	293
100430	291
100440	304
100450	281
100460	280
100470	275
100480	281
100490	275
100500	282
100510	301
100520	301
100530	254
100540	266
100550	310
100560	273
100570	294
100580	293
100590	285
100600	279
100610	279
100620	277
100630	286
100640	273
100650	292
100660	286
100670	278
100680	319
100690	262
100700	279
100710	301
100720	282
100730	320
100740	291
100750	285
100760	273
100770	313
100780	266
100790	288
100800	252
100810	268
100820	297
100830	260
100840	262
100850	289
100860	293
100870	276
100880	300
100890	308
100900	294
100910	321
100920	280
100930	282
100940	278
100950	280
100960	306
100970	271
100980	274
100990	266
101000	287
101010	306
101020	289
101030	268
101040	282
101050	311
101060	286
101070	333
101080	296
101090	264
101100	296
101110	266
101120	294
101130	283
101140	295
101150	293
101160	304
101170	301
101180	289
101190	287
101200	296
101210	292
101220	303
101230	314
101240	286
101250	282
101260	294
101270	264
101280	301
101290	323
101300	296
101310	294
101320	313
101330	270
101340	256
101350	308
101360	265
101370	290
101380	279
101390	316
101400	294
101410	293
101420	279
101430	266
101440	293
101450	297
101460	290
101470	268
101480	259
101490	282
101500	291
101510	284
101520	277
101530	268
101540	250
101550	307
101560	298
101570	263
101580	298
101590	287
101600	287
101610	249
101620	280
101630	276
101640	302
101650	308
101660	290
101670	294
101680	272
101690	270
101700	300
101710	288
101720	320
101730	282
101740	282
101750	264
101760	281
101770	291
101780	271
101790	250
101800	283
101810	296
101820	279
101830	310
101840	279
101850	266
101860	271
101870	300
101880	280
101890	290
101900	302
101910	280
101920	281
101930	283
101940	267
101950	272
101960	299
101970	258
101980	245
101990	268
102000	278
102010	296
102020	285
102030	277
102040	291
102050	293
102060	293
102070	285
102080	317
102090	258
102100	301
102110	295
102120	267
102130	286
102140	264
102150	293
102160	308
102170	294
102180	299
102190	278
102200	288
102210	294
102220	282
102230	297
102240	278
102250	301
102260	245
102270	286
102280	275
102290	291
102300	275
102310	291
102320	290
102330	272
102340	246
102350	308
102360	277
102370	259
102380	267
102390	259
102400	267
102410	310
102420	283
102430	259
102440	308
102450	306
102460	279
102470	253
102480	265
102490	290
102500	303
102510	280
102520	335
102530	274
102540	289
102550	289
102560	316
102570	275
102580	252
102590	300
102600	288
102610	296
102620	305
102630	303
102640	254
102650	284
102660	286
102670	268
102680	266
102690	270
102700	260
102710	295
102720	279
102730	254
102740	273
102750	275
102760	303
102770	251
102780	255
102790	245
102800	302
102810	302
102820	285
102830	307
102840	327
102850	276
102860	270
102870	273
102880	310
102890	292
102900	278
102910	284
102920	301
102930	288
102940	295
102950	256
102960	274
102970	283
102980	270
102990	282
103000	281
103010	272
103020	275
103030	330
103040	274
103050	281
103060	292
103070	288
103080	260
103090	292
103100	281
103110	299
103120	294
103130	281
103140	330
103150	313
103160	281
103170	263
103180	295
103190	288
103200	273
103210	266
103220	265
103230	293
103240	276
103250	267
103260	318
103270	304
103280	305
103290	259
103300	298
103310	273
103320	256
103330	284
103340	280
103350	337
103360	279
103370	286
103380	320
103390	263
103400	272
103410	275
103420	286
103430	290
103440	284
103450	289
103460	274
103470	300
103480	286
103490	304
103500	276
103510	287
103520	292
103530	298
103540	287
103550	305
103560	288
103570	270
103580	272
103590	278
103600	294
103610	286
103620	279
103630	266
103640	286
103650	281
103660	303
103670	279
103680	314
103690	292
103700	254
103710	312
103720	286
103730	256
103740	288
103750	265
103760	313
103770	287
103780	314
103790	296
103800	291
103810	292
103820	283
103830	270
103840	282
103850	299
103860	291
103870	295
103880	284
103890	266
103900	261
103910	291
103920	260
103930	276
103940	284
103950	286
103960	300
103970	275
103980	269
103990	307
104000	260
104010	263
104020	280
104030	286
104040	285
104050	282
104060	297
104070	247
104080	290
104090	275
104100	286
104110	337
104120	288
104130	280
104140	259
104150	312
104160	282
104170	290
104180	303
104190	273
104200	294
104210	287
104220	279
104230	275
104240	293
104250	287
104260	311
104270	296
104280	286
104290	274
104300	285
104310	291
104320	290
104330	313
104340	277
104350	256
104360	245
104370	304
104380	268
104390	273
104400	261
104410	264
104420	288
104430	280
104440	282
104450	309
104460	280
104470	269
104480	287
104490	280
104500	286
104510	245
104520	284
104530	316
104540	278
104550	281
104560	299
104570	271
104580	256
104590	260
104600	286
104610	277
104620	307
104630	298
104640	278
104650	307
104660	272
104670	310
104680	267
104690	275
104700	283
104710	352
104720	282
104730	276
104740	297
104750	289
104760	268
104770	267
104780	272
104790	290
104800	287
104810	277
104820	311
104830	249
104840	286
104850	289
104860	260
104870	290
104880	287
104890	262
104900	269
104910	291
104920	300
104930	321
104940	281
104950	264
104960	261
104970	303
104980	268
104990	295
105000	288
105010	294
105020	275
105030	280
105040	291
105050	286
105060	279
105070	282
105080	268
105090	257
105100	283
105110	313
105120	265
105130	262
105140	314
105150	290
105160	266
105170	285
105180	270
105190	297
105200	274
105210	311
105220	308
105230	255
105240	280
105250	259
105260	289
105270	291
105280	260
105290	299
105300	293
105310	298
105320	306
105330	263
105340	294
105350	294
105360	281
105370	290
105380	294
105390	267
105400	290
105410	267
105420	265
105430	298
105440	277
105450	281
105460	301
105470	266
105480	312
105490	305
105500	262
105510	286
105520	284
105530	276
105540	290
105550	277
105560	286
105570	291
105580	271
105590	336
105600	320
105610	287
105620	262
105630	287
105640	257
105650	274
105660	271
105670	271
105680	270
105690	304
105700	293
105710	298
105720	256
105730	266
105740	285
105750	311
105760	287
105770	283
105780	238
105790	295
105800	284
105810	266
105820	282
105830	301
105840	259
105850	303
105860	262
105870	307
105880	285
105890	281
105900	292
105910	267
105920	296
105930	272
105940	282
105950	305
105960	308
105970	305
105980	295
105990	274
106000	280
106010	302
106020	281
106030	282
106040	283
106050	291
106060	241
106070	273
106080	301
106090	309
106100	287
106110	269
106120	263
106130	283
106140	295
106150	280
106160	268
106170	265
106180	281
106190	272
106200	261
106210	314
106220	293
106230	300
106240	309
106250	310
106260	284
106270	272
106280	280
106290	275
106300	283
106310	333
106320	293
106330	290
106340	304
106350	290
106360	305
106370	274
106380	280
106390	286
106400	278
106410	300
106420	279
106430	268
106440	279
106450	273
106460	288
106470	296
106480	301
106490	269
106500	270
106510	272
106520	276
106530	279
106540	300
106550	304
106560	297
106570	278
106580	271
106590	306
106600	300
106610	304
106620	303
106630	261
106640	267
106650	280
106660	263
106670	268
106680	270
106690	305
106700	265
106710	286
106720	288
106730	267
106740	295
106750	275
106760	303
106770	273
106780	264
106790	282
106800	267
106810	286
106820	285
106830	261
106840	298
106850	310
106860	283
106870	319
106880	250
106890	283
106900	280
106910	254
106920	253
106930	285
106940	275
106950	275
106960	312
106970	254
106980	271
106990	265
107000	286
107010	298
107020	283
107030	293
107040	320
107050	288
107060	287
107070	286
107080	286
107090	286
107100	297
107110	287
107120	261
107130	298
107140	290
107150	291
107160	279
107170	280
107180	282
107190	276
107200	275
107210	266
107220	278
107230	291
107240	298
107250	259
107260	286
107270	284
107280	312
107290	263
107300	284
107310	275
107320	285
107330	282
107340	321
107350	278
107360	305
107370	288
107380	282
107390	272
107400	280
107410	302
107420	286
107430	297
107440	289
107450	305
107460	313
107470	281
107480	271
107490	319
107500	268
107510	273
107520	315
107530	287
107540	307
107550	306
107560	266
107570	264
107580	255
107590	275
107600	293
107610	291
107620	297
107630	308
107640	274
107650	286
107660	288
107670	273
107680	290
107690	279
107700	277
107710	309
107720	274
107730	276
107740	283
107750	296
107760	282
107770	311
107780	311
107790	287
107800	289
107810	306
107820	276
107830	273
107840	298
107850	285
107860	320
107870	265
107880	300
107890	267
107900	263
107910	271
107920	270
107930	269
107940	292
107950	290
107960	279
107970	298
107980	273
107990	256
108000	249
108010	289
108020	287
108030	315
108040	289
108050	280
108060	291
108070	290
108080	311
108090	283
108100	272
108110	286
108120	308
108130	280
108140	273
108150	275
108160	290
108170	301
108180	309
108190	273
108200	289
108210	273
108220	279
108230	254
108240	264
108250	293
108260	282
108270	286
108280	305
108290	276
108300	307
108310	274
108320	310
108330	276
108340	307
108350	278
108360	284
108370	282
108380	249
108390	274
108400	290
108410	286
108420	281
108430	293
108440	250
108450	287
108460	272
108470	273
108480	257
108490	278
108500	288
108510	310
108520	259
108530	280
108540	300
108550	317
108560	280
108570	287
108580	323
108590	253
108600	324
108610	284
108620	282
108630	272
108640	276
108650	269
108660	281
108670	300
108680	279
108690	312
108700	267
108710	269
108720	270
108730	307
108740	301
108750	294
108760	317
108770	302
108780	269
108790	263
108800	261
108810	280
108820	285
108830	293
108840	311
108850	294
108860	314
108870	303
108880	264
108890	270
108900	282
108910	253
108920	276
108930	290
108940	258
108950	283
108960	259
108970	326
108980	303
108990	305
109000	288
109010	268
109020	278
109030	302
109040	304
109050	281
109060	240
109070	265
109080	301
109090	293
109100	299
109110	281
109120	276
109130	276
109140	262
109150	291
109160	293
109170	298
109180	279
109190	268
109200	275
109210	322
109220	272
109230	297
109240	298
109250	253
109260	281
109270	263
109280	308
109290	295
109300	285
109310	281
109320	278
109330	281
109340	294
109350	314
109360	256
109370	284
109380	285
109390	278
109400	275
109410	277
109420	333
109430	304
109440	267
109450	273
109460	283
109470	275
109480	272
109490	291
109500	297
109510	268
109520	324
109530	279
109540	301
109550	280
109560	279
109570	282
109580	274
109590	291
109600	271
109610	306
109620	254
109630	291
109640	271
109650	289
109660	290
109670	297
109680	285
109690	286
109700	266
109710	294
109720	285
109730	317
109740	290
109750	267
109760	272
109770	300
109780	283
109790	283
109800	273
109810	269
109820	314
109830	275
109840	300
109850	268
109860	274
109870	267
109880	278
109890	278
109900	282
109910	268
109920	282
109930	278
109940	271
109950	285
109960	298
109970	288
109980	320
109990	293
110000	288
110010	309
110020	265
110030	296
110040	301
110050	273
110060	272
110070	286
110080	267
110090	315
110100	275
110110	293
110120	257
110130	296
110140	293
110150	318
110160	272
110170	279
110180	283
110190	303
110200	286
110210	270
110220	268
110230	271
110240	285
110250	334
110260	269
110270	295
110280	282
110290	285
110300	300
110310	282
110320	292
110330	311
110340	306
110350	274
110360	313
110370	320
110380	294
110390	281
110400	329
110410	259
110420	270
110430	287
110440	299
110450	286
110460	300
110470	255
110480	295
110490	281
110500	273
110510	286
110520	288
110530	312
110540	300
110550	289
110560	293
110570	254
110580	295
110590	264
110600	286
110610	294
110620	307
110630	281
110640	274
110650	261
110660	282
110670	284
110680	277
110690	303
110700	258
110710	293
110720	258
110730	286
110740	288
110750	266
110760	322
110770	286
110780	270
110790	297
110800	272
110810	279
110820	283
110830	295
110840	309
110850	266
110860	261
110870	280
110880	305
110890	265
110900	287
110910	309
110920	301
110930	275
110940	262
110950	289
110960	290
110970	255
110980	286
110990	288
111000	258
111010	292
111020	292
111030	288
111040	280
111050	304
111060	306
111070	300
111080	285
111090	294
111100	273
111110	300
111120	289
111130	277
111140	265
111150	283
111160	276
111170	300
111180	302
111190	287
111200	282
111210	284
111220	280
111230	295
111240	279
111250	285
111260	272
111270	271
111280	279
111290	301
111300	322
111310	285
111320	284
111330	299
111340	281
111350	287
111360	263
111370	278
111380	282
111390	277
111400	236
111410	258
111420	289
111430	281
111440	306
111450	267
111460	256
111470	254
111480	312
111490	291
111500	293
111510	304
111520	261
111530	279
111540	252
111550	276
111560	292
111570	280
111580	303
111590	300
111600	283
111610	253
111620	281
111630	280
111640	295
111650	269
111660	288
111670	295
111680	302
111690	274
111700	291
111710	280
111720	291
111730	288
111740	315
111750	282
111760	254
111770	311
111780	273
111790	290
111800	299
111810	252
111820	296
111830	294
111840	297
111850	283
111860	298
111870	271
111880	256
111890	280
111900	300
111910	302
111920	292
111930	318
111940	292
111950	262
111960	274
111970	261
111980	264
111990	284
112000	280
112010	285
112020	249
112030	268
112040	287
112050	303
112060	269
112070	285
112080	254
112090	281
112100	273
112110	291
112120	275
112130	265
112140	272
112150	241
112160	276
112170	276
112180	280
112190	273
112200	273
112210	276
112220	295
112230	284
112240	283
112250	276
112260	288
112270	331
112280	280
112290	286
112300	277
112310	273
112320	281
112330	287
112340	250
112350	285
112360	295
112370	285
112380	278
112390	284
112400	287
112410	290
112420	281
112430	287
112440	306
112450	277
112460	282
112470	281
112480	297
112490	286
112500	272
112510	285
112520	299
112530	302
112540	288
112550	283
112560	280
112570	287
112580	270
112590	264
112600	301
112610	275
112620	306
112630	291
112640	295
112650	281
112660	264
112670	283
112680	297
112690	279
112700	295
112710	293
112720	281
112730	293
112740	292
112750	286
112760	287
112770	294
112780	273
112790	289
112800	294
112810	287
112820	302
112830	280
112840	286
112850	273
112860	266
112870	253
112880	330
112890	293
112900	299
112910	310
112920	274
112930	281
112940	308
112950	283
112960	289
112970	295
112980	271
112990	259
113000	276
113010	283
113020	273
113030	283
113040	305
113050	274
113060	281
113070	294
113080	296
113090	266
113100	296
113110	294
113120	275
113130	283
113140	303
113150	282
113160	291
113170	309
113180	288
113190	278
113200	292
113210	282
113220	259
113230	257
113240	282
113250	289
113260	256
113270	299
113280	297
113290	309
113300	270
113310	284
113320	296
113330	318
113340	299
113350	298
113360	256
113370	286
113380	292
113390	309
113400	255
113410	294
113420	311
113430	273
113440	292
113450	317
113460	283
113470	295
113480	309
113490	273
113500	273
113510	291
113520	274
113530	256
113540	266
113550	283
113560	279
113570	282
113580	298
113590	286
113600	284
113610	291
113620	266
113630	286
113640	255
113650	271
113660	285
113670	304
113680	257
113690	260
113700	264
113710	282
113720	285
113730	269
113740	282
113750	333
113760	276
113770	294
113780	260
113790	293
113800	297
113810	292
113820	293
113830	286
113840	299
113850	283
113860	261
113870	299
113880	277
113890	283
113900	275
113910	268
113920	254
113930	278
113940	294
113950	291
113960	274
113970	273
113980	288
113990	306
114000	280
114010	269
114020	300
114030	284
114040	315
114050	261
114060	284
114070	308
114080	294
114090	307
114100	257
114110	277
114120	313
114130	280
114140	274
114150	279
114160	324
114170	279
114180	277
114190	288
114200	265
114210	304
114220	250
114230	310
114240	280
114250	283
114260	260
114270	313
114280	289
114290	282
114300	295
114310	297
114320	276
114330	304
114340	280
114350	270
114360	308
114370	299
114380	293
114390	294
114400	290
114410	295
114420	265
114430	295
114440	311
114450	268
114460	269
114470	282
114480	315
114490	269
114500	274
114510	274
114520	288
114530	271
114540	299
114550	276
114560	280
114570	270
114580	291
114590	283
114600	294
114610	287
114620	301
114630	283
114640	273
114650	299
114660	286
114670	294
114680	265
114690	290
114700	266
114710	299
114720	309
114730	298
114740	276
114750	322
114760	300
114770	268
114780	255
114790	290
114800	296
114810	290
114820	301
114830	287
114840	295
114850	284
114860	299
114870	270
114880	292
114890	290
114900	278
114910	264
114920	280
114930	303
114940	273
114950	260
114960	272
114970	253
114980	293
114990	282
115000	266
115010	295
115020	289
115030	300
115040	269
115050	276
115060	308
115070	261
115080	277
115090	289
115100	286
115110	282
115120	293
115130	292
115140	273
115150	288
115160	257
115170	325
115180	269
115190	289
115200	284
115210	297
115220	263
115230	281
115240	274
115250	277
115260	282
115270	308
115280	269
115290	285
115300	289
115310	297
115320	301
115330	261
115340	289
115350	281
115360	295
115370	270
115380	282
115390	297
115400	313
115410	317
115420	296
115430	281
115440	308
115450	274
115460	290
115470	264
115480	270
115490	292
115500	306
115510	274
115520	302
115530	245
115540	298
115550	286
115560	284
115570	293
115580	292
115590	286
115600	276
115610	278
115620	265
115630	291
115640	263
115650	297
115660	298
115670	282
115680	265
115690	265
115700	279
115710	293
115720	280
115730	298
115740	268
115750	283
115760	293
115770	281
115780	277
115790	310
115800	300
115810	285
115820	287
115830	281
115840	259
115850	287
115860	285
115870	267
115880	293
115890	294
115900	284
115910	307
115920	307
115930	269
115940	269
115950	298
115960	256
115970	272
115980	290
115990	275
116000	268
116010	260
116020	269
116030	292
116040	309
116050	324
116060	258
116070	324
116080	276
116090	266
116100	292
116110	281
116120	270
116130	238
116140	290
116150	246
116160	298
116170	265
116180	246
116190	293
116200	286
116210	261
116220	307
116230	276
116240	293
116250	299
116260	274
116270	280
116280	283
116290	289
116300	296
116310	283
116320	286
116330	296
116340	257
116350	298
116360	294
116370	250
116380	274
116390	292
116400	287
116410	306
116420	279
116430	253
116440	283
116450	317
116460	282
116470	299
116480	295
116490	271
116500	268
116510	283
116520	282
116530	312
116540	303
116550	255
116560	296
116570	276
116580	280
116590	267
116600	262
116610	272
116620	288
116630	286
116640	261
116650	286
116660	274
116670	284
116680	277
116690	278
116700	288
116710	276
116720	279
116730	286
116740	291
116750	307
116760	263
116770	289
116780	287
116790	288
116800	265
116810	277
116820	256
116830	297
116840	292
116850	276
116860	292
116870	285
116880	301
116890	266
116900	325
116910	240
116920	303
116930	298
116940	308
116950	269
116960	281
116970	275
116980	293
116990	286
117000	286
117010	275
117020	282
117030	292
117040	279
117050	268
117060	302
117070	291
117080	292
117090	262
117100	269
117110	295
117120	302
117130	285
117140	288
117150	293
117160	272
117170	254
117180	265
117190	302
117200	277
117210	291
117220	249
117230	268
117240	272
117250	285
117260	272
117270	289
117280	309
117290	262
117300	281
117310	278
117320	250
117330	280
117340	302
117350	270
117360	296
117370	246
117380	263
117390	290
117400	316
117410	293
117420	284
117430	304
117440	291
117450	288
117460	301
117470	290
117480	293
117490	256
117500	287
117510	255
117520	271
117530	300
117540	309
117550	285
117560	277
117570	300
117580	278
117590	292
117600	277
117610	256
117620	261
117630	284
117640	286
117650	290
117660	271
117670	296
117680	283
117690	264
117700	299
117710	291
117720	286
117730	258
117740	282
117750	284
117760	317
117770	299
117780	280
117790	297
117800	287
117810	277
117820	309
117830	296
117840	276
117850	281
117860	274
117870	270
117880	324
117890	285
117900	279
117910	281
117920	290
117930	294
117940	273
117950	256
117960	262
117970	298
117980	287
117990	288
118000	266
118010	306
118020	298
118030	291
118040	299
118050	265
118060	287
118070	302
118080	270
118090	271
118100	283
118110	304
118120	252
118130	266
118140	293
118150	295
118160	310
118170	258
118180	296
118190	273
118200	277
118210	277
118220	281
118230	250
118240	288
118250	254
118260	267
118270	286
118280	318
118290	318
118300	282
118310	292
118320	274
118330	308
118340	316
118350	294
118360	288
118370	277
118380	264
118390	287
118400	287
118410	259
118420	246
118430	280
118440	298
118450	302
118460	291
118470	299
118480	265
118490	281
118500	273
118510	258
118520	289
118530	274
118540	304
118550	310
118560	277
118570	286
118580	291
118590	279
118600	291
118610	257
118620	289
118630	266
118640	269
118650	303
118660	276
118670	270
118680	277
118690	269
118700	292
118710	291
118720	284
118730	276
118740	264
118750	279
118760	269
118770	300
118780	282
118790	273
118800	311
118810	283
118820	323
118830	303
118840	293
118850	291
118860	281
118870	286
118880	290
118890	299
118900	278
118910	295
118920	319
118930	283
118940	266
118950	291
118960	283
118970	265
118980	247
118990	310
119000	273
119010	279
119020	257
119030	268
119040	267
119050	310
119060	282
119070	291
119080	284
119090	284
119100	271
119110	300
119120	284
119130	281
119140	288
119150	279
119160	318
119170	282
119180	291
119190	296
119200	260
119210	255
119220	277
119230	301
119240	288
119250	284
119260	290
119270	301
119280	281
119290	288
119300	305
119310	270
119320	262
119330	300
119340	282
119350	269
119360	342
119370	288
119380	264
119390	296
119400	276
119410	279
119420	256
119430	301
119440	294
119450	306
119460	302
119470	293
119480	306
119490	285
119500	262
119510	279
119520	287
119530	291
119540	305
119550	260
119560	275
119570	297
119580	272
119590	275
119600	275
119610	273
119620	290
119630	281
119640	308
119650	291
119660	281
119670	282
119680	263
119690	270
119700	275
119710	265
119720	267
119730	271
119740	284
119750	288
119760	303
119770	286
119780	257
119790	298
119800	286
119810	280
119820	289
119830	252
119840	287
119850	278
119860	264
119870	280
119880	288
119890	257
119900	278
119910	288
119920	281
119930	277
119940	259
119950	305
119960	266
119970	270
119980	283
119990	300
120000	267
120010	268
120020	272
120030	296
120040	294
120050	304
120060	256
120070	276
120080	283
120090	290
120100	284
120110	285
120120	253
120130	288
120140	321
120150	292
120160	289
120170	281
120180	261
120190	272
120200	311
120210	289
120220	281
120230	283
120240	277
120250	272
120260	294
120270	306
120280	283
120290	298
120300	289
120310	278
120320	288
120330	277
120340	301
120350	284
120360	302
120370	300
120380	300
120390	264
120400	283
120410	276
120420	288
120430	276
120440	286
120450	291
120460	292
120470	286
120480	276
120490	288
120500	275
120510	276
120520	286
120530	294
120540	275
120550	291
120560	286
120570	299
120580	263
120590	293
120600	277
120610	287
120620	284
120630	267
120640	309
120650	271
120660	262
120670	271
120680	263
120690	295
120700	284
120710	265
120720	305
120730	297
120740	301
120750	296
120760	254
120770	283
120780	298
120790	286
120800	297
120810	283
120820	268
120830	269
120840	281
120850	304
120860	296
120870	279
120880	284
120890	268
120900	279
120910	286
120920	259
120930	300
120940	287
120950	277
120960	264
120970	282
120980	276
120990	279
121000	251
121010	277
121020	250
121030	257
121040	284
121050	297
121060	276
121070	316
121080	292
121090	301
121100	259
121110	292
121120	290
121130	256
121140	281
121150	285
121160	266
121170	311
121180	254
121190	266
121200	283
121210	297
121220	309
121230	316
121240	276
121250	277
121260	248
121270	303
121280	305
121290	285
121300	263
121310	290
121320	278
121330	260
121340	284
121350	294
121360	272
121370	281
121380	288
121390	306
121400	276
121410	283
121420	288
121430	330
121440	266
121450	280
121460	276
121470	277
121480	282
121490	265
121500	275
121510	286
121520	281
121530	289
121540	282
121550	288
121560	258
121570	273
121580	278
121590	268
121600	278
121610	286
121620	287
121630	283
121640	264
121650	269
121660	283
121670	249
121680	300
121690	268
121700	295
121710	324
121720	282
121730	298
121740	280
121750	286
121760	272
121770	314
121780	294
121790	280
121800	287
121810	286
121820	293
121830	278
121840	304
121850	262
121860	297
121870	279
121880	291
121890	307
121900	284
121910	293
121920	269
121930	273
121940	266
121950	262
121960	262
121970	286
121980	281
121990	284
122000	286
122010	298
122020	285
122030	319
122040	294
122050	280
122060	291
122070	280
122080	282
122090	325
122100	305
122110	271
122120	276
122130	281
122140	301
122150	288
122160	284
122170	300
122180	269
122190	274
122200	301
122210	274
122220	279
122230	295
122240	258
122250	281
122260	263
122270	294
122280	297
122290	289
122300	287
122310	288
122320	285
122330	286
122340	294
122350	256
122360	261
122370	265
122380	249
122390	296
122400	315
122410	262
122420	320
122430	306
122440	286
122450	331
122460	309
122470	309
122480	273
122490	288
122500	296
122510	273
122520	269
122530	268
122540	296
122550	257
122560	287
122570	284
122580	297
122590	288
122600	283
122610	318
122620	306
122630	286
122640	319
122650	287
122660	284
122670	274
122680	296
122690	271
122700	298
122710	289
122720	278
122730	284
122740	264
122750	284
122760	282
122770	275
122780	260
122790	323
122800	271
122810	287
122820	282
122830	287
122840	265
122850	275
122860	268
122870	285
122880	273
122890	298
122900	295
122910	275
122920	281
122930	277
122940	314
122950	267
122960	293
122970	252
122980	288
122990	280
123000	294
123010	262
123020	268
123030	289
123040	303
123050	291
123060	264
123070	274
123080	301
123090	287
123100	280
123110	247
123120	287
123130	292
123140	305
123150	301
123160	269
123170	276
123180	283
123190	297
123200	281
123210	282
123220	298
123230	299
123240	284
123250	313
123260	292
123270	295
123280	273
123290	260
123300	268
123310	285
123320	296
123330	299
123340	276
123350	305
123360	311
123370	250
123380	275
123390	298
123400	283
123410	284
123420	290
123430	256
123440	279
123450	286
123460	260
123470	278
123480	260
123490	293
123500	277
123510	292
123520	281
123530	260
123540	282
123550	278
123560	243
123570	292
123580	254
123590	315
123600	287
123610	311
123620	275
123630	261
123640	312
123650	302
123660	234
123670	305
123680	289
123690	266
123700	279
123710	295
123720	268
123730	290
123740	269
123750	290
123760	270
123770	303
123780	294
123790	271
123800	281
123810	280
123820	269
123830	245
123840	309
123850	288
123860	281
123870	248
123880	292
123890	309
123900	275
123910	275
123920	273
123930	275
123940	261
123950	264
123960	288
123970	296
123980	278
123990	265
124000	296
124010	317
124020	288
124030	270
124040	284
124050	265
124060	266
124070	299
124080	310
124090	280
124100	303
124110	310
124120	284
124130	286
124140	306
124150	270
124160	306
124170	252
124180	280
124190	264
124200	275
124210	274
124220	286
124230	250
124240	259
124250	264
124260	294
124270	278
124280	264
124290	271
124300	276
124310	260
124320	310
124330	260
124340	310
124350	294
124360	284
124370	272
124380	305
124390	273
124400	279
124410	290
124420	267
124430	278
124440	280
124450	256
124460	295
124470	296
124480	268
124490	274
124500	283
124510	297
124520	271
124530	284
124540	252
124550	261
124560	279
124570	271
124580	302
124590	278
124600	270
124610	287
124620	296
124630	264
124640	268
124650	267
124660	266
124670	300
124680	290
124690	288
124700	294
124710	286
124720	284
124730	302
124740	285
124750	290
124760	299
124770	264
124780	272
124790	312
124800	296
124810	315
124820	294
124830	288
124840	276
124850	279
124860	290
124870	280
124880	295
124890	304
124900	272
124910	281
124920	292
124930	290
124940	274
124950	317
124960	295
124970	226
124980	263
124990	291
125000	266
125010	288
125020	270
125030	289
125040	295
125050	277
125060	283
125070	316
125080	321
125090	257
125100	280
125110	295
125120	277
125130	282
125140	268
125150	300
125160	283
125170	275
125180	283
125190	296
125200	291
125210	302
125220	265
125230	293
125240	286
125250	293
125260	263
125270	283
125280	282
125290	302
125300	271
125310	277
125320	274
125330	291
125340	307
125350	277
125360	283
125370	263
125380	247
125390	273
125400	289
125410	258
125420	298
125430	275
125440	308
125450	311
125460	309
125470	265
125480	258
125490	267
125500	285
125510	266
125520	268
125530	288
125540	309
125550	273
125560	294
125570	322
125580	293
125590	285
125600	277
125610	296
125620	256
125630	258
125640	294
125650	298
125660	296
125670	298
125680	312
125690	260
125700	296
125710	276
125720	266
125730	273
125740	304
125750	314
125760	286
125770	284
125780	272
125790	297
125800	290
125810	306
125820	281
125830	274
125840	302
125850	289
125860	265
125870	302
125880	309
125890	266
125900	302
125910	299
125920	268
125930	300
125940	314
125950	283
125960	287
125970	292
125980	267
125990	298
126000	303
126010	274
126020	249
126030	274
126040	293
126050	291
126060	266
126070	260
126080	294
126090	282
126100	290
126110	288
126120	280
126130	286
126140	271
126150	329
126160	308
126170	292
126180	254
126190	268
126200	299
126210	270
126220	305
126230	272
126240	292
126250	267
126260	291
126270	293
126280	290
126290	265
126300	286
126310	301
126320	296
126330	284
126340	308
126350	301
126360	263
126370	267
126380	293
126390	284
126400	305
126410	296
126420	292
126430	320
126440	281
126450	269
126460	312
126470	287
126480	275
126490	240
126500	305
126510	288
126520	292
126530	291
126540	304
126550	299
126560	268
126570	284
126580	272
126590	282
126600	304
126610	291
126620	295
126630	278
126640	283
126650	285
126660	305
126670	304
126680	298
126690	258
126700	290
126710	278
126720	273
126730	269
126740	286
126750	286
126760	273
126770	306
126780	289
126790	304
126800	271
126810	304
126820	248
126830	265
126840	309
126850	278
126860	268
126870	290
126880	317
126890	298
126900	304
126910	286
126920	274
126930	310
126940	285
126950	288
126960	278
126970	322
126980	260
126990	296
127000	318
127010	299
127020	255
127030	277
127040	276
127050	291
127060	275
127070	286
127080	273
127090	285
127100	284
127110	299
127120	276
127130	300
127140	289
127150	292
127160	296
127170	292
127180	291
127190	265
127200	302
127210	247
127220	292
127230	307
127240	271
127250	265
127260	276
127270	292
127280	291
127290	277
127300	283
127310	275
127320	280
127330	305
127340	329
127350	280
127360	303
127370	274
127380	309
127390	306
127400	302
127410	289
127420	288
127430	291
127440	284
127450	263
127460	295
127470	269
127480	258
127490	278
127500	314
127510	286
127520	275
127530	278
127540	293
127550	251
127560	291
127570	288
127580	289
127590	306
127600	293
127610	307
127620	285
127630	296
127640	281
127650	300
127660	300
127670	288
127680	297
127690	269
127700	260
127710	301
127720	285
127730	299
127740	302
127750	295
127760	291
127770	297
127780	291
127790	307
127800	296
127810	285
127820	280
127830	295
127840	318
127850	256
127860	298
127870	261
127880	272
127890	292
127900	312
127910	275
127920	321
127930	294
127940	288
127950	262
127960	254
127970	270
127980	289
127990	292
128000	306
128010	266
128020	288
128030	291
128040	288
128050	285
128060	288
128070	290
128080	278
128090	261
128100	300
128110	263
128120	270
128130	304
128140	306
128150	275
128160	295
128170	295
128180	306
128190	284
128200	295
128210	255
128220	250
128230	298
128240	288
128250	303
128260	317
128270	270
128280	283
128290	281
128300	248
128310	263
128320	277
128330	263
128340	327
128350	306
128360	241
128370	292
128380	292
128390	271
128400	313
128410	317
128420	286
128430	281
128440	270
128450	293
128460	254
128470	301
128480	268
128490	272
128500	302
128510	271
128520	281
128530	290
128540	274
128550	277
128560	270
128570	306
128580	281
128590	286
128600	282
128610	266
128620	304
128630	283
128640	281
128650	305
128660	280
128670	279
128680	266
128690	262
128700	306
128710	301
128720	313
128730	320
128740	309
128750	300
128760	285
128770	257
128780	292
128790	321
128800	291
128810	282
128820	292
128830	294
128840	272
128850	283
128860	305
128870	268
128880	275
128890	285
128900	290
128910	274
128920	304
128930	279
128940	301
128950	252
128960	292
128970	287
128980	293
128990	295
129000	290
129010	278
129020	293
129030	288
129040	275
129050	279
129060	281
129070	277
129080	290
129090	316
129100	275
129110	289
129120	295
129130	252
129140	282
129150	300
129160	295
129170	295
129180	261
129190	272
129200	274
129210	304
129220	301
129230	276
129240	292
129250	287
129260	301
129270	280
129280	303
129290	294
129300	283
129310	281
129320	350
129330	285
129340	280
129350	288
129360	263
129370	289
129380	289
129390	290
129400	290
129410	285
129420	271
129430	246
129440	279
129450	277
129460	279
129470	303
129480	290
129490	294
129500	246
129510	279
129520	299
129530	282
129540	272
129550	265
129560	300
129570	284
129580	300
129590	290
129600	283
129610	311
129620	272
129630	296
129640	280
129650	297
129660	286
129670	277
129680	296
129690	261
129700	275
129710	294
129720	292
129730	303
129740	292
129750	285
129760	278
129770	273
129780	254
129790	284
129800	267
129810	301
129820	261
129830	283
129840	281
129850	259
129860	282
129870	295
129880	285
129890	260
129900	318
129910	289
129920	291
129930	276
129940	322
129950	273
129960	293
129970	316
129980	268
129990	275
130000	278
130010	262
130020	331
130030	293
130040	263
130050	284
130060	298
130070	290
130080	262
130090	263
130100	289
130110	273
130120	272
130130	289
130140	260
130150	299
130160	304
130170	289
130180	301
130190	291
130200	285
130210	303
130220	283
130230	297
130240	276
130250	273
130260	295
130270	289
130280	298
130290	270
130300	278
130310	300
130320	270
130330	273
130340	291
130350	285
130360	296
130370	304
130380	304
130390	300
130400	304
130410	291
130420	290
130430	265
130440	294
130450	275
130460	283
130470	274
130480	304
130490	319
130500	309
130510	295
130520	287
130530	301
130540	278
130550	291
130560	269
130570	244
130580	287
130590	294
130600	305
130610	297
130620	286
130630	305
130640	279
130650	295
130660	302
130670	298
130680	279
130690	274
130700	235
130710	295
130720	255
130730	269
130740	297
130750	315
130760	268
130770	295
130780	273
130790	301
130800	287
130810	291
130820	288
130830	310
130840	303
130850	279
130860	275
130870	269
130880	286
130890	294
130900	275
130910	275
130920	264
130930	289
130940	278
130950	301
130960	267
130970	277
130980	293
130990	301
131000	295
131010	277
131020	289
131030	311
131040	284
131050	281
131060	305
131070	284
131080	263
131090	257
131100	295
131110	288
131120	325
131130	271
131140	282
131150	276
131160	302
131170	296
131180	295
131190	316
131200	301
131210	278
131220	281
131230	287
131240	282
131250	285
131260	321
131270	290
131280	307
131290	299
131300	302
131310	275
131320	272
131330	290
131340	288
131350	304
131360	296
131370	268
131380	305
131390	282
131400	276
131410	292
131420	276
131430	275
131440	301
131450	295
131460	286
131470	307
131480	285
131490	268
131500	316
131510	275
131520	304
131530	281
131540	294
131550	289
131560	284
131570	320
131580	285
131590	265
131600	281
131610	288
131620	297
131630	288
131640	287
131650	286
131660	285
131670	261
131680	289
131690	314
131700	314
131710	293
131720	256
131730	274
131740	284
131750	255
131760	263
131770	297
131780	284
131790	267
131800	270
131810	287
131820	300
131830	282
131840	255
131850	286
131860	263
131870	300
131880	280
131890	298
131900	269
131910	269
131920	295
131930	311
131940	309
131950	283
131960	298
131970	292
131980	287
131990	278
132000	276
132010	321
132020	295
132030	288
132040	271
132050	279
132060	276
132070	281
132080	278
132090	274
132100	304
132110	300
132120	259
132130	285
132140	262
132150	282
132160	287
132170	295
132180	258
132190	281
132200	287
132210	296
132220	270
132230	244
132240	294
132250	271
132260	287
132270	275
132280	318
132290	277
132300	300
132310	290
132320	268
132330	253
132340	298
132350	263
132360	273
132370	258
132380	261
132390	245
132400	279
132410	297
132420	314
132430	312
132440	284
132450	296
132460	274
132470	301
132480	328
132490	315
132500	302
132510	293
132520	276
132530	262
132540	303
132550	283
132560	278
132570	284
132580	289
132590	324
132600	273
132610	283
132620	270
132630	256
132640	314
132650	269
132660	260
132670	267
132680	293
132690	259
132700	278
132710	280
132720	269
132730	294
132740	283
132750	280
132760	290
132770	258
132780	304
132790	268
132800	287
132810	278
132820	279
132830	318
132840	286
132850	274
132860	267
132870	302
132880	333
132890	299
132900	293
132910	294
132920	293
132930	272
132940	286
132950	318
132960	289
132970	266
132980	296
132990	289
133000	279
133010	253
133020	298
133030	273
133040	278
133050	284
133060	283
133070	289
133080	318
133090	296
133100	280
133110	251
133120	270
133130	273
133140	286
133150	296
133160	260
133170	287
133180	285
133190	279
133200	252
133210	295
133220	260
133230	280
133240	285
133250	293
133260	299
133270	263
133280	271
133290	305
133300	269
133310	302
133320	283
133330	288
133340	272
133350	275
133360	288
133370	289
133380	279
133390	275
133400	269
133410	283
133420	284
133430	268
133440	299
133450	253
133460	315
133470	313
133480	281
133490	285
133500	305
133510	264
133520	266
133530	274
133540	318
133550	299
133560	279
133570	285
133580	306
133590	268
133600	278
133610	284
133620	298
133630	298
133640	293
133650	308
133660	283
133670	261
133680	266
133690	253
133700	294
133710	263
133720	310
133730	290
133740	298
133750	269
133760	286
133770	278
133780	269
133790	288
133800	257
133810	289
133820	291
133830	282
133840	298
133850	293
133860	294
133870	283
133880	268
133890	289
133900	293
133910	262
133920	277
133930	298
133940	283
133950	295
133960	304
133970	266
133980	271
133990	279
134000	297
134010	260
134020	276
134030	277
134040	283
134050	284
134060	280
134070	278
134080	277
134090	302
134100	248
134110	296
134120	315
134130	263
134140	287
134150	299
134160	280
134170	283
134180	270
134190	279
134200	309
134210	264
134220	308
134230	305
134240	273
134250	305
134260	303
134270	294
134280	293
134290	310
134300	271
134310	298
134320	265
134330	280
134340	270
134350	300
134360	283
134370	275
134380	300
134390	272
134400	296
134410	270
134420	272
134430	303
134440	285
134450	291
134460	261
134470	284
134480	272
134490	324
134500	267
134510	300
134520	265
134530	268
134540	289
134550	295
134560	306
134570	274
134580	259
134590	296
134600	248
134610	289
134620	297
134630	310
134640	286
134650	266
134660	285
134670	287
134680	282
134690	276
134700	295
134710	273
134720	288
134730	298
134740	288
134750	279
134760	286
134770	301
134780	244
134790	272
134800	279
134810	299
134820	308
134830	266
134840	260
134850	271
134860	294
134870	277
134880	313
134890	227
134900	274
134910	269
134920	273
134930	279
134940	288
134950	285
134960	274
134970	278
134980	274
134990	281
135000	282
135010	289
135020	270
135030	269
135040	265
135050	301
135060	276
135070	274
135080	290
135090	283
135100	302
135110	281
135120	279
135130	301
135140	272
135150	299
135160	266
135170	279
135180	269
135190	276
135200	265
135210	278
135220	283
135230	278
135240	275
135250	288
135260	259
135270	279
135280	291
135290	291
135300	259
135310	264
135320	286
135330	277
135340	281
135350	283
135360	279
135370	289
135380	291
135390	298
135400	273
135410	286
135420	292
135430	311
135440	266
135450	299
135460	298
135470	266
135480	275
135490	284
135500	259
135510	306
135520	281
135530	292
135540	289
135550	275
135560	301
135570	264
135580	278
135590	290
135600	280
135610	272
135620	291
135630	302
135640	289
135650	298
135660	261
135670	294
135680	276
135690	293
135700	262
135710	283
135720	315
135730	253
135740	292
135750	292
135760	268
135770	281
135780	310
135790	286
135800	290
135810	268
135820	285
135830	261
135840	300
135850	280
135860	273
135870	279
135880	274
135890	289
135900	274
135910	308
135920	304
135930	263
135940	296
135950	319
135960	277
135970	287
135980	276
135990	260
136000	300
136010	286
136020	269
136030	272
136040	307
136050	275
136060	263
136070	295
136080	254
136090	256
136100	290
136110	302
136120	267
136130	264
136140	289
136150	288
136160	272
136170	300
136180	295
136190	282
136200	263
136210	283
136220	290
136230	300
136240	292
136250	291
136260	303
136270	306
136280	282
136290	256
136300	313
136310	281
136320	282
136330	293
136340	263
136350	258
136360	261
136370	293
136380	293
136390	281
136400	254
136410	289
136420	264
136430	275
136440	270
136450	255
136460	282
136470	291
136480	275
136490	256
136500	289
136510	308
136520	307
136530	292
136540	281
136550	288
136560	280
136570	267
136580	284
136590	294
136600	313
136610	296
136620	265
136630	248
136640	290
136650	306
136660	283
136670	277
136680	309
136690	290
136700	279
136710	262
136720	280
136730	290
136740	291
136750	303
136760	285
136770	286
136780	287
136790	307
136800	267
136810	309
136820	284
136830	295
136840	301
136850	292
136860	273
136870	292
136880	300
136890	291
136900	295
136910	263
136920	287
136930	277
136940	277
136950	289
136960	262
136970	312
136980	234
136990	287
137000	315
137010	288
137020	264
137030	293
137040	286
137050	276
137060	296
137070	287
137080	269
137090	281
137100	297
137110	272
137120	279
137130	275
137140	282
137150	276
137160	275
137170	300
137180	320
137190	308
137200	277
137210	276
137220	263
137230	334
137240	295
137250	284
137260	287
137270	298
137280	288
137290	290
137300	279
137310	283
137320	279
137330	275
137340	265
137350	301
137360	267
137370	324
137380	260
137390	282
137400	269
137410	286
137420	283
137430	291
137440	280
137450	277
137460	268
137470	295
137480	297
137490	286
137500	274
137510	302
137520	316
137530	296
137540	281
137550	289
137560	270
137570	280
137580	284
137590	271
137600	269
137610	320
137620	299
137630	299
137640	278
137650	283
137660	307
137670	293
137680	279
137690	285
137700	292
137710	290
137720	279
137730	278
137740	298
137750	285
137760	311
137770	284
137780	281
137790	269
137800	265
137810	298
137820	288
137830	276
137840	297
137850	291
137860	304
137870	293
137880	291
137890	303
137900	282
137910	267
137920	293
137930	259
137940	282
137950	282
137960	262
137970	270
137980	308
137990	291
138000	263
138010	281
138020	292
138030	241
138040	255
138050	294
138060	299
138070	300
138080	297
138090	292
138100	263
138110	285
138120	292
138130	282
138140	324
138150	280
138160	266
138170	301
138180	300
138190	295
138200	283
138210	273
138220	292
138230	295
138240	312
138250	270
138260	301
138270	281
138280	262
138290	280
138300	282
138310	314
138320	288
138330	280
138340	282
138350	238
138360	295
138370	287
138380	299
138390	283
138400	245
138410	307
138420	303
138430	280
138440	271
138450	311
138460	266
138470	264
138480	296
138490	307
138500	270
138510	298
138520	290
138530	316
138540	317
138550	263
138560	301
138570	263
138580	269
138590	275
138600	317
138610	298
138620	294
138630	306
138640	279
138650	287
138660	308
138670	257
138680	299
138690	283
138700	297
138710	285
138720	299
138730	253
138740	294
138750	282
138760	274
138770	281
138780	272
138790	297
138800	285
138810	290
138820	285
138830	295
138840	295
138850	304
138860	267
138870	300
138880	284
138890	254
138900	279
138910	285
138920	306
138930	249
138940	275
138950	289
138960	289
138970	291
138980	287
138990	283
139000	278
139010	264
139020	313
139030	327
139040	274
139050	296
139060	303
139070	299
139080	299
139090	274
139100	293
139110	269
139120	290
139130	307
139140	280
139150	277
139160	289
139170	287
139180	262
139190	285
139200	262
139210	287
139220	298
139230	263
139240	272
139250	277
139260	281
139270	300
139280	254
139290	263
139300	290
139310	309
139320	305
139330	265
139340	302
139350	279
139360	263
139370	308
139380	275
139390	261
139400	288
139410	300
139420	284
139430	274
139440	292
139450	289
139460	259
139470	292
139480	283
139490	272
139500	276
139510	282
139520	298
139530	290
139540	301
139550	274
139560	298
139570	303
139580	310
139590	278
139600	277
139610	272
139620	320
139630	281
139640	264
139650	306
139660	294
139670	296
139680	271
139690	283
139700	271
139710	278
139720	281
139730	271
139740	268
139750	292
139760	293
139770	281
139780	310
139790	295
139800	275
139810	282
139820	266
139830	275
139840	287
139850	285
139860	308
139870	289
139880	266
139890	287
139900	313
139910	273
139920	294
139930	285
139940	293
139950	278
139960	275
139970	278
139980	298
139990	315
140000	296
140010	289
140020	270
140030	282
140040	261
140050	286
140060	270
140070	275
140080	279
140090	309
140100	300
140110	287
140120	310
140130	264
140140	279
140150	283
140160	274
140170	276
140180	308
140190	299
140200	274
140210	282
140220	296
140230	307
140240	285
140250	271
140260	287
140270	327
140280	280
140290	295
140300	320
140310	297
140320	267
140330	265
140340	273
140350	299
140360	267
140370	304
140380	258
140390	294
140400	295
140410	282
140420	317
140430	311
140440	255
140450	283
140460	315
140470	268
140480	280
140490	276
140500	275
140510	279
140520	276
140530	281
140540	233
140550	277
140560	288
140570	275
140580	272
140590	277
140600	287
140610	281
140620	280
140630	276
140640	249
140650	303
140660	250
140670	277
140680	321
140690	270
140700	269
140710	261
140720	285
140730	264
140740	280
140750	258
140760	269
140770	286
140780	271
140790	308
140800	268
140810	307
140820	277
140830	290
140840	295
140850	255
140860	267
140870	316
140880	289
140890	292
140900	307
140910	272
140920	276
140930	302
140940	281
140950	249
140960	297
140970	266
140980	295
140990	255
141000	258
141010	322
141020	249
141030	276
141040	254
141050	276
141060	288
141070	278
141080	270
141090	285
141100	273
141110	290
141120	252
141130	311
141140	294
141150	299
141160	272
141170	248
141180	306
141190	274
141200	307
141210	302
141220	283
141230	259
141240	255
141250	317
141260	304
141270	279
141280	302
141290	267
141300	306
141310	295
141320	300
141330	288
141340	272
141350	292
141360	303
141370	287
141380	286
141390	276
141400	323
141410	269
141420	302
141430	293
141440	297
141450	262
141460	275
141470	300
141480	301
141490	275
141500	306
141510	274
141520	288
141530	307
141540	305
141550	264
141560	284
141570	291
141580	289
141590	284
141600	285
141610	310
141620	276
141630	302
141640	252
141650	276
141660	299
141670	290
141680	312
141690	304
141700	253
141710	285
141720	247
141730	319
141740	294
141750	316
141760	289
141770	262
141780	278
141790	273
141800	292
141810	290
141820	303
141830	259
141840	278
141850	287
141860	256
141870	291
141880	275
141890	266
141900	271
141910	277
141920	277
141930	296
141940	264
141950	287
141960	272
141970	267
141980	281
141990	279
142000	278
142010	270
142020	285
142030	293
142040	270
142050	279
142060	318
142070	282
142080	311
142090	285
142100	277
142110	282
142120	287
142130	290
142140	279
142150	288
142160	293
142170	288
142180	281
142190	275
142200	308
142210	259
142220	268
142230	305
142240	254
142250	266
142260	281
142270	283
142280	255
142290	288
142300	268
142310	244
142320	306
142330	279
142340	261
142350	272
142360	283
142370	294
142380	319
142390	300
142400	267
142410	295
142420	293
142430	270
142440	285
142450	302
142460	279
142470	299
142480	279
142490	291
142500	285
142510	264
142520	277
142530	294
142540	284
142550	299
142560	269
142570	293
142580	307
142590	264
142600	292
142610	291
142620	290
142630	296
142640	262
142650	294
142660	270
142670	282
142680	281
142690	284
142700	289
142710	273
142720	312
142730	270
142740	273
142750	287
142760	313
142770	275
142780	276
142790	284
142800	282
142810	275
142820	275
142830	308
142840	305
142850	247
142860	289
142870	288
142880	284
142890	305
142900	308
142910	241
142920	279
142930	282
142940	274
142950	293
142960	275
142970	309
142980	289
142990	260
143000	285
143010	270
143020	277
143030	306
143040	275
143050	266
143060	272
143070	323
143080	265
143090	260
143100	238
143110	261
143120	274
143130	308
143140	295
143150	299
143160	321
143170	276
143180	301
143190	296
143200	302
143210	288
143220	291
143230	285
143240	276
143250	288
143260	301
143270	276
143280	286
143290	290
143300	276
143310	278
143320	259
143330	304
143340	284
143350	286
143360	315
143370	261
143380	292
143390	288
143400	263
143410	289
143420	277
143430	313
143440	318
143450	295
143460	276
143470	291
143480	277
143490	271
143500	240
143510	290
143520	284
143530	292
143540	296
143550	244
143560	290
143570	310
143580	268
143590	262
143600	257
143610	278
143620	272
143630	281
143640	285
143650	292
143660	299
143670	293
143680	293
143690	281
143700	280
143710	263
143720	289
143730	279
143740	274
143750	294
143760	272
143770	286
143780	266
143790	288
143800	262
143810	278
143820	300
143830	309
143840	296
143850	296
143860	280
143870	262
143880	276
143890	274
143900	300
143910	320
143920	317
143930	231
143940	286
143950	277
143960	255
143970	287
143980	323
143990	275
144000	285
144010	271
144020	275
144030	311
144040	275
144050	270
144060	303
144070	279
144080	275
144090	298
144100	248
144110	308
144120	271
144130	301
144140	292
144150	302
144160	278
144170	303
144180	242
144190	296
144200	308
144210	259
144220	291
144230	293
144240	313
144250	286
144260	283
144270	272
144280	272
144290	273
144300	303
144310	276
144320	286
144330	287
144340	279
144350	295
144360	276
144370	290
144380	279
144390	309
144400	259
144410	272
144420	286
144430	262
144440	252
144450	296
144460	287
144470	295
144480	307
144490	290
144500	257
144510	286
144520	291
144530	294
144540	286
144550	286
144560	305
144570	301
144580	283
144590	275
144600	278
144610	269
144620	308
144630	311
144640	279
144650	291
144660	283
144670	270
144680	283
144690	297
144700	281
144710	270
144720	287
144730	277
144740	288
144750	279
144760	287
144770	296
144780	304
144790	273
144800	329
144810	297
144820	264
144830	290
144840	275
144850	301
144860	304
144870	252
144880	315
144890	257
144900	309
144910	260
144920	290
144930	284
144940	271
144950	274
144960	304
144970	311
144980	304
144990	282
145000	274
145010	275
145020	287
145030	277
145040	279
145050	271
145060	235
145070	290
145080	287
145090	290
145100	275
145110	297
145120	312
145130	294
145140	290
145150	315
145160	292
145170	265
145180	286
145190	285
145200	288
145210	305
145220	293
145230	307
145240	264
145250	286
145260	284
145270	285
145280	287
145290	297
145300	293
145310	299
145320	279
145330	302
145340	282
145350	268
145360	303
145370	298
145380	305
145390	305
145400	287
145410	269
145420	284
145430	318
145440	311
145450	285
145460	281
145470	316
145480	279
145490	281
145500	266
145510	288
145520	294
145530	298
145540	297
145550	277
145560	261
145570	284
145580	303
145590	294
145600	310
145610	290
145620	316
145630	275
145640	279
145650	251
145660	254
145670	278
145680	306
145690	300
145700	293
145710	280
145720	267
145730	275
145740	296
145750	258
145760	268
145770	275
145780	283
145790	268
145800	277
145810	306
145820	264
145830	272
145840	273
145850	263
145860	277
145870	272
145880	268
145890	295
145900	266
145910	273
145920	279
145930	279
145940	305
145950	313
145960	270
145970	266
145980	311
145990	294
146000	307
146010	275
146020	296
146030	291
146040	303
146050	295
146060	286
146070	282
146080	265
146090	286
146100	273
146110	306
146120	281
146130	282
146140	249
146150	313
146160	256
146170	268
146180	261
146190	263
146200	272
146210	286
146220	292
146230	288
146240	273
146250	268
146260	269
146270	288
146280	301
146290	277
146300	278
146310	286
146320	310
146330	289
146340	289
146350	263
146360	297
146370	285
146380	324
146390	298
146400	284
146410	288
146420	287
146430	252
146440	271
146450	297
146460	276
146470	267
146480	290
146490	290
146500	296
146510	293
146520	263
146530	302
146540	288
146550	264
146560	299
146570	315
146580	273
146590	287
146600	289
146610	291
146620	276
146630	270
146640	298
146650	303
146660	272
146670	284
146680	286
146690	303
146700	252
146710	298
146720	280
146730	271
146740	271
146750	304
146760	282
146770	259
146780	290
146790	296
146800	297
146810	276
146820	304
146830	286
146840	263
146850	271
146860	305
146870	250
146880	234
146890	295
146900	256
146910	303
146920	297
146930	280
146940	297
146950	294
146960	267
146970	293
146980	272
146990	287
147000	298
147010	272
147020	281
147030	303
147040	264
147050	279
147060	251
147070	299
147080	254
147090	299
147100	316
147110	254
147120	280
147130	267
147140	279
147150	280
147160	287
147170	303
147180	267
147190	301
147200	288
147210	277
147220	304
147230	292
147240	302
147250	268
147260	283
147270	265
147280	252
147290	255
147300	282
147310	290
147320	279
147330	285
147340	277
147350	310
147360	280
147370	257
147380	290
147390	262
147400	277
147410	248
147420	268
147430	288
147440	264
147450	271
147460	288
147470	300
147480	270
147490	270
147500	328
147510	273
147520	267
147530	287
147540	289
147550	316
147560	287
147570	271
147580	309
147590	280
147600	284
147610	300
147620	291
147630	269
147640	272
147650	271
147660	298
147670	277
147680	281
147690	292
147700	282
147710	271
147720	277
147730	296
147740	267
147750	306
147760	286
147770	252
147780	302
147790	265
147800	310
147810	290
147820	311
147830	280
147840	301
147850	299
147860	282
147870	285
147880	261
147890	266
147900	239
147910	308
147920	263
147930	272
147940	248
147950	255
147960	287
147970	313
147980	281
147990	287
148000	290
148010	296
148020	272
148030	286
148040	295
148050	296
148060	309
148070	270
148080	282
148090	305
148100	293
148110	283
148120	269
148130	290
148140	268
148150	307
148160	278
148170	281
148180	274
148190	309
148200	248
148210	273
148220	305
148230	292
148240	290
148250	294
148260	283
148270	291
148280	287
148290	286
148300	267
148310	283
148320	274
148330	278
148340	302
148350	298
148360	308
148370	256
148380	274
148390	299
148400	266
148410	288
148420	287
148430	275
148440	254
148450	268
148460	294
148470	302
148480	290
148490	272
148500	275
148510	262
148520	335
148530	287
148540	282
148550	300
148560	292
148570	312
148580	235
148590	285
148600	278
148610	286
148620	314
148630	296
148640	279
148650	308
148660	308
148670	277
148680	299
148690	296
148700	311
148710	274
148720	280
148730	276
148740	272
148750	296
148760	282
148770	284
148780	318
148790	274
148800	296
148810	273
148820	258
148830	275
148840	271
148850	276
148860	265
148870	284
148880	283
148890	270
148900	285
148910	268
148920	308
148930	292
148940	283
148950	270
148960	270
148970	290
148980	271
148990	269
149000	290
149010	287
149020	283
149030	320
149040	304
149050	268
149060	284
149070	286
149080	254
149090	282
149100	285
149110	270
149120	276
149130	257
149140	286
149150	289
149160	293
149170	278
149180	295
149190	276
149200	295
149210	275
149220	270
149230	281
149240	308
149250	276
149260	303
149270	292
149280	261
149290	293
149300	273
149310	263
149320	285
149330	299
149340	282
149350	286
149360	274
149370	299
149380	292
149390	322
149400	284
149410	289
149420	280
149430	286
149440	294
149450	304
149460	271
149470	270
149480	285
149490	257
149500	282
149510	286
149520	297
149530	287
149540	302
149550	282
149560	279
149570	268
149580	269
149590	251
149600	312
149610	262
149620	272
149630	301
149640	305
149650	266
149660	270
149670	285
149680	277
149690	295
149700	252
149710	302
149720	301
149730	311
149740	280
149750	295
149760	274
149770	262
149780	297
149790	267
149800	281
149810	296
149820	271
149830	299
149840	283
149850	293
149860	289
149870	293
149880	278
149890	298
149900	303
149910	267
149920	224
149930	276
149940	263
149950	290
149960	277
149970	279
149980	295
149990	259
150000	301
150010	268
150020	300
150030	300
150040	292
150050	287
150060	254
150070	278
150080	262
150090	268
150100	283
150110	268
150120	278
150130	321
150140	268
150150	295
150160	292
150170	301
150180	287
150190	260
150200	289
150210	287
150220	269
150230	270
150240	272
150250	311
150260	287
150270	289
150280	303
150290	274
150300	296
150310	292
150320	239
150330	291
150340	288
150350	296
150360	287
150370	324
150380	271
150390	292
150400	264
150410	296
150420	278
150430	302
150440	248
150450	262
150460	290
150470	255
150480	278
150490	303
150500	265
150510	250
150520	264
150530	289
150540	276
150550	291
150560	317
150570	280
150580	288
150590	269
150600	290
150610	283
150620	293
150630	308
150640	263
150650	271
150660	274
150670	274
150680	284
150690	313
150700	259
150710	286
150720	257
150730	293
150740	279
150750	260
150760	314
150770	265
150780	296
150790	262
150800	291
150810	260
150820	288
150830	291
150840	305
150850	261
150860	312
150870	289
150880	275
150890	295
150900	273
150910	320
150920	287
150930	273
150940	280
150950	304
150960	261
150970	281
150980	326
150990	253
151000	253
151010	289
151020	308
151030	310
151040	283
151050	276
151060	289
151070	271
151080	260
151090	286
151100	273
151110	269
151120	286
151130	290
151140	271
151150	273
151160	289
151170	293
151180	281
151190	284
151200	275
151210	293
151220	270
151230	289
151240	284
151250	243
151260	289
151270	274
151280	257
151290	268
151300	274
151310	299
151320	287
151330	284
151340	268
151350	265
151360	273
151370	282
151380	258
151390	280
151400	287
151410	284
151420	282
151430	291
151440	277
151450	324
151460	284
151470	272
151480	293
151490	320
151500	333
151510	277
151520	290
151530	262
151540	287
151550	278
151560	294
151570	286
151580	290
151590	272
151600	281
151610	296
151620	292
151630	314
151640	305
151650	276
151660	270
151670	308
151680	282
151690	287
151700	286
151710	285
151720	306
151730	299
151740	301
151750	265
151760	265
151770	284
151780	323
151790	295
151800	316
151810	302
151820	296
151830	268
151840	261
151850	274
151860	287
151870	255
151880	259
151890	284
151900	273
151910	275
151920	280
151930	294
151940	293
151950	280
151960	272
151970	311
151980	285
151990	319
152000	270
152010	277
152020	294
152030	267
152040	278
152050	278
152060	259
152070	315
152080	320
152090	285
152100	299
152110	264
152120	268
152130	263
152140	276
152150	288
152160	292
152170	300
152180	305
152190	285
152200	263
152210	300
152220	274
152230	286
152240	315
152250	264
152260	288
152270	266
152280	290
152290	288
152300	297
152310	276
152320	260
152330	287
152340	256
152350	277
152360	265
152370	302
152380	295
152390	319
152400	304
152410	303
152420	286
152430	275
152440	248
152450	277
152460	271
152470	264
152480	285
152490	279
152500	279
152510	291
152520	277
152530	275
152540	285
152550	282
152560	276
152570	292
152580	308
152590	298
152600	307
152610	304
152620	301
152630	285
152640	288
152650	295
152660	290
152670	271
152680	271
152690	317
152700	293
152710	266
152720	262
152730	286
152740	298
152750	267
152760	272
152770	333
152780	264
152790	253
152800	275
152810	269
152820	294
152830	307
152840	254
152850	281
152860	285
152870	272
152880	275
152890	297
152900	278
152910	301
152920	253
152930	264
152940	305
152950	303
152960	259
152970	319
152980	291
152990	285
153000	285
153010	288
153020	310
153030	263
153040	294
153050	278
153060	304
153070	281
153080	282
153090	286
153100	273
153110	288
153120	291
153130	269
153140	303
153150	297
153160	285
153170	298
153180	290
153190	282
153200	296
153210	277
153220	289
153230	279
153240	276
153250	291
153260	280
153270	274
153280	293
153290	259
153300	269
153310	265
153320	272
153330	293
153340	320
153350	292
153360	300
153370	286
153380	280
153390	294
153400	297
153410	257
153420	285
153430	311
153440	256
153450	269
153460	295
153470	291
153480	284
153490	256
153500	306
153510	281
153520	295
153530	327
153540	292
153550	283
153560	280
153570	281
153580	260
153590	315
153600	308
153610	257
153620	285
153630	295
153640	286
153650	263
153660	308
153670	302
153680	273
153690	281
153700	293
153710	299
153720	288
153730	271
153740	283
153750	304
153760	290
153770	286
153780	295
153790	278
153800	289
153810	286
153820	279
153830	268
153840	291
153850	284
153860	274
153870	287
153880	288
153890	290
153900	261
153910	300
153920	304
153930	291
153940	296
153950	265
153960	300
153970	299
153980	283
153990	293
154000	281
154010	258
154020	261
154030	313
154040	259
154050	312
154060	273
154070	325
154080	264
154090	284
154100	262
154110	289
154120	290
154130	260
154140	267
154150	292
154160	289
154170	290
154180	287
154190	275
154200	269
154210	288
154220	260
154230	269
154240	287
154250	273
154260	275
154270	283
154280	272
154290	313
154300	309
154310	270
154320	286
154330	277
154340	301
154350	287
154360	265
154370	291
154380	310
154390	275
154400	259
154410	286
154420	290
154430	290
154440	287
154450	312
154460	292
154470	295
154480	286
154490	297
154500	303
154510	300
154520	293
154530	260
154540	317
154550	264
154560	296
154570	311
154580	306
154590	287
154600	281
154610	267
154620	267
154630	271
154640	294
154650	270
154660	279
154670	291
154680	305
154690	300
154700	303
154710	272
154720	284
154730	314
154740	316
154750	256
154760	300
154770	265
154780	268
154790	301
154800	274
154810	290
154820	275
154830	303
154840	292
154850	306
154860	277
154870	313
154880	248
154890	263
154900	266
154910	287
154920	279
154930	280
154940	285
154950	268
154960	267
154970	274
154980	290
154990	316
155000	258
155010	289
155020	299
155030	270
155040	283
155050	266
155060	274
155070	285
155080	253
155090	285
155100	286
155110	276
155120	267
155130	270
155140	269
155150	266
155160	257
155170	276
155180	266
155190	280
155200	270
155210	267
155220	262
155230	274
155240	271
155250	287
155260	277
155270	255
155280	259
155290	302
155300	296
155310	276
155320	282
155330	286
155340	270
155350	301
155360	285
155370	276
155380	276
155390	283
155400	281
155410	313
155420	262
155430	272
155440	272
155450	298
155460	302
155470	294
155480	264
155490	291
155500	279
155510	262
155520	293
155530	253
155540	292
155550	277
155560	283
155570	298
155580	279
155590	269
155600	245
155610	295
155620	286
155630	276
155640	332
155650	272
155660	302
155670	264
155680	291
155690	295
155700	262
155710	310
155720	282
155730	288
155740	264
155750	272
155760	299
155770	304
155780	292
155790	280
155800	306
155810	282
155820	253
155830	261
155840	291
155850	281
155860	289
155870	257
155880	265
155890	297
155900	288
155910	274
155920	275
155930	295
155940	309
155950	287
155960	287
155970	292
155980	271
155990	264
156000	287
156010	270
156020	283
156030	294
156040	284
156050	284
156060	294
156070	290
156080	286
156090	279
156100	246
156110	279
156120	309
156130	274
156140	297
156150	309
156160	300
156170	252
156180	297
156190	286
156200	258
156210	303
156220	278
156230	298
156240	282
156250	291
156260	273
156270	297
156280	276
156290	254
156300	304
156310	291
156320	287
156330	317
156340	317
156350	273
156360	281
156370	300
156380	294
156390	300
156400	296
156410	317
156420	293
156430	275
156440	254
156450	283
156460	311
156470	308
156480	250
156490	261
156500	315
156510	262
156520	271
156530	276
156540	305
156550	301
156560	285
156570	283
156580	273
156590	236
156600	263
156610	296
156620	288
156630	287
156640	314
156650	310
156660	297
156670	295
156680	290
156690	298
156700	300
156710	292
156720	317
156730	270
156740	289
156750	265
156760	293
156770	261
156780	282
156790	280
156800	286
156810	312
156820	272
156830	281
156840	265
156850	277
156860	257
156870	267
156880	310
156890	313
156900	256
156910	334
156920	273
156930	302
156940	269
156950	303
156960	294
156970	305
156980	257
156990	251
157000	249
157010	307
157020	308
157030	285
157040	280
157050	291
157060	266
157070	281
157080	271
157090	291
157100	286
157110	255
157120	293
157130	279
157140	285
157150	291
157160	277
157170	278
157180	271
157190	262
157200	267
157210	328
157220	279
157230	265
157240	299
157250	291
157260	275
157270	260
157280	304
157290	277
157300	261
157310	289
157320	253
157330	276
157340	285
157350	303
157360	296
157370	274
157380	297
157390	277
157400	281
157410	274
157420	268
157430	308
157440	300
157450	299
157460	294
157470	324
157480	294
157490	277
157500	259
157510	282
157520	232
157530	296
157540	266
157550	274
157560	302
157570	285
157580	287
157590	291
157600	270
157610	291
157620	272
157630	260
157640	309
157650	259
157660	293
157670	286
157680	325
157690	278
157700	279
157710	279
157720	276
157730	280
157740	306
157750	294
157760	293
157770	256
157780	253
157790	286
157800	277
157810	289
157820	270
157830	244
157840	293
157850	299
157860	248
157870	286
157880	283
157890	308
157900	276
157910	301
157920	284
157930	285
157940	306
157950	287
157960	280
157970	300
157980	266
157990	318
158000	294
158010	290
158020	279
158030	280
158040	282
158050	284
158060	276
158070	279
158080	295
158090	279
158100	306
158110	281
158120	280
158130	296
158140	277
158150	298
158160	299
158170	302
158180	252
158190	305
158200	298
158210	306
158220	293
158230	291
158240	262
158250	310
158260	269
158270	240
158280	282
158290	299
158300	266
158310	268
158320	302
158330	304
158340	269
158350	307
158360	280
158370	287
158380	288
158390	289
158400	233
158410	303
158420	269
158430	261
158440	293
158450	273
158460	296
158470	266
158480	268
158490	274
158500	278
158510	279
158520	304
158530	287
158540	236
158550	291
158560	279
158570	272
158580	280
158590	287
158600	312
158610	294
158620	275
158630	269
158640	292
158650	274
158660	266
158670	296
158680	253
158690	284
158700	313
158710	267
158720	282
158730	276
158740	284
158750	264
158760	300
158770	305
158780	291
158790	284
158800	282
158810	297
158820	286
158830	259
158840	288
158850	277
158860	296
158870	260
158880	290
158890	283
158900	279
158910	307
158920	274
158930	270
158940	307
158950	266
158960	277
158970	279
158980	269
158990	272
159000	270
159010	294
159020	301
159030	300
159040	304
159050	317
159060	290
159070	277
159080	284
159090	301
159100	269
159110	278
159120	290
159130	305
159140	278
159150	306
159160	288
159170	279
159180	292
159190	282
159200	272
159210	277
159220	304
159230	298
159240	290
159250	261
159260	294
159270	300
159280	316
159290	275
159300	282
159310	297
159320	311
159330	269
159340	273
159350	269
159360	297
159370	279
159380	276
159390	310
159400	305
159410	256
159420	281
159430	281
159440	297
159450	298
159460	246
159470	271
159480	291
159490	304
159500	284
159510	284
159520	282
159530	305
159540	299
159550	309
159560	283
159570	279
159580	248
159590	293
159600	275
159610	291
159620	275
159630	268
159640	292
159650	280
159660	308
159670	282
159680	297
159690	265
159700	271
159710	266
159720	300
159730	279
159740	289
159750	268
159760	299
159770	256
159780	312
159790	284
159800	274
159810	292
159820	287
159830	267
159840	262
159850	290
159860	282
159870	262
159880	264
159890	282
159900	317
159910	285
159920	296
159930	272
159940	273
159950	277
159960	292
159970	239
159980	273
159990	300
160000	298
160010	277
160020	286
160030	279
160040	276
160050	288
160060	265
160070	280
160080	283
160090	304
160100	273
160110	286
160120	298
160130	310
160140	279
160150	259
160160	281
160170	263
160180	271
160190	284
160200	256
160210	275
160220	308
160230	271
160240	285
160250	279
160260	279
160270	300
160280	287
160290	294
160300	273
160310	270
160320	301
160330	264
160340	282
160350	280
160360	293
160370	267
160380	265
160390	261
160400	276
160410	277
160420	284
160430	269
160440	318
160450	273
160460	259
160470	312
160480	282
160490	304
160500	318
160510	290
160520	294
160530	272
160540	277
160550	300
160560	288
160570	279
160580	275
160590	305
160600	279
160610	275
160620	310
160630	285
160640	267
160650	298
160660	301
160670	292
160680	278
160690	304
160700	269
160710	294
160720	285
160730	306
160740	276
160750	299
160760	288
160770	266
160780	290
160790	285
160800	296
160810	288
160820	284
160830	297
160840	305
160850	276
160860	293
160870	307
160880	279
160890	285
160900	278
160910	279
160920	276
160930	316
160940	303
160950	272
160960	312
160970	272
160980	273
160990	254
161000	319
161010	304
161020	292
161030	298
161040	284
161050	285
161060	291
161070	286
161080	335
161090	278
161100	271
161110	280
161120	293
161130	265
161140	278
161150	293
161160	272
161170	309
161180	302
161190	300
161200	287
161210	280
161220	269
161230	279
161240	277
161250	287
161260	280
161270	301
161280	261
161290	294
161300	271
161310	291
161320	286
161330	269
161340	270
161350	291
161360	305
161370	288
161380	269
161390	272
161400	275
161410	306
161420	263
161430	283
161440	270
161450	304
161460	305
161470	309
161480	290
161490	280
161500	287
161510	291
161520	274
161530	278
161540	268
161550	290
161560	299
161570	268
161580	259
161590	290
161600	308
161610	266
161620	310
161630	280
161640	270
161650	308
161660	286
161670	292
161680	304
161690	264
161700	271
161710	269
161720	243
161730	295
161740	257
161750	276
161760	274
161770	273
161780	292
161790	302
161800	279
161810	259
161820	297
161830	276
161840	284
161850	279
161860	259
161870	269
161880	267
161890	281
161900	262
161910	295
161920	261
161930	288
161940	283
161950	259
161960	293
161970	275
161980	276
161990	301
162000	295
162010	283
162020	273
162030	304
162040	336
162050	319
162060	310
162070	275
162080	275
162090	281
162100	281
162110	283
162120	284
162130	259
162140	299
162150	308
162160	293
162170	301
162180	299
162190	278
162200	296
162210	272
162220	293
162230	295
162240	285
162250	289
162260	297
162270	279
162280	299
162290	299
162300	254
162310	295
162320	263
162330	263
162340	285
162350	303
162360	289
162370	261
162380	290
162390	293
162400	296
162410	274
162420	273
162430	293
162440	298
162450	322
162460	238
162470	320
162480	280
162490	266
162500	275
162510	296
162520	275
162530	289
162540	288
162550	243
162560	287
162570	297
162580	284
162590	308
162600	285
162610	287
162620	305
162630	297
162640	321
162650	262
162660	260
162670	283
162680	274
162690	303
162700	292
162710	267
162720	275
162730	302
162740	274
162750	266
162760	297
162770	289
162780	300
162790	262
162800	274
162810	285
162820	283
162830	278
162840	264
162850	285
162860	274
162870	323
162880	294
162890	245
162900	278
162910	288
162920	287
162930	261
162940	273
162950	312
162960	293
162970	303
162980	290
162990	282
163000	276
163010	305
163020	289
163030	267
163040	272
163050	281
163060	269
163070	287
163080	284
163090	283
163100	292
163110	323
163120	273
163130	270
163140	289
163150	291
163160	285
163170	306
163180	286
163190	312
163200	295
163210	279
163220	282
163230	301
163240	308
163250	273
163260	302
163270	286
163280	292
163290	272
163300	285
163310	289
163320	254
163330	281
163340	291
163350	294
163360	300
163370	251
163380	265
163390	299
163400	277
163410	262
163420	302
163430	265
163440	291
163450	285
163460	291
163470	295
163480	271
163490	282
163500	289
163510	298
163520	273
163530	280
163540	272
163550	278
163560	255
163570	261
163580	301
163590	270
163600	307
163610	310
163620	273
163630	268
163640	259
163650	293
163660	292
163670	265
163680	279
163690	297
163700	267
163710	289
163720	261
163730	261
163740	276
163750	291
163760	284
163770	281
163780	291
163790	275
163800	284
163810	304
163820	284
163830	280
163840	276
163850	302
163860	259
163870	277
163880	288
163890	283
163900	274
163910	271
163920	280
163930	297
163940	291
163950	308
163960	283
163970	276
163980	270
163990	235
164000	283
164010	295
164020	265
164030	289
164040	274
164050	298
164060	294
164070	273
164080	335
164090	292
164100	293
164110	247
164120	306
164130	273
164140	279
164150	283
164160	281
164170	312
164180	284
164190	291
164200	296
164210	265
164220	269
164230	269
164240	309
164250	285
164260	304
164270	291
164280	279
164290	273
164300	274
164310	298
164320	295
164330	292
164340	297
164350	289
164360	259
164370	301
164380	263
164390	274
164400	279
164410	297
164420	319
164430	280
164440	295
164450	272
164460	290
164470	294
164480	302
164490	261
164500	268
164510	277
164520	282
164530	292
164540	270
164550	262
164560	279
164570	306
164580	284
164590	269
164600	284
164610	285
164620	293
164630	291
164640	258
164650	269
164660	268
164670	297
164680	315
164690	269
164700	273
164710	306
164720	333
164730	299
164740	303
164750	282
164760	271
164770	301
164780	255
164790	271
164800	258
164810	277
164820	255
164830	314
164840	270
164850	301
164860	299
164870	271
164880	292
164890	281
164900	267
164910	282
164920	243
164930	275
164940	291
164950	276
164960	281
164970	278
164980	290
164990	260
165000	281
165010	279
165020	307
165030	290
165040	281
165050	312
165060	278
165070	289
165080	275
165090	281
165100	298
165110	276
165120	270
165130	279
165140	277
165150	281
165160	250
165170	298
165180	270
165190	297
165200	283
165210	307
165220	301
165230	274
165240	285
165250	254
165260	314
165270	281
165280	282
165290	248
165300	277
165310	287
165320	271
165330	279
165340	257
165350	301
165360	286
165370	321
165380	280
165390	303
165400	305
165410	262
165420	282
165430	263
165440	280
165450	285
165460	275
165470	310
165480	267
165490	280
165500	274
165510	294
165520	296
165530	274
165540	276
165550	281
165560	277
165570	291
165580	289
165590	274
165600	290
165610	291
165620	298
165630	283
165640	272
165650	267
165660	293
165670	287
165680	284
165690	265
165700	265
165710	305
165720	310
165730	260
165740	285
165750	288
165760	283
165770	283
165780	285
165790	291
165800	230
165810	306
165820	269
165830	256
165840	268
165850	274
165860	273
165870	285
165880	292
165890	291
165900	270
165910	274
165920	301
165930	295
165940	260
165950	268
165960	280
165970	294
165980	272
165990	280
166000	297
166010	258
166020	285
166030	287
166040	289
166050	295
166060	290
166070	290
166080	274
166090	298
166100	289
166110	289
166120	274
166130	294
166140	275
166150	281
166160	265
166170	272
166180	291
166190	303
166200	271
166210	298
166220	296
166230	284
166240	297
166250	290
166260	297
166270	327
166280	285
166290	278
166300	278
166310	264
166320	256
166330	274
166340	283
166350	290
166360	275
166370	310
166380	326
166390	301
166400	268
166410	293
166420	291
166430	318
166440	292
166450	273
166460	257
166470	288
166480	303
166490	302
166500	267
166510	295
166520	302
166530	292
166540	301
166550	291
166560	273
166570	283
166580	253
166590	295
166600	300
166610	305
166620	291
166630	280
166640	279
166650	296
166660	281
166670	294
166680	299
166690	289
166700	294
166710	271
166720	296
166730	268
166740	267
166750	260
166760	285
166770	272
166780	282
166790	275
166800	284
166810	303
166820	264
166830	288
166840	301
166850	308
166860	255
166870	273
166880	266
166890	293
166900	268
166910	268
166920	288
166930	255
166940	311
166950	272
166960	272
166970	281
166980	271
166990	324
167000	282
167010	278
167020	255
167030	283
167040	272
167050	302
167060	297
167070	273
167080	289
167090	303
167100	287
167110	272
167120	286
167130	268
167140	306
167150	253
167160	286
167170	289
167180	273
167190	309
167200	301
167210	275
167220	268
167230	281
167240	296
167250	306
167260	280
167270	273
167280	283
167290	275
167300	290
167310	297
167320	280
167330	256
167340	288
167350	308
167360	285
167370	273
167380	287
167390	282
167400	288
167410	279
167420	277
167430	294
167440	317
167450	288
167460	290
167470	264
167480	302
167490	278
167500	270
167510	299
167520	270
167530	280
167540	272
167550	288
167560	288
167570	276
167580	276
167590	288
167600	265
167610	281
167620	278
167630	282
167640	291
167650	278
167660	328
167670	296
167680	290
167690	266
167700	293
167710	291
167720	312
167730	283
167740	303
167750	271
167760	295
167770	285
167780	296
167790	278
167800	275
167810	273
167820	259
167830	292
167840	283
167850	274
167860	266
167870	311
167880	277
167890	271
167900	263
167910	269
167920	293
167930	252
167940	254
167950	296
167960	289
167970	330
167980	283
167990	299
168000	257
168010	277
168020	285
168030	294
168040	265
168050	270
168060	256
168070	308
168080	285
168090	308
168100	271
168110	257
168120	298
168130	312
168140	279
168150	287
168160	271
168170	297
168180	277
168190	296
168200	292
168210	312
168220	295
168230	282
168240	282
168250	261
168260	249
168270	299
168280	288
168290	300
168300	307
168310	294
168320	276
168330	269
168340	303
168350	264
168360	295
168370	290
168380	268
168390	283
168400	313
168410	302
168420	284
168430	281
168440	270
168450	321
168460	300
168470	291
168480	274
168490	290
168500	289
168510	286
168520	275
168530	249
168540	284
168550	283
168560	292
168570	278
168580	280
168590	276
168600	299
168610	268
168620	249
168630	267
168640	268
168650	273
168660	297
168670	306
168680	276
168690	277
168700	299
168710	295
168720	291
168730	266
168740	252
168750	279
168760	280
168770	283
168780	280
168790	269
168800	249
168810	309
168820	290
168830	262
168840	316
168850	285
168860	298
168870	311
168880	317
168890	305
168900	287
168910	268
168920	294
168930	293
168940	265
168950	313
168960	264
168970	285
168980	275
168990	282
169000	265
169010	270
169020	276
169030	296
169040	296
169050	279
169060	266
169070	292
169080	277
169090	253
169100	303
169110	299
169120	313
169130	271
169140	271
169150	282
169160	304
169170	269
169180	276
169190	318
169200	279
169210	270
169220	291
169230	263
169240	298
169250	299
169260	296
169270	308
169280	280
169290	271
169300	283
169310	300
169320	295
169330	286
169340	313
169350	288
169360	302
169370	318
169380	277
169390	286
169400	269
169410	298
169420	293
169430	293
169440	289
169450	314
169460	260
169470	285
169480	299
169490	276
169500	265
169510	300
169520	266
169530	308
169540	297
169550	238
169560	266
169570	290
169580	279
169590	314
169600	304
169610	253
169620	295
169630	277
169640	271
169650	276
169660	279
169670	256
169680	321
169690	302
169700	280
169710	306
169720	293
169730	304
169740	316
169750	300
169760	277
169770	286
169780	271
169790	274
169800	282
169810	318
169820	300
169830	275
169840	264
169850	269
169860	320
169870	300
169880	252
169890	269
169900	276
169910	282
169920	310
169930	269
169940	294
169950	265
169960	273
169970	317
169980	291
169990	273
170000	277
170010	264
170020	281
170030	303
170040	274
170050	290
170060	267
170070	302
170080	277
170090	315
170100	314
170110	289
170120	290
170130	303
170140	304
170150	295
170160	281
170170	294
170180	288
170190	309
170200	303
170210	267
170220	264
170230	287
170240	258
170250	303
170260	323
170270	256
170280	300
170290	278
170300	278
170310	280
170320	281
170330	278
170340	286
170350	289
170360	304
170370	270
170380	295
170390	302
170400	310
170410	270
170420	316
170430	283
170440	278
170450	291
170460	295
170470	277
170480	314
170490	307
170500	286
170510	308
170520	290
170530	294
170540	293
170550	309
170560	283
170570	290
170580	278
170590	259
170600	246
170610	258
170620	298
170630	290
170640	274
170650	285
170660	284
170670	331
170680	288
170690	246
170700	269
170710	264
170720	273
170730	272
170740	295
170750	312
170760	299
170770	305
170780	296
170790	267
170800	280
170810	259
170820	284
170830	281
170840	277
170850	279
170860	285
170870	294
170880	298
170890	255
170900	273
170910	289
170920	284
170930	270
170940	299
170950	299
170960	318
170970	260
170980	280
170990	282
171000	288
171010	308
171020	281
171030	269
171040	274
171050	276
171060	303
171070	291
171080	279
171090	296
171100	280
171110	296
171120	285
171130	279
171140	302
171150	260
171160	301
171170	286
171180	279
171190	259
171200	264
171210	302
171220	289
171230	275
171240	274
171250	267
171260	324
171270	273
171280	256
171290	291
171300	301
171310	298
171320	282
171330	277
171340	294
171350	289
171360	270
171370	265
171380	239
171390	288
171400	258
171410	289
171420	274
171430	291
171440	263
171450	276
171460	301
171470	287
171480	295
171490	283
171500	264
171510	296
171520	299
171530	266
171540	289
171550	280
171560	292
171570	269
171580	304
171590	274
171600	254
171610	307
171620	278
171630	259
171640	316
171650	299
171660	278
171670	295
171680	305
171690	300
171700	286
171710	284
171720	298
171730	268
171740	273
171750	293
171760	281
171770	301
171780	273
171790	263
171800	310
171810	282
171820	311
171830	244
171840	271
171850	276
171860	305
171870	274
171880	294
171890	273
171900	257
171910	283
171920	296
171930	279
171940	282
171950	299
171960	283
171970	300
171980	290
171990	252
172000	260
172010	329
172020	298
172030	317
172040	312
172050	298
172060	281
172070	266
172080	317
172090	277
172100	270
172110	288
172120	280
172130	291
172140	278
172150	311
172160	290
172170	309
172180	285
172190	274
172200	322
172210	276
172220	297
172230	305
172240	293
172250	254
172260	290
172270	259
172280	276
172290	286
172300	242
172310	284
172320	282
172330	273
172340	299
172350	297
172360	319
172370	290
172380	292
172390	309
172400	293
172410	310
172420	272
172430	281
172440	293
172450	263
172460	255
172470	254
172480	298
172490	297
172500	298
172510	279
172520	271
172530	259
172540	314
172550	293
172560	262
172570	259
172580	291
172590	273
172600	282
172610	281
172620	252
172630	275
172640	315
172650	306
172660	282
172670	263
172680	275
172690	262
172700	248
172710	288
172720	269
172730	255
172740	288
172750	291
172760	289
172770	293
172780	291
172790	284
172800	302
172810	303
172820	270
172830	287
172840	270
172850	285
172860	280
172870	271
172880	292
172890	282
172900	269
172910	276
172920	298
172930	277
172940	268
172950	284
172960	271
172970	306
172980	285
172990	300
173000	281
173010	271
173020	302
173030	281
173040	301
173050	296
173060	269
173070	285
173080	284
173090	325
173100	278
173110	245
173120	265
173130	260
173140	257
173150	283
173160	301
173170	292
173180	319
173190	294
173200	285
173210	298
173220	274
173230	293
173240	265
173250	311
173260	305
173270	298
173280	266
173290	281
173300	269
173310	301
173320	265
173330	300
173340	252
173350	289
173360	295
173370	306
173380	247
173390	289
173400	304
173410	269
173420	278
173430	268
173440	306
173450	264
173460	291
173470	259
173480	292
173490	273
173500	296
173510	288
173520	308
173530	294
173540	288
173550	263
173560	286
173570	281
173580	266
173590	291
173600	292
173610	309
173620	311
173630	305
173640	294
173650	279
173660	298
173670	264
173680	282
173690	292
173700	289
173710	272
173720	296
173730	285
173740	272
173750	287
173760	290
173770	259
173780	290
173790	285
173800	285
173810	257
173820	268
173830	287
173840	297
173850	244
173860	254
173870	281
173880	278
173890	298
173900	257
173910	309
173920	264
173930	300
173940	300
173950	310
173960	284
173970	274
173980	277
173990	293
174000	266
174010	311
174020	256
174030	312
174040	269
174050	299
174060	261
174070	275
174080	320
174090	287
174100	299
174110	285
174120	273
174130	271
174140	293
174150	290
174160	262
174170	245
174180	298
174190	296
174200	257
174210	265
174220	332
174230	282
174240	279
174250	272
174260	279
174270	281
174280	274
174290	271
174300	284
174310	304
174320	296
174330	281
174340	283
174350	305
174360	285
174370	304
174380	314
174390	281
174400	287
174410	307
174420	303
174430	280
174440	310
174450	282
174460	274
174470	249
174480	289
174490	256
174500	267
174510	279
174520	297
174530	271
174540	298
174550	284
174560	260
174570	278
174580	287
174590	269
174600	291
174610	263
174620	274
174630	277
174640	283
174650	273
174660	287
174670	261
174680	274
174690	288
174700	285
174710	277
174720	285
174730	285
174740	301
174750	289
174760	284
174770	292
174780	275
174790	265
174800	301
174810	266
174820	292
174830	293
174840	263
174850	286
174860	280
174870	287
174880	300
174890	301
174900	261
174910	276
174920	271
174930	292
174940	271
174950	274
174960	264
174970	267
174980	276
174990	298
175000	315
175010	265
175020	284
175030	299
175040	283
175050	264
175060	259
175070	324
175080	273
175090	299
175100	307
175110	279
175120	313
175130	293
175140	281
175150	291
175160	281
175170	275
175180	281
175190	321
175200	277
175210	269
175220	275
175230	256
175240	279
175250	263
175260	320
175270	250
175280	303
175290	289
175300	280
175310	246
175320	279
175330	278
175340	310
175350	305
175360	287
175370	320
175380	300
175390	303
175400	282
175410	273
175420	311
175430	291
175440	309
175450	266
175460	278
175470	308
175480	306
175490	287
175500	279
175510	278
175520	289
175530	277
175540	303
175550	287
175560	304
175570	298
175580	312
175590	302
175600	313
175610	302
175620	274
175630	266
175640	293
175650	288
175660	287
175670	294
175680	308
175690	290
175700	285
175710	279
175720	268
175730	305
175740	293
175750	280
175760	301
175770	270
175780	281
175790	277
175800	279
175810	295
175820	254
175830	254
175840	289
175850	274
175860	276
175870	259
175880	263
175890	275
175900	285
175910	279
175920	321
175930	264
175940	273
175950	274
175960	289
175970	296
175980	293
175990	285
176000	292
176010	299
176020	292
176030	262
176040	280
176050	281
176060	283
176070	324
176080	286
176090	300
176100	268
176110	269
176120	256
176130	282
176140	277
176150	287
176160	262
176170	281
176180	271
176190	286
176200	267
176210	279
176220	284
176230	286
176240	299
176250	287
176260	289
176270	277
176280	283
176290	264
176300	290
176310	296
176320	277
176330	259
176340	294
176350	273
176360	274
176370	288
176380	273
176390	282
176400	282
176410	306
176420	274
176430	288
176440	288
176450	304
176460	276
176470	299
176480	280
176490	259
176500	302
176510	277
176520	269
176530	289
176540	271
176550	282
176560	303
176570	273
176580	287
176590	290
176600	299
176610	286
176620	278
176630	275
176640	282
176650	284
176660	292
176670	311
176680	270
176690	286
176700	262
176710	303
176720	279
176730	312
176740	281
176750	299
176760	303
176770	279
176780	244
176790	273
176800	282
176810	258
176820	291
176830	279
176840	287
176850	288
176860	304
176870	281
176880	316
176890	288
176900	258
176910	300
176920	273
176930	327
176940	304
176950	278
176960	254
176970	284
176980	250
176990	306
177000	272
177010	295
177020	286
177030	267
177040	296
177050	276
177060	297
177070	314
177080	291
177090	249
177100	293
177110	280
177120	292
177130	294
177140	291
177150	307
177160	266
177170	309
177180	261
177190	286
177200	301
177210	274
177220	286
177230	290
177240	284
177250	290
177260	275
177270	291
177280	274
177290	290
177300	288
177310	263
177320	306
177330	267
177340	288
177350	288
177360	268
177370	237
177380	258
177390	328
177400	273
177410	289
177420	285
177430	273
177440	286
177450	272
177460	257
177470	277
177480	287
177490	289
177500	238
177510	289
177520	270
177530	306
177540	284
177550	259
177560	291
177570	299
177580	319
177590	269
177600	293
177610	304
177620	275
177630	276
177640	275
177650	289
177660	298
177670	288
177680	299
177690	288
177700	288
177710	292
177720	277
177730	285
177740	291
177750	288
177760	276
177770	291
177780	290
177790	290
177800	282
177810	279
177820	267
177830	291
177840	295
177850	282
177860	311
177870	267
177880	267
177890	285
177900	269
177910	279
177920	258
177930	267
177940	272
177950	285
177960	276
177970	262
177980	280
177990	258
178000	272
178010	250
178020	283
178030	299
178040	331
178050	268
178060	289
178070	277
178080	282
178090	246
178100	281
178110	318
178120	273
178130	289
178140	293
178150	299
178160	277
178170	296
178180	321
178190	293
178200	288
178210	258
178220	299
178230	305
178240	306
178250	302
178260	260
178270	279
178280	276
178290	260
178300	300
178310	278
178320	320
178330	289
178340	258
178350	289
178360	302
178370	275
178380	256
178390	252
178400	272
178410	271
178420	269
178430	324
178440	255
178450	273
178460	264
178470	305
178480	261
178490	299
178500	274
178510	285
178520	323
178530	259
178540	303
178550	283
178560	277
178570	289
178580	281
178590	297
178600	284
178610	281
178620	300
178630	280
178640	291
178650	311
178660	297
178670	277
178680	277
178690	271
178700	278
178710	309
178720	260
178730	286
178740	299
178750	302
178760	312
178770	255
178780	302
178790	280
178800	288
178810	286
178820	286
178830	284
178840	275
178850	279
178860	294
178870	276
178880	289
178890	279
178900	307
178910	289
178920	296
178930	297
178940	295
178950	296
178960	322
178970	284
178980	265
178990	276
179000	295
179010	259
179020	284
179030	297
179040	288
179050	286
179060	295
179070	271
179080	318
179090	300
179100	281
179110	299
179120	284
179130	257
179140	259
179150	277
179160	274
179170	288
179180	271
179190	295
179200	296
179210	288
179220	300
179230	272
179240	261
179250	299
179260	292
179270	335
179280	298
179290	262
179300	315
179310	293
179320	292
179330	302
179340	264
179350	287
179360	300
179370	274
179380	301
179390	287
179400	296
179410	282
179420	291
179430	308
179440	266
179450	305
179460	249
179470	278
179480	238
179490	320
179500	302
179510	284
179520	288
179530	260
179540	290
179550	305
179560	258
179570	294
179580	261
179590	264
179600	271
179610	299
179620	275
179630	291
179640	259
179650	295
179660	239
179670	311
179680	277
179690	279
179700	279
179710	256
179720	298
179730	267
179740	294
179750	306
179760	267
179770	321
179780	284
179790	281
179800	273
179810	306
179820	314
179830	290
179840	277
179850	284
179860	343
179870	294
179880	282
179890	276
179900	310
179910	269
179920	277
179930	271
179940	278
179950	286
179960	260
179970	276
179980	307
179990	271
180000	270
180010	246
180020	258
180030	291
180040	263
180050	261
180060	283
180070	293
180080	306
180090	291
180100	281
180110	244
180120	269
180130	266
180140	281
180150	288
180160	298
180170	257
180180	238
180190	289
180200	262
180210	263
180220	268
180230	283
180240	275
180250	290
180260	259
180270	279
180280	264
180290	275
180300	293
180310	293
180320	281
180330	267
180340	289
180350	277
180360	285
180370	276
180380	285
180390	291
180400	269
180410	277
180420	272
180430	270
180440	286
180450	304
180460	298
180470	236
180480	267
180490	289
180500	335
180510	306
180520	278
180530	287
180540	315
180550	264
180560	329
180570	297
180580	298
180590	283
180600	318
180610	254
180620	263
180630	294
180640	263
180650	269
180660	289
180670	272
180680	304
180690	248
180700	320
180710	317
180720	304
180730	294
180740	260
180750	285
180760	296
180770	277
180780	252
180790	263
180800	326
180810	291
180820	296
180830	280
180840	293
180850	282
180860	325
180870	270
180880	266
180890	272
180900	277
180910	302
180920	293
180930	314
180940	299
180950	303
180960	299
180970	277
180980	261
180990	271
181000	288
181010	259
181020	286
181030	285
181040	293
181050	277
181060	274
181070	274
181080	284
181090	282
181100	283
181110	298
181120	267
181130	286
181140	320
181150	276
181160	294
181170	315
181180	273
181190	299
181200	273
181210	313
181220	278
181230	277
181240	293
181250	254
181260	283
181270	283
181280	280
181290	270
181300	299
181310	266
181320	294
181330	288
181340	298
181350	274
181360	262
181370	305
181380	302
181390	288
181400	316
181410	265
181420	262
181430	267
181440	289
181450	298
181460	256
181470	283
181480	272
181490	279
181500	266
181510	243
181520	283
181530	277
181540	291
181550	287
181560	266
181570	292
181580	279
181590	261
181600	279
181610	305
181620	314
181630	297
181640	282
181650	297
181660	297
181670	285
181680	292
181690	261
181700	272
181710	261
181720	303
181730	310
181740	304
181750	284
181760	325
181770	293
181780	293
181790	309
181800	261
181810	308
181820	283
181830	296
181840	291
181850	304
181860	256
181870	292
181880	285
181890	271
181900	307
181910	275
181920	267
181930	296
181940	268
181950	284
181960	287
181970	283
181980	277
181990	280
182000	281
182010	267
182020	296
182030	321
182040	278
182050	282
182060	293
182070	308
182080	272
182090	276
182100	291
182110	253
182120	262
182130	296
182140	279
182150	272
182160	310
182170	272
182180	290
182190	307
182200	279
182210	300
182220	269
182230	302
182240	299
182250	270
182260	300
182270	281
182280	310
182290	261
182300	266
182310	288
182320	291
182330	268
182340	283
182350	293
182360	271
182370	311
182380	301
182390	244
182400	299
182410	299
182420	256
182430	279
182440	264
182450	323
182460	278
182470	290
182480	270
182490	285
182500	303
182510	286
182520	278
182530	254
182540	278
182550	287
182560	256
182570	316
182580	291
182590	285
182600	290
182610	260
182620	284
182630	268
182640	284
182650	262
182660	247
182670	292
182680	283
182690	276
182700	244
182710	275
182720	277
182730	268
182740	307
182750	266
182760	264
182770	270
182780	270
182790	271
182800	272
182810	295
182820	288
182830	280
182840	274
182850	289
182860	295
182870	251
182880	266
182890	277
182900	271
182910	309
182920	287
182930	284
182940	279
182950	272
182960	284
182970	284
182980	305
182990	264
183000	279
183010	292
183020	273
183030	295
183040	254
183050	301
183060	300
183070	273
183080	282
183090	266
183100	253
183110	237
183120	298
183130	272
183140	275
183150	250
183160	293
183170	281
183180	295
183190	290
183200	276
183210	278
183220	266
183230	309
183240	277
183250	293
183260	274
183270	306
183280	283
183290	277
183300	262
183310	302
183320	242
183330	292
183340	302
183350	322
183360	303
183370	279
183380	281
183390	282
183400	278
183410	269
183420	268
183430	285
183440	300
183450	268
183460	299
183470	250
183480	256
183490	299
183500	277
183510	290
183520	278
183530	298
183540	292
183550	321
183560	282
183570	267
183580	302
183590	273
183600	276
183610	308
183620	313
183630	303
183640	260
183650	292
183660	284
183670	317
183680	289
183690	299
183700	290
183710	301
183720	256
183730	305
183740	277
183750	273
183760	294
183770	271
183780	259
183790	309
183800	297
183810	288
183820	265
183830	283
183840	294
183850	298
183860	262
183870	290
183880	275
183890	281
183900	287
183910	268
183920	268
183930	310
183940	274
183950	273
183960	276
183970	329
183980	271
183990	278
184000	282
184010	285
184020	286
184030	273
184040	274
184050	272
184060	300
184070	283
184080	292
184090	283
184100	300
184110	287
184120	298
184130	267
184140	296
184150	289
184160	293
184170	292
184180	297
184190	293
184200	299
184210	277
184220	290
184230	261
184240	287
184250	309
184260	290
184270	277
184280	293
184290	272
184300	290
184310	286
184320	313
184330	254
184340	267
184350	274
184360	294
184370	257
184380	289
184390	294
184400	278
184410	293
184420	299
184430	253
184440	290
184450	291
184460	271
184470	272
184480	308
184490	293
184500	266
184510	292
184520	254
184530	285
184540	275
184550	276
184560	257
184570	306
184580	286
184590	292
184600	318
184610	268
184620	269
184630	319
184640	261
184650	290
184660	289
184670	308
184680	290
184690	305
184700	257
184710	304
184720	302
184730	295
184740	289
184750	308
184760	279
184770	267
184780	290
184790	295
184800	242
184810	312
184820	302
184830	304
184840	276
184850	311
184860	283
184870	283
184880	289
184890	314
184900	276
184910	294
184920	260
184930	275
184940	300
184950	278
184960	248
184970	271
184980	289
184990	276
185000	288
185010	270
185020	300
185030	301
185040	274
185050	309
185060	292
185070	279
185080	290
185090	298
185100	287
185110	279
185120	282
185130	326
185140	299
185150	281
185160	276
185170	275
185180	273
185190	273
185200	297
185210	299
185220	275
185230	277
185240	309
185250	305
185260	305
185270	300
185280	295
185290	294
185300	277
185310	290
185320	277
185330	282
185340	286
185350	281
185360	295
185370	284
185380	294
185390	312
185400	292
185410	276
185420	269
185430	279
185440	279
185450	273
185460	302
185470	247
185480	275
185490	270
185500	288
185510	300
185520	266
185530	283
185540	286
185550	297
185560	272
185570	288
185580	258
185590	284
185600	292
185610	271
185620	303
185630	288
185640	279
185650	272
185660	275
185670	261
185680	298
185690	270
185700	252
185710	291
185720	285
185730	280
185740	289
185750	288
185760	264
185770	272
185780	292
185790	278
185800	285
185810	283
185820	274
185830	296
185840	273
185850	304
185860	279
185870	276
185880	312
185890	303
185900	263
185910	271
185920	268
185930	281
185940	302
185950	294
185960	299
185970	293
185980	270
185990	278
186000	266
186010	296
186020	277
186030	283
186040	270
186050	263
186060	268
186070	272
186080	258
186090	338
186100	299
186110	274
186120	293
186130	257
186140	293
186150	271
186160	291
186170	292
186180	257
186190	277
186200	277
186210	273
186220	293
186230	315
186240	284
186250	283
186260	274
186270	283
186280	272
186290	281
186300	274
186310	283
186320	262
186330	258
186340	299
186350	296
186360	272
186370	275
186380	283
186390	315
186400	292
186410	294
186420	276
186430	267
186440	282
186450	277
186460	259
186470	251
186480	281
186490	268
186500	282
186510	269
186520	282
186530	299
186540	266
186550	296
186560	263
186570	255
186580	291
186590	300
186600	267
186610	282
186620	259
186630	260
186640	314
186650	297
186660	303
186670	291
186680	267
186690	297
186700	279
186710	288
186720	297
186730	267
186740	241
186750	307
186760	259
186770	265
186780	270
186790	273
186800	279
186810	292
186820	283
186830	280
186840	260
186850	303
186860	309
186870	295
186880	241
186890	242
186900	282
186910	280
186920	287
186930	244
186940	300
186950	267
186960	304
186970	265
186980	293
186990	284
187000	284
187010	270
187020	308
187030	273
187040	277
187050	267
187060	270
187070	283
187080	274
187090	291
187100	275
187110	286
187120	303
187130	303
187140	268
187150	306
187160	293
187170	259
187180	239
187190	295
187200	317
187210	305
187220	287
187230	273
187240	256
187250	323
187260	285
187270	302
187280	269
187290	290
187300	291
187310	280
187320	289
187330	317
187340	270
187350	276
187360	271
187370	292
187380	286
187390	262
187400	277
187410	293
187420	259
187430	286
187440	274
187450	299
187460	269
187470	307
187480	286
187490	284
187500	284
187510	291
187520	274
187530	263
187540	309
187550	300
187560	277
187570	281
187580	293
187590	309
187600	276
187610	299
187620	301
187630	282
187640	294
187650	305
187660	281
187670	280
187680	284
187690	286
187700	299
187710	293
187720	285
187730	308
187740	280
187750	289
187760	302
187770	315
187780	293
187790	255
187800	277
187810	300
187820	283
187830	291
187840	299
187850	290
187860	314
187870	290
187880	294
187890	292
187900	268
187910	263
187920	304
187930	300
187940	291
187950	264
187960	293
187970	301
187980	285
187990	278
188000	301
188010	277
188020	271
188030	298
188040	318
188050	305
188060	292
188070	287
188080	253
188090	260
188100	295
188110	277
188120	313
188130	258
188140	280
188150	318
188160	287
188170	272
188180	271
188190	300
188200	299
188210	298
188220	290
188230	278
188240	272
188250	280
188260	292
188270	273
188280	297
188290	280
188300	304
188310	288
188320	297
188330	259
188340	288
188350	261
188360	260
188370	254
188380	305
188390	310
188400	260
188410	295
188420	300
188430	265
188440	293
188450	272
188460	281
188470	269
188480	306
188490	303
188500	274
188510	272
188520	288
188530	289
188540	285
188550	289
188560	277
188570	288
188580	282
188590	276
188600	257
188610	251
188620	257
188630	312
188640	303
188650	308
188660	279
188670	265
188680	289
188690	295
188700	252
188710	272
188720	304
188730	288
188740	317
188750	280
188760	296
188770	305
188780	301
188790	292
188800	300
188810	290
188820	270
188830	268
188840	288
188850	298
188860	317
188870	270
188880	304
188890	289
188900	286
188910	287
188920	271
188930	250
188940	282
188950	274
188960	268
188970	298
188980	258
188990	286
189000	267
189010	278
189020	300
189030	322
189040	280
189050	251
189060	284
189070	298
189080	289
189090	269
189100	289
189110	285
189120	268
189130	284
189140	302
189150	254
189160	308
189170	277
189180	297
189190	268
189200	340
189210	305
189220	271
189230	294
189240	288
189250	291
189260	298
189270	290
189280	280
189290	266
189300	262
189310	284
189320	252
189330	289
189340	298
189350	303
189360	269
189370	284
189380	276
189390	271
189400	266
189410	306
189420	294
189430	289
189440	289
189450	292
189460	309
189470	293
189480	294
189490	306
189500	283
189510	296
189520	299
189530	275
189540	272
189550	308
189560	300
189570	280
189580	282
189590	268
189600	271
189610	274
189620	281
189630	293
189640	286
189650	317
189660	303
189670	288
189680	297
189690	296
189700	315
189710	264
189720	275
189730	289
189740	262
189750	260
189760	293
189770	244
189780	280
189790	272
189800	280
189810	257
189820	270
189830	283
189840	293
189850	290
189860	294
189870	287
189880	290
189890	267
189900	281
189910	308
189920	276
189930	277
189940	308
189950	276
189960	262
189970	304
189980	270
189990	277
190000	285
190010	290
190020	262
190030	296
190040	282
190050	272
190060	273
190070	296
190080	269
190090	302
190100	307
190110	289
190120	327
190130	290
190140	314
190150	284
190160	266
190170	263
190180	262
190190	260
190200	322
190210	251
190220	321
190230	296
190240	269
190250	299
190260	266
190270	258
190280	259
190290	271
190300	288
190310	284
190320	275
190330	291
190340	298
190350	287
190360	254
190370	285
190380	277
190390	271
190400	285
190410	301
190420	298
190430	281
190440	273
190450	277
190460	291
190470	331
190480	284
190490	274
190500	305
190510	274
190520	295
190530	329
190540	282
190550	267
190560	263
190570	288
190580	287
190590	284
190600	287
190610	298
190620	265
190630	289
190640	271
190650	253
190660	268
190670	292
190680	297
190690	293
190700	310
190710	300
190720	267
190730	276
190740	286
190750	288
190760	308
190770	280
190780	276
190790	249
190800	275
190810	261
190820	287
190830	273
190840	298
190850	290
190860	288
190870	287
190880	277
190890	288
190900	304
190910	258
190920	283
190930	292
190940	282
190950	281
190960	304
190970	297
190980	289
190990	302
191000	285
191010	288
191020	285
191030	285
191040	294
191050	264
191060	293
191070	270
191080	285
191090	276
191100	297
191110	261
191120	290
191130	253
191140	268
191150	285
191160	289
191170	282
191180	293
191190	268
191200	284
191210	273
191220	286
191230	283
191240	293
191250	303
191260	281
191270	262
191280	319
191290	307
191300	302
191310	318
191320	292
191330	269
191340	272
191350	277
191360	292
191370	299
191380	295
191390	276
191400	255
191410	311
191420	255
191430	251
191440	275
191450	267
191460	293
191470	280
191480	307
191490	298
191500	263
191510	305
191520	271
191530	273
191540	249
191550	285
191560	292
191570	255
191580	310
191590	291
191600	249
191610	258
191620	269
191630	287
191640	263
191650	288
191660	300
191670	288
191680	247
191690	270
191700	282
191710	257
191720	305
191730	290
191740	288
191750	272
191760	269
191770	289
191780	295
191790	279
191800	272
191810	290
191820	291
191830	307
191840	262
191850	263
191860	306
191870	302
191880	300
191890	289
191900	294
191910	302
191920	295
191930	283
191940	297
191950	278
191960	293
191970	260
191980	269
191990	311
192000	294
192010	298
192020	287
192030	270
192040	271
192050	257
192060	308
192070	296
192080	257
192090	265
192100	303
192110	284
192120	262
192130	294
192140	275
192150	277
192160	263
192170	286
192180	293
192190	264
192200	289
192210	284
192220	306
192230	295
192240	270
192250	274
192260	302
192270	296
192280	281
192290	266
192300	289
192310	269
192320	276
192330	298
192340	293
192350	261
192360	304
192370	320
192380	249
192390	292
192400	294
192410	232
192420	276
192430	271
192440	256
192450	270
192460	302
192470	295
192480	281
192490	237
192500	304
192510	259
192520	300
192530	294
192540	260
192550	285
192560	289
192570	305
192580	323
192590	293
192600	316
192610	262
192620	288
192630	287
192640	292
192650	264
192660	292
192670	284
192680	269
192690	335
192700	313
192710	279
192720	283
192730	305
192740	273
192750	305
192760	310
192770	272
192780	279
192790	294
192800	322
192810	269
192820	281
192830	295
192840	279
192850	282
192860	243
192870	295
192880	289
192890	301
192900	312
192910	290
192920	262
192930	299
192940	282
192950	298
192960	293
192970	273
192980	246
192990	302
193000	277
193010	303
193020	264
193030	285
193040	284
193050	299
193060	260
193070	263
193080	286
193090	265
193100	301
193110	268
193120	294
193130	286
193140	340
193150	267
193160	281
193170	283
193180	263
193190	261
193200	279
193210	299
193220	282
193230	276
193240	297
193250	275
193260	261
193270	310
193280	261
193290	277
193300	306
193310	293
193320	285
193330	307
193340	270
193350	278
193360	282
193370	234
193380	288
193390	288
193400	294
193410	267
193420	282
193430	303
193440	264
193450	286
193460	275
193470	315
193480	312
193490	293
193500	278
193510	308
193520	285
193530	277
193540	287
193550	288
193560	263
193570	271
193580	241
193590	279
193600	279
193610	257
193620	259
193630	295
193640	303
193650	279
193660	278
193670	283
193680	313
193690	318
193700	296
193710	279
193720	285
193730	277
193740	282
193750	279
193760	298
193770	287
193780	286
193790	291
193800	329
193810	272
193820	296
193830	277
193840	295
193850	282
193860	278
193870	269
193880	241
193890	300
193900	295
193910	266
193920	268
193930	266
193940	277
193950	261
193960	274
193970	288
193980	294
193990	298
194000	290
194010	294
194020	296
194030	282
194040	274
194050	295
194060	294
194070	291
194080	308
194090	292
194100	286
194110	302
194120	274
194130	299
194140	292
194150	298
194160	292
194170	256
194180	252
194190	289
194200	275
194210	288
194220	278
194230	296
194240	293
194250	292
194260	281
194270	283
194280	251
194290	249
194300	283
194310	296
194320	301
194330	286
194340	270
194350	276
194360	265
194370	296
194380	289
194390	277
194400	284
194410	303
194420	251
194430	252
194440	307
194450	297
194460	287
194470	288
194480	289
194490	300
194500	290
194510	302
194520	311
194530	287
194540	276
194550	267
194560	312
194570	244
194580	272
194590	324
194600	275
194610	294
194620	302
194630	275
194640	281
194650	332
194660	284
194670	289
194680	274
194690	301
194700	276
194710	277
194720	274
194730	299
194740	276
194750	288
194760	294
194770	268
194780	287
194790	317
194800	257
194810	275
194820	260
194830	290
194840	281
194850	278
194860	269
194870	313
194880	281
194890	315
194900	252
194910	286
194920	284
194930	279
194940	295
194950	290
194960	280
194970	289
194980	281
194990	298
195000	265
195010	279
195020	283
195030	289
195040	287
195050	335
195060	274
195070	311
195080	285
195090	309
195100	288
195110	275
195120	273
195130	278
195140	279
195150	279
195160	260
195170	275
195180	296
195190	271
195200	298
195210	278
195220	279
195230	287
195240	258
195250	254
195260	266
195270	292
195280	288
195290	322
195300	276
195310	275
195320	254
195330	283
195340	279
195350	297
195360	275
195370	313
195380	293
195390	276
195400	271
195410	298
195420	280
195430	266
195440	273
195450	299
195460	276
195470	273
195480	261
195490	302
195500	277
195510	264
195520	290
195530	275
195540	293
195550	269
195560	283
195570	296
195580	265
195590	298
195600	255
195610	299
195620	275
195630	257
195640	289
195650	255
195660	282
195670	280
195680	256
195690	297
195700	285
195710	293
195720	287
195730	274
195740	277
195750	283
195760	275
195770	302
195780	292
195790	309
195800	247
195810	289
195820	319
195830	282
195840	297
195850	287
195860	286
195870	304
195880	304
195890	289
195900	265
195910	274
195920	283
195930	314
195940	301
195950	289
195960	300
195970	275
195980	300
195990	270
196000	265
196010	301
196020	290
196030	281
196040	297
196050	269
196060	260
196070	289
196080	265
196090	268
196100	291
196110	272
196120	270
196130	291
196140	290
196150	281
196160	268
196170	256
196180	308
196190	276
196200	248
196210	300
196220	279
196230	276
196240	305
196250	290
196260	283
196270	252
196280	299
196290	273
196300	264
196310	262
196320	307
196330	249
196340	279
196350	292
196360	262
196370	289
196380	290
196390	251
196400	294
196410	283
196420	297
196430	276
196440	274
196450	275
196460	282
196470	249
196480	293
196490	271
196500	287
196510	323
196520	319
196530	284
196540	284
196550	316
196560	289
196570	269
196580	275
196590	290
196600	299
196610	292
196620	271
196630	263
196640	303
196650	297
196660	297
196670	301
196680	240
196690	274
196700	269
196710	297
196720	276
196730	297
196740	290
196750	295
196760	305
196770	260
196780	276
196790	278
196800	281
196810	314
196820	278
196830	285
196840	304
196850	269
196860	277
196870	271
196880	272
196890	303
196900	282
196910	299
196920	304
196930	296
196940	288
196950	262
196960	291
196970	317
196980	275
196990	297
197000	279
197010	258
197020	258
197030	294
197040	300
197050	280
197060	256
197070	268
197080	314
197090	318
197100	251
197110	279
197120	295
197130	271
197140	266
197150	259
197160	271
197170	300
197180	287
197190	258
197200	256
197210	295
197220	267
197230	274
197240	293
197250	288
197260	289
197270	297
197280	277
197290	301
197300	333
197310	305
197320	294
197330	294
197340	257
197350	294
197360	279
197370	290
197380	288
197390	285
197400	329
197410	283
197420	276
197430	292
197440	272
197450	268
197460	291
197470	321
197480	286
197490	277
197500	287
197510	274
197520	285
197530	263
197540	293
197550	267
197560	307
197570	288
197580	309
197590	251
197600	290
197610	272
197620	267
197630	305
197640	289
197650	279
197660	279
197670	312
197680	289
197690	264
197700	287
197710	279
197720	298
197730	296
197740	277
197750	250
197760	259
197770	269
197780	307
197790	305
197800	295
197810	293
197820	292
197830	272
197840	275
197850	298
197860	314
197870	270
197880	291
197890	255
197900	302
197910	273
197920	298
197930	284
197940	282
197950	289
197960	333
197970	261
197980	261
197990	277
198000	272
198010	295
198020	277
198030	306
198040	255
198050	318
198060	306
198070	293
198080	308
198090	281
198100	273
198110	275
198120	290
198130	274
198140	277
198150	301
198160	302
198170	275
198180	295
198190	275
198200	309
198210	294
198220	319
198230	283
198240	273
198250	299
198260	291
198270	279
198280	280
198290	278
198300	261
198310	262
198320	291
198330	266
198340	311
198350	263
198360	276
198370	279
198380	300
198390	306
198400	278
198410	283
198420	310
198430	285
198440	273
198450	273
198460	294
198470	314
198480	287
198490	274
198500	275
198510	293
198520	268
198530	264
198540	290
198550	286
198560	273
198570	302
198580	302
198590	259
198600	268
198610	306
198620	266
198630	251
198640	261
198650	286
198660	262
198670	291
198680	304
198690	306
198700	271
198710	266
198720	282
198730	287
198740	284
198750	264
198760	266
198770	297
198780	288
198790	282
198800	281
198810	309
198820	292
198830	282
198840	281
198850	318
198860	263
198870	310
198880	282
198890	272
198900	297
198910	262
198920	270
198930	297
198940	299
198950	275
198960	307
198970	318
198980	319
198990	304
199000	300
199010	297
199020	259
199030	275
199040	311
199050	288
199060	271
199070	281
199080	305
199090	261
199100	307
199110	292
199120	280
199130	293
199140	318
199150	287
199160	275
199170	277
199180	281
199190	270
199200	279
199210	269
199220	305
199230	268
199240	306
199250	275
199260	264
199270	289
199280	297
199290	262
199300	313
199310	264
199320	262
199330	300
199340	289
199350	270
199360	291
199370	301
199380	296
199390	284
199400	276
199410	301
199420	258
199430	254
199440	263
199450	276
199460	284
199470	294
199480	273
199490	286
199500	268
199510	275
199520	256
199530	304
199540	309
199550	281
199560	289
199570	274
199580	293
199590	290
199600	267
199610	290
199620	283
199630	286
199640	288
199650	278
199660	311
199670	266
199680	288
199690	290
199700	322
199710	276
199720	271
199730	284
199740	299
199750	255
199760	270
199770	270
199780	308
199790	241
199800	262
199810	294
199820	279
199830	308
199840	278
199850	277
199860	313
199870	278
199880	276
199890	265
199900	265
199910	288
199920	269
199930	301
199940	269
199950	290
199960	278
199970	310
199980	285
199990	297
200000	270
200010	294
200020	288
200030	268
200040	262
200050	255
200060	261
200070	322
200080	249
200090	291
200100	290
200110	285
200120	293
200130	287
200140	257
200150	277
200160	311
200170	275
200180	290
200190	261
200200	300
200210	299
200220	300
200230	308
200240	281
200250	292
200260	273
200270	275
200280	299
200290	289
200300	276
200310	285
200320	285
200330	287
200340	267
200350	277
200360	304
200370	244
200380	266
200390	245
200400	298
200410	302
200420	275
200430	281
200440	300
200450	282
200460	284
200470	264
200480	258
200490	297
200500	277
200510	275
200520	273
200530	279
200540	280
200550	316
200560	279
200570	280
200580	272
200590	278
200600	281
200610	301
200620	301
200630	284
200640	268
200650	284
200660	268
200670	294
200680	295
200690	277
200700	290
200710	281
200720	275
200730	275
200740	298
200750	276
200760	284
200770	257
200780	311
200790	305
200800	274
200810	315
200820	283
200830	280
200840	289
200850	286
200860	304
200870	296
200880	269
200890	301
200900	310
200910	260
200920	298
200930	278
200940	257
200950	256
200960	287
200970	267
200980	277
200990	287
201000	289
201010	267
201020	273
201030	298
201040	286
201050	271
201060	289
201070	298
201080	280
201090	303
201100	281
201110	276
201120	269
201130	303
201140	254
201150	308
201160	288
201170	299
201180	326
201190	269
201200	292
201210	276
201220	282
201230	292
201240	321
201250	288
201260	280
201270	297
201280	295
201290	312
201300	246
201310	271
201320	269
201330	313
201340	280
201350	280
201360	266
201370	275
201380	284
201390	290
201400	294
201410	298
201420	278
201430	287
201440	283
201450	274
201460	299
201470	300
201480	275
201490	284
201500	285
201510	263
201520	265
201530	303
201540	287
201550	284
201560	270
201570	274
201580	290
201590	288
201600	304
201610	288
201620	254
201630	281
201640	265
201650	280
201660	271
201670	277
201680	297
201690	274
201700	280
201710	266
201720	308
201730	287
201740	280
201750	300
201760	263
201770	318
201780	269
201790	267
201800	295
201810	271
201820	262
201830	291
201840	280
201850	316
201860	264
201870	256
201880	282
201890	260
201900	290
201910	285
201920	293
201930	309
201940	254
201950	301
201960	293
201970	255
201980	303
201990	289
202000	282
202010	264
202020	307
202030	263
202040	312
202050	281
202060	269
202070	299
202080	286
202090	284
202100	290
202110	293
202120	290
202130	266
202140	290
202150	315
202160	268
202170	270
202180	263
202190	318
202200	300
202210	293
202220	239
202230	267
202240	285
202250	265
202260	288
202270	281
202280	296
202290	275
202300	300
202310	282
202320	313
202330	282
202340	305
202350	280
202360	308
202370	286
202380	287
202390	273
202400	259
202410	271
202420	282
202430	296
202440	249
202450	288
202460	266
202470	291
202480	314
202490	286
202500	280
202510	279
202520	268
202530	298
202540	289
202550	267
202560	265
202570	295
202580	277
202590	278
202600	257
202610	305
202620	281
202630	280
202640	274
202650	281
202660	304
202670	277
202680	294
202690	297
202700	294
202710	272
202720	278
202730	279
202740	248
202750	272
202760	298
202770	228
202780	285
202790	263
202800	296
202810	293
202820	259
202830	297
202840	275
202850	301
202860	296
202870	296
202880	284
202890	308
202900	280
202910	281
202920	297
202930	278
202940	302
202950	296
202960	284
202970	255
202980	282
202990	294
203000	268
203010	269
203020	269
203030	264
203040	295
203050	296
203060	293
203070	283
203080	290
203090	306
203100	276
203110	261
203120	272
203130	295
203140	273
203150	271
203160	278
203170	297
203180	275
203190	295
203200	292
203210	291
203220	287
203230	271
203240	294
203250	259
203260	249
203270	277
203280	286
203290	276
203300	276
203310	269
203320	258
203330	315
203340	313
203350	274
203360	261
203370	297
203380	290
203390	265
203400	274
203410	303
203420	293
203430	298
203440	273
203450	237
203460	307
203470	260
203480	290
203490	311
203500	278
203510	287
203520	280
203530	305
203540	304
203550	297
203560	302
203570	270
203580	302
203590	319
203600	300
203610	287
203620	276
203630	304
203640	322
203650	276
203660	304
203670	281
203680	294
203690	270
203700	316
203710	290
203720	295
203730	306
203740	299
203750	270
203760	279
203770	292
203780	300
203790	299
203800	293
203810	265
203820	274
203830	270
203840	295
203850	277
203860	300
203870	314
203880	282
203890	271
203900	308
203910	269
203920	291
203930	293
203940	258
203950	295
203960	304
203970	272
203980	290
203990	286
204000	289
204010	271
204020	299
204030	303
204040	276
204050	287
204060	285
204070	306
204080	297
204090	289
204100	280
204110	305
204120	302
204130	281
204140	248
204150	267
204160	284
204170	278
204180	277
204190	285
204200	282
204210	275
204220	299
204230	302
204240	255
204250	286
204260	315
204270	275
204280	270
204290	266
204300	299
204310	288
204320	263
204330	298
204340	271
204350	293
204360	331
204370	297
204380	284
204390	279
204400	274
204410	273
204420	300
204430	265
204440	266
204450	289
204460	263
204470	257
204480	287
204490	292
204500	278
204510	271
204520	287
204530	270
204540	263
204550	283
204560	286
204570	292
204580	248
204590	327
204600	296
204610	274
204620	285
204630	257
204640	301
204650	283
204660	281
204670	282
204680	310
204690	301
204700	272
204710	287
204720	294
204730	277
204740	292
204750	246
204760	311
204770	283
204780	282
204790	262
204800	272
204810	304
204820	284
204830	283
204840	280
204850	282
204860	279
204870	281
204880	286
204890	306
204900	298
204910	294
204920	284
204930	266
204940	284
204950	274
204960	275
204970	262
204980	297
204990	280
205000	283
205010	283
205020	296
205030	283
205040	275
205050	302
205060	303
205070	277
205080	290
205090	308
205100	293
205110	254
205120	287
205130	292
205140	272
205150	286
205160	276
205170	298
205180	268
205190	282
205200	272
205210	282
205220	294
205230	319
205240	283
205250	309
205260	279
205270	299
205280	303
205290	303
205300	302
205310	285
205320	275
205330	284
205340	278
205350	286
205360	311
205370	289
205380	269
205390	293
205400	288
205410	261
205420	287
205430	286
205440	262
205450	314
205460	278
205470	280
205480	288
205490	305
205500	260
205510	300
205520	255
205530	296
205540	271
205550	269
205560	299
205570	255
205580	269
205590	258
205600	270
205610	290
205620	294
205630	292
205640	302
205650	268
205660	258
205670	244
205680	290
205690	288
205700	291
205710	268
205720	281
205730	269
205740	277
205750	270
205760	287
205770	288
205780	269
205790	301
205800	288
205810	280
205820	304
205830	274
205840	267
205850	293
205860	254
205870	296
205880	293
205890	267
205900	296
205910	278
205920	292
205930	286
205940	277
205950	290
205960	306
205970	288
205980	298
205990	263
206000	290
206010	269
206020	276
206030	274
206040	282
206050	307
206060	280
206070	324
206080	285
206090	282
206100	278
206110	279
206120	305
206130	300
206140	266
206150	276
206160	284
206170	273
206180	267
206190	302
206200	270
206210	296
206220	259
206230	291
206240	288
206250	287
206260	268
206270	262
206280	273
206290	300
206300	274
206310	306
206320	300
206330	299
206340	311
206350	276
206360	281
206370	314
206380	289
206390	306
206400	273
206410	273
206420	278
206430	250
206440	289
206450	282
206460	289
206470	279
206480	263
206490	281
206500	298
206510	269
206520	263
206530	279
206540	313
206550	280
206560	272
206570	268
206580	306
206590	266
206600	258
206610	283
206620	292
206630	297
206640	288
206650	307
206660	274
206670	268
206680	297
206690	287
206700	303
206710	305
206720	283
206730	256
206740	272
206750	275
206760	311
206770	310
206780	281
206790	247
206800	250
206810	315
206820	291
206830	288
206840	268
206850	298
206860	269
206870	307
206880	280
206890	269
206900	292
206910	278
206920	265
206930	304
206940	283
206950	289
206960	259
206970	290
206980	292
206990	285
207000	272
207010	279
207020	300
207030	271
207040	325
207050	290
207060	292
207070	299
207080	296
207090	304
207100	292
207110	288
207120	274
207130	266
207140	297
207150	264
207160	257
207170	277
207180	273
207190	309
207200	269
207210	301
207220	267
207230	272
207240	259
207250	298
207260	276
207270	298
207280	267
207290	302
207300	283
207310	290
207320	265
207330	284
207340	309
207350	272
207360	264
207370	248
207380	272
207390	284
207400	291
207410	282
207420	288
207430	295
207440	284
207450	309
207460	280
207470	316
207480	259
207490	284
207500	265
207510	256
207520	280
207530	265
207540	272
207550	269
207560	303
207570	275
207580	297
207590	287
207600	290
207610	298
207620	292
207630	292
207640	283
207650	282
207660	310
207670	279
207680	299
207690	300
207700	284
207710	328
207720	264
207730	306
207740	301
207750	285
207760	312
207770	290
207780	312
207790	269
207800	277
207810	248
207820	286
207830	305
207840	299
207850	281
207860	296
207870	258
207880	287
207890	268
207900	310
207910	279
207920	282
207930	313
207940	272
207950	281
207960	285
207970	292
207980	261
207990	311
208000	273
208010	305
208020	313
208030	264
208040	303
208050	258
208060	279
208070	288
208080	320
208090	277
208100	254
208110	287
208120	279
208130	304
208140	299
208150	285
208160	292
208170	276
208180	330
208190	282
208200	274
208210	306
208220	268
208230	270
208240	259
208250	269
208260	275
208270	301
208280	308
208290	273
208300	311
208310	264
208320	281
208330	292
208340	255
208350	304
208360	281
208370	283
208380	301
208390	305
208400	267
208410	280
208420	268
208430	280
208440	292
208450	278
208460	272
208470	261
208480	279
208490	296
208500	285
208510	314
208520	301
208530	289
208540	267
208550	268
208560	280
208570	285
208580	254
208590	288
208600	295
208610	303
208620	263
208630	295
208640	314
208650	302
208660	316
208670	298
208680	276
208690	296
208700	272
208710	283
208720	297
208730	274
208740	298
208750	288
208760	289
208770	275
208780	281
208790	305
208800	274
208810	311
208820	292
208830	282
208840	277
208850	269
208860	322
208870	290
208880	304
208890	285
208900	272
208910	279
208920	287
208930	294
208940	284
208950	267
208960	284
208970	276
208980	323
208990	276
209000	273
209010	255
209020	280
209030	290
209040	282
209050	276
209060	288
209070	300
209080	279
209090	301
209100	282
209110	294
209120	297
209130	302
209140	263
209150	314
209160	292
209170	296
209180	309
209190	285
209200	279
209210	301
209220	285
209230	286
209240	258
209250	270
209260	271
209270	315
209280	305
209290	319
209300	287
209310	255
209320	284
209330	291
209340	281
209350	290
209360	255
209370	294
209380	297
209390	278
209400	286
209410	277
209420	290
209430	281
209440	268
209450	294
209460	274
209470	271
209480	275
209490	287
209500	274
209510	267
209520	273
209530	304
209540	282
209550	298
209560	258
209570	296
209580	279
209590	311
209600	278
209610	300
209620	283
209630	272
209640	292
209650	303
209660	276
209670	280
209680	261
209690	319
209700	298
209710	289
209720	294
209730	301
209740	286
209750	296
209760	252
209770	296
209780	309
209790	284
209800	250
209810	306
209820	293
209830	299
209840	274
209850	320
209860	297
209870	277
209880	263
209890	296
209900	262
209910	293
209920	279
209930	277
209940	291
209950	298
209960	289
209970	284
209980	284
209990	276
210000	274
210010	287
210020	300
210030	290
210040	305
210050	312
210060	300
210070	312
210080	303
210090	303
210100	264
210110	290
210120	287
210130	285
210140	295
210150	289
210160	278
210170	292
210180	278
210190	286
210200	293
210210	260
210220	287
210230	252
210240	276
210250	272
210260	268
210270	284
210280	265
210290	279
210300	274
210310	280
210320	291
210330	294
210340	280
210350	280
210360	241
210370	301
210380	291
210390	273
210400	307
210410	285
210420	267
210430	301
210440	270
210450	259
210460	285
210470	303
210480	289
210490	294
210500	291
210510	277
210520	265
210530	289
210540	284
210550	291
210560	289
210570	262
210580	262
210590	269
210600	298
210610	280
210620	297
210630	266
210640	287
210650	268
210660	331
210670	288
210680	277
210690	268
210700	308
210710	295
210720	291
210730	278
210740	254
210750	292
210760	314
210770	288
210780	277
210790	296
210800	285
210810	281
210820	277
210830	262
210840	260
210850	312
210860	302
210870	322
210880	316
210890	282
210900	308
210910	263
210920	290
210930	284
210940	276
210950	263
210960	282
210970	276
210980	269
210990	258
211000	340
211010	284
211020	260
211030	303
211040	275
211050	303
211060	275
211070	268
211080	269
211090	312
211100	264
211110	280
211120	280
211130	258
211140	313
211150	315
211160	272
211170	294
211180	291
211190	306
211200	268
211210	282
211220	317
211230	277
211240	252
211250	293
211260	267
211270	269
211280	276
211290	276
211300	274
211310	279
211320	304
211330	291
211340	287
211350	298
211360	283
211370	256
211380	305
211390	274
211400	300
211410	294
211420	288
211430	298
211440	268
211450	291
211460	317
211470	293
211480	310
211490	324
211500	271
211510	307
211520	259
211530	281
211540	299
211550	277
211560	293
211570	276
211580	281
211590	285
211600	271
211610	281
211620	272
211630	313
211640	304
211650	266
211660	290
211670	266
211680	283
211690	298
211700	325
211710	291
211720	301
211730	290
211740	306
211750	305
211760	279
211770	293
211780	310
211790	261
211800	307
211810	309
211820	257
211830	301
211840	277
211850	280
211860	285
211870	260
211880	347
211890	246
211900	312
211910	297
211920	294
211930	289
211940	265
211950	285
211960	282
211970	302
211980	281
211990	253
212000	300
212010	289
212020	261
212030	302
212040	304
212050	321
212060	299
212070	283
212080	267
212090	282
212100	283
212110	277
212120	273
212130	294
212140	276
212150	265
212160	287
212170	292
212180	266
212190	276
212200	305
212210	279
212220	246
212230	266
212240	285
212250	279
212260	275
212270	287
212280	278
212290	296
212300	289
212310	268
212320	285
212330	244
212340	303
212350	269
212360	303
212370	324
212380	271
212390	314
212400	280
212410	274
212420	313
212430	282
212440	277
212450	265
212460	284
212470	281
212480	286
212490	302
212500	280
212510	257
212520	309
212530	262
212540	289
212550	301
212560	275
212570	277
212580	310
212590	262
212600	299
212610	297
212620	300
212630	290
212640	275
212650	277
212660	291
212670	283
212680	282
212690	286
212700	302
212710	309
212720	263
212730	264
212740	301
212750	317
212760	265
212770	248
212780	283
212790	276
212800	273
212810	270
212820	282
212830	277
212840	259
212850	263
212860	304
212870	270
212880	258
212890	275
212900	271
212910	313
212920	260
212930	275
212940	284
212950	280
212960	261
212970	275
212980	287
212990	312
213000	314
213010	303
213020	320
213030	311
213040	288
213050	275
213060	269
213070	260
213080	305
213090	284
213100	260
213110	277
213120	282
213130	278
213140	283
213150	255
213160	294
213170	308
213180	279
213190	271
213200	274
213210	272
213220	305
213230	281
213240	299
213250	302
213260	287
213270	306
213280	277
213290	288
213300	299
213310	294
213320	287
213330	251
213340	286
213350	292
213360	259
213370	300
213380	290
213390	301
213400	256
213410	254
213420	299
213430	319
213440	301
213450	285
213460	290
213470	286
213480	271
213490	298
213500	295
213510	275
213520	257
213530	280
213540	276
213550	267
213560	275
213570	289
213580	293
213590	289
213600	250
213610	312
213620	304
213630	297
213640	279
213650	259
213660	295
213670	279
213680	271
213690	292
213700	286
213710	281
213720	273
213730	280
213740	266
213750	307
213760	270
213770	240
213780	267
213790	315
213800	257
213810	284
213820	267
213830	289
213840	322
213850	266
213860	281
213870	291
213880	295
213890	300
213900	265
213910	279
213920	293
213930	255
213940	280
213950	282
213960	316
213970	291
213980	288
213990	265
214000	299
214010	290
214020	285
214030	294
214040	293
214050	275
214060	308
214070	300
214080	283
214090	321
214100	285
214110	298
214120	283
214130	265
214140	307
214150	272
214160	258
214170	286
214180	269
214190	273
214200	285
214210	298
214220	271
214230	292
214240	291
214250	287
214260	299
214270	297
214280	288
214290	290
214300	258
214310	304
214320	299
214330	293
214340	291
214350	294
214360	290
214370	294
214380	290
214390	265
214400	244
214410	267
214420	275
214430	264
214440	309
214450	265
214460	274
214470	284
214480	282
214490	296
214500	291
214510	317
214520	281
214530	264
214540	303
214550	281
214560	279
214570	287
214580	293
214590	299
214600	269
214610	299
214620	277
214630	282
214640	299
214650	291
214660	286
214670	273
214680	286
214690	266
214700	320
214710	312
214720	271
214730	285
214740	287
214750	267
214760	289
214770	294
214780	275
214790	275
214800	299
214810	294
214820	267
214830	263
214840	270
214850	316
214860	288
214870	274
214880	248
214890	313
214900	266
214910	302
214920	273
214930	263
214940	281
214950	271
214960	261
214970	287
214980	313
214990	286
215000	270
215010	318
215020	318
215030	266
215040	295
215050	287
215060	295
215070	300
215080	284
215090	296
215100	254
215110	299
215120	256
215130	293
215140	298
215150	288
215160	290
215170	274
215180	300
215190	291
215200	268
215210	288
215220	307
215230	305
215240	257
215250	269
215260	290
215270	257
215280	294
215290	308
215300	278
215310	306
215320	268
215330	257
215340	266
215350	322
215360	269
215370	303
215380	249
215390	276
215400	280
215410	303
215420	309
215430	267
215440	298
215450	254
215460	308
215470	280
215480	301
215490	287
215500	275
215510	304
215520	288
215530	279
215540	280
215550	277
215560	277
215570	294
215580	318
215590	286
215600	271
215610	291
215620	285
215630	261
215640	329
215650	307
215660	306
215670	284
215680	256
215690	290
215700	303
215710	300
215720	273
215730	296
215740	245
215750	277
215760	275
215770	289
215780	298
215790	308
215800	293
215810	299
215820	266
215830	296
215840	267
215850	274
215860	308
215870	286
215880	267
215890	304
215900	277
215910	284
215920	305
215930	289
215940	290
215950	286
215960	288
215970	321
215980	286
215990	266
216000	276
216010	289
216020	278
216030	267
216040	321
216050	284
216060	270
216070	291
216080	284
216090	284
216100	282
216110	310
216120	288
216130	290
216140	283
216150	269
216160	276
216170	274
216180	285
216190	314
216200	274
216210	289
216220	263
216230	260
216240	275
216250	323
216260	290
216270	284
216280	278
216290	263
216300	254
216310	299
216320	294
216330	277
216340	305
216350	259
216360	298
216370	281
216380	303
216390	254
216400	288
216410	273
216420	268
216430	268
216440	290
216450	274
216460	271
216470	312
216480	268
216490	282
216500	313
216510	295
216520	292
216530	317
216540	295
216550	304
216560	264
216570	297
216580	275
216590	273
216600	279
216610	275
216620	287
216630	303
216640	309
216650	270
216660	284
216670	254
216680	277
216690	256
216700	272
216710	288
216720	287
216730	298
216740	280
216750	279
216760	274
216770	278
216780	294
216790	250
216800	292
216810	306
216820	313
216830	274
216840	279
216850	262
216860	308
216870	284
216880	286
216890	315
216900	287
216910	275
216920	297
216930	263
216940	266
216950	298
216960	266
216970	259
216980	299
216990	287
217000	305
217010	281
217020	266
217030	272
217040	315
217050	266
217060	274
217070	279
217080	261
217090	276
217100	279
217110	274
217120	310
217130	262
217140	277
217150	321
217160	286
217170	272
217180	300
217190	287
217200	310
217210	271
217220	287
217230	256
217240	309
217250	273
217260	283
217270	246
217280	278
217290	278
217300	281
217310	271
217320	269
217330	291
217340	254
217350	283
217360	276
217370	274
217380	274
217390	302
217400	249
217410	307
217420	278
217430	292
217440	301
217450	306
217460	279
217470	286
217480	287
217490	316
217500	277
217510	253
217520	282
217530	304
217540	283
217550	269
217560	283
217570	267
217580	270
217590	272
217600	281
217610	272
217620	311
217630	305
217640	262
217650	283
217660	271
217670	268
217680	272
217690	287
217700	279
217710	301
217720	314
217730	299
217740	278
217750	270
217760	297
217770	268
217780	270
217790	289
217800	260
217810	291
217820	252
217830	267
217840	260
217850	251
217860	302
217870	279
217880	284
217890	292
217900	298
217910	245
217920	285
217930	262
217940	314
217950	248
217960	314
217970	289
217980	286
217990	310
218000	259
218010	278
218020	298
218030	293
218040	278
218050	294
218060	287
218070	267
218080	276
218090	294
218100	299
218110	290
218120	267
218130	289
218140	278
218150	291
218160	276
218170	290
218180	300
218190	309
218200	308
218210	275
218220	275
218230	277
218240	299
218250	317
218260	295
218270	279
218280	313
218290	274
218300	295
218310	267
218320	252
218330	278
218340	257
218350	294
218360	283
218370	303
218380	316
218390	279
218400	278
218410	274
218420	271
218430	287
218440	251
218450	296
218460	279
218470	284
218480	291
218490	260
218500	276
218510	280
218520	282
218530	270
218540	236
218550	263
218560	260
218570	288
218580	278
218590	249
218600	301
218610	303
218620	283
218630	281
218640	286
218650	308
218660	308
218670	322
218680	283
218690	278
218700	263
218710	287
218720	276
218730	299
218740	298
218750	254
218760	272
218770	293
218780	260
218790	297
218800	273
218810	283
218820	283
218830	303
218840	290
218850	260
218860	269
218870	297
218880	311
218890	262
218900	269
218910	291
218920	285
218930	284
218940	266
218950	306
218960	312
218970	278
218980	282
218990	283
219000	300
219010	283
219020	258
219030	285
219040	248
219050	259
219060	294
219070	296
219080	273
219090	302
219100	306
219110	275
219120	294
219130	289
219140	263
219150	289
219160	295
219170	285
219180	277
219190	302
219200	308
219210	265
219220	280
219230	309
219240	261
219250	295
219260	282
219270	271
219280	269
219290	268
219300	282
219310	261
219320	303
219330	276
219340	288
219350	247
219360	256
219370	303
219380	285
219390	277
219400	283
219410	284
219420	305
219430	283
219440	313
219450	291
219460	302
219470	287
219480	307
219490	294
219500	293
219510	308
219520	261
219530	306
219540	309
219550	289
219560	290
219570	269
219580	297
219590	271
219600	269
219610	273
219620	306
219630	272
219640	255
219650	294
219660	291
219670	276
219680	274
219690	263
219700	290
219710	271
219720	266
219730	265
219740	311
219750	289
219760	290
219770	295
219780	295
219790	270
219800	287
219810	276
219820	290
219830	299
219840	257
219850	276
219860	289
219870	271
219880	297
219890	286
219900	269
219910	287
219920	277
219930	271
219940	256
219950	298
219960	260
219970	278
219980	297
219990	254
220000	298
220010	296
220020	303
220030	292
220040	277
220050	260
220060	264
220070	263
220080	274
220090	295
220100	272
220110	278
220120	278
220130	290
220140	283
220150	270
220160	279
220170	287
220180	288
220190	305
220200	290
220210	288
220220	289
220230	295
220240	282
220250	264
220260	303
220270	265
220280	253
220290	308
220300	275
220310	267
220320	304
220330	271
220340	297
220350	288
220360	287
220370	287
220380	290
220390	289
220400	274
220410	302
220420	289
220430	261
220440	306
220450	287
220460	297
220470	305
220480	295
220490	289
220500	284
220510	304
220520	281
220530	272
220540	274
220550	296
220560	279
220570	291
220580	280
220590	295
220600	317
220610	271
220620	278
220630	299
220640	269
220650	269
220660	289
220670	312
220680	277
220690	321
220700	291
220710	281
220720	267
220730	290
220740	286
220750	292
220760	273
220770	279
220780	269
220790	288
220800	273
220810	256
220820	316
220830	267
220840	295
220850	272
220860	300
220870	290
220880	281
220890	276
220900	256
220910	256
220920	275
220930	285
220940	316
220950	286
220960	292
220970	296
220980	262
220990	280
221000	282
221010	268
221020	265
221030	277
221040	292
221050	296
221060	273
221070	285
221080	281
221090	289
221100	294
221110	282
221120	257
221130	261
221140	256
221150	285
221160	279
221170	292
221180	296
221190	319
221200	303
221210	278
221220	272
221230	266
221240	312
221250	296
221260	266
221270	285
221280	257
221290	303
221300	280
221310	282
221320	296
221330	300
221340	270
221350	251
221360	309
221370	298
221380	303
221390	286
221400	311
221410	316
221420	272
221430	256
221440	285
221450	256
221460	269
221470	304
221480	291
221490	282
221500	237
221510	251
221520	303
221530	279
221540	261
221550	288
221560	289
221570	308
221580	285
221590	253
221600	311
221610	279
221620	287
221630	241
221640	260
221650	295
221660	305
221670	298
221680	276
221690	259
221700	266
221710	272
221720	279
221730	289
221740	273
221750	276
221760	292
221770	311
221780	272
221790	279
221800	295
221810	287
221820	281
221830	233
221840	282
221850	280
221860	262
221870	273
221880	281
221890	267
221900	267
221910	281
221920	279
221930	280
221940	282
221950	291
221960	270
221970	298
221980	292
221990	296
222000	285
222010	278
222020	283
222030	264
222040	295
222050	265
222060	293
222070	288
222080	266
222090	275
222100	294
222110	290
222120	303
222130	284
222140	300
222150	290
222160	287
222170	286
222180	263
222190	305
222200	296
222210	262
222220	295
222230	300
222240	304
222250	298
222260	280
222270	270
222280	275
222290	291
222300	270
222310	297
222320	271
222330	302
222340	275
222350	295
222360	307
222370	292
222380	251
222390	294
222400	240
222410	299
222420	303
222430	316
222440	303
222450	271
222460	293
222470	274
222480	281
222490	285
222500	288
222510	289
222520	260
222530	266
222540	253
222550	304
222560	306
222570	278
222580	270
222590	289
222600	305
222610	253
222620	276
222630	282
222640	275
222650	264
222660	268
222670	262
222680	291
222690	281
222700	284
222710	288
222720	278
222730	272
222740	286
222750	273
222760	277
222770	287
222780	287
222790	265
222800	266
222810	270
222820	309
222830	317
222840	306
222850	276
222860	288
222870	280
222880	293
222890	309
222900	304
222910	293
222920	271
222930	294
222940	288
222950	269
222960	316
222970	289
222980	269
222990	296
223000	282
223010	288
223020	277
223030	278
223040	282
223050	318
223060	270
223070	273
223080	289
223090	305
223100	285
223110	324
223120	283
223130	285
223140	288
223150	278
223160	305
223170	261
223180	252
223190	252
223200	274
223210	272
223220	304
223230	296
223240	283
223250	280
223260	286
223270	245
223280	305
223290	269
223300	266
223310	298
223320	286
223330	321
223340	288
223350	250
223360	280
223370	300
223380	279
223390	290
223400	289
223410	271
223420	301
223430	293
223440	265
223450	282
223460	278
223470	276
223480	261
223490	285
223500	308
223510	275
223520	256
223530	288
223540	286
223550	280
223560	295
223570	256
223580	284
223590	295
223600	311
223610	270
223620	297
223630	295
223640	261
223650	292
223660	297
223670	264
223680	296
223690	276
223700	276
223710	247
223720	275
223730	278
223740	273
223750	269
223760	271
223770	289
223780	249
223790	260
223800	294
223810	293
223820	275
223830	281
223840	289
223850	276
223860	288
223870	290
223880	273
223890	274
223900	260
223910	295
223920	294
223930	270
223940	325
223950	282
223960	286
223970	294
223980	277
223990	287
224000	271
224010	270
224020	288
224030	264
224040	304
224050	271
224060	277
224070	253
224080	302
224090	285
224100	253
224110	268
224120	283
224130	297
224140	270
224150	283
224160	256
224170	315
224180	291
224190	268
224200	297
224210	265
224220	281
224230	289
224240	257
224250	276
224260	287
224270	309
224280	262
224290	303
224300	291
224310	268
224320	265
224330	294
224340	288
224350	290
224360	282
224370	312
224380	278
224390	273
224400	273
224410	293
224420	261
224430	282
224440	266
224450	267
224460	264
224470	292
224480	306
224490	268
224500	279
224510	314
224520	239
224530	294
224540	294
224550	272
224560	306
224570	291
224580	318
224590	304
224600	281
224610	283
224620	291
224630	270
224640	291
224650	272
224660	294
224670	284
224680	306
224690	335
224700	301
224710	273
224720	292
224730	246
224740	268
224750	296
224760	288
224770	279
224780	301
224790	248
224800	283
224810	297
224820	312
224830	283
224840	287
224850	280
224860	286
224870	274
224880	279
224890	281
224900	301
224910	297
224920	288
224930	272
224940	302
224950	294
224960	312
224970	302
224980	281
224990	272
225000	296
225010	273
225020	286
225030	300
225040	257
225050	293
225060	285
225070	282
225080	270
225090	297
225100	279
225110	261
225120	299
225130	272
225140	285
225150	263
225160	278
225170	255
225180	292
225190	297
225200	261
225210	301
225220	295
225230	274
225240	300
225250	295
225260	274
225270	269
225280	292
225290	291
225300	246
225310	261
225320	288
225330	272
225340	316
225350	283
225360	325
225370	286
225380	281
225390	271
225400	290
225410	269
225420	294
225430	268
225440	270
225450	266
225460	287
225470	275
225480	283
225490	281
225500	258
225510	267
225520	292
225530	264
225540	279
225550	281
225560	253
225570	282
225580	289
225590	262
225600	269
225610	281
225620	273
225630	288
225640	291
225650	273
225660	265
225670	292
225680	257
225690	272
225700	291
225710	290
225720	302
225730	318
225740	288
225750	272
225760	279
225770	311
225780	297
225790	269
225800	298
225810	269
225820	299
225830	320
225840	291
225850	279
225860	303
225870	274
225880	270
225890	259
225900	288
225910	304
225920	258
225930	273
225940	290
225950	241
225960	293
225970	278
225980	271
225990	289
226000	269
226010	325
226020	265
226030	281
226040	288
226050	304
226060	291
226070	253
226080	257
226090	305
226100	324
226110	279
226120	298
226130	255
226140	285
226150	286
226160	274
226170	290
226180	277
226190	256
226200	268
226210	241
226220	282
226230	284
226240	279
226250	279
226260	287
226270	279
226280	268
226290	293
226300	271
226310	305
226320	288
226330	262
226340	316
226350	278
226360	291
226370	274
226380	289
226390	282
226400	262
226410	298
226420	289
226430	269
226440	288
226450	325
226460	293
226470	309
226480	285
226490	291
226500	277
226510	286
226520	280
226530	296
226540	274
226550	246
226560	294
226570	260
226580	296
226590	288
226600	280
226610	276
226620	289
226630	277
226640	324
226650	282
226660	281
226670	253
226680	286
226690	255
226700	288
226710	231
226720	274
226730	283
226740	274
226750	294
226760	288
226770	265
226780	273
226790	265
226800	274
226810	289
226820	293
226830	296
226840	293
226850	283
226860	291
226870	281
226880	259
226890	311
226900	296
226910	300
226920	259
226930	255
226940	279
226950	288
226960	263
226970	289
226980	280
226990	279
227000	266
227010	297
227020	295
227030	277
227040	281
227050	277
227060	295
227070	281
227080	291
227090	288
227100	275
227110	304
227120	250
227130	284
227140	310
227150	277
227160	265
227170	298
227180	279
227190	277
227200	279
227210	265
227220	270
227230	284
227240	279
227250	280
227260	279
227270	275
227280	308
227290	310
227300	250
227310	298
227320	291
227330	287
227340	291
227350	278
227360	291
227370	284
227380	281
227390	319
227400	291
227410	295
227420	261
227430	291
227440	272
227450	279
227460	293
227470	284
227480	288
227490	304
227500	271
227510	284
227520	293
227530	286
227540	278
227550	310
227560	289
227570	292
227580	301
227590	290
227600	269
227610	295
227620	290
227630	287
227640	271
227650	277
227660	276
227670	294
227680	291
227690	283
227700	296
227710	245
227720	257
227730	293
227740	290
227750	301
227760	258
227770	266
227780	289
227790	285
227800	294
227810	301
227820	299
227830	266
227840	294
227850	307
227860	272
227870	278
227880	294
227890	291
227900	281
227910	255
227920	303
227930	289
227940	277
227950	272
227960	261
227970	297
227980	277
227990	292
228000	271
228010	264
228020	292
228030	288
228040	260
228050	296
228060	295
228070	294
228080	268
228090	285
228100	268
228110	262
228120	300
228130	289
228140	268
228150	282
228160	272
228170	294
228180	276
228190	293
228200	268
228210	332
228220	275
228230	271
228240	319
228250	310
228260	274
228270	272
228280	283
228290	254
228300	293
228310	310
228320	297
228330	276
228340	286
228350	294
228360	287
228370	274
228380	302
228390	296
228400	284
228410	322
228420	295
228430	284
228440	310
228450	289
228460	265
228470	288
228480	274
228490	312
228500	266
228510	293
228520	294
228530	287
228540	276
228550	309
228560	293
228570	283
228580	298
228590	277
228600	261
228610	294
228620	301
228630	289
228640	288
228650	266
228660	308
228670	287
228680	256
228690	282
228700	249
228710	298
228720	265
228730	272
228740	282
228750	308
228760	308
228770	306
228780	280
228790	261
228800	281
228810	278
228820	260
228830	276
228840	297
228850	302
228860	287
228870	308
228880	293
228890	311
228900	261
228910	278
228920	280
228930	289
228940	242
228950	303
228960	247
228970	287
228980	289
228990	303
229000	282
229010	293
229020	311
229030	299
229040	288
229050	295
229060	301
229070	278
229080	275
229090	262
229100	310
229110	259
229120	298
229130	274
229140	272
229150	298
229160	295
229170	273
229180	291
229190	319
229200	271
229210	258
229220	297
229230	284
229240	310
229250	248
229260	284
229270	238
229280	298
229290	295
229300	273
229310	284
229320	282
229330	255
229340	263
229350	296
229360	253
229370	284
229380	254
229390	303
229400	291
229410	280
229420	282
229430	278
229440	293
229450	265
229460	297
229470	304
229480	272
229490	303
229500	250
229510	278
229520	276
229530	261
229540	281
229550	298
229560	296
229570	280
229580	257
229590	304
229600	288
229610	282
229620	296
229630	282
229640	278
229650	289
229660	281
229670	280
229680	275
229690	274
229700	289
229710	229
229720	297
229730	317
229740	284
229750	250
229760	291
229770	321
229780	273
229790	279
229800	293
229810	297
229820	315
229830	273
229840	311
229850	268
229860	273
229870	266
229880	271
229890	254
229900	269
229910	286
229920	287
229930	284
229940	260
229950	265
229960	282
229970	284
229980	289
229990	279
230000	265
230010	259
230020	278
230030	294
230040	279
230050	269
230060	276
230070	277
230080	294
230090	307
230100	294
230110	290
230120	303
230130	276
230140	278
230150	286
230160	306
230170	279
230180	263
230190	314
230200	308
230210	297
230220	292
230230	282
230240	280
230250	285
230260	303
230270	237
230280	282
230290	251
230300	270
230310	262
230320	308
230330	271
230340	272
230350	271
230360	282
230370	283
230380	274
230390	257
230400	301
230410	265
230420	314
230430	259
230440	260
230450	296
230460	306
230470	262
230480	265
230490	293
230500	283
230510	318
230520	297
230530	277
230540	291
230550	293
230560	273
230570	302
230580	306
230590	289
230600	304
230610	272
230620	302
230630	259
230640	277
230650	262
230660	297
230670	298
230680	278
230690	296
230700	281
230710	264
230720	295
230730	274
230740	299
230750	267
230760	276
230770	307
230780	254
230790	274
230800	276
230810	265
230820	301
230830	272
230840	272
230850	273
230860	278
230870	296
230880	282
230890	283
230900	289
230910	311
230920	292
230930	250
230940	267
230950	279
230960	291
230970	283
230980	283
230990	252
231000	271
231010	259
231020	304
231030	301
231040	277
231050	274
231060	293
231070	297
231080	314
231090	266
231100	269
231110	265
231120	271
231130	261
231140	268
231150	279
231160	284
231170	291
231180	279
231190	280
231200	277
231210	308
231220	290
231230	289
231240	269
231250	256
231260	287
231270	276
231280	291
231290	280
231300	307
231310	285
231320	274
231330	254
231340	304
231350	317
231360	272
231370	285
231380	302
231390	300
231400	296
231410	293
231420	293
231430	307
231440	264
231450	266
231460	300
231470	280
231480	289
231490	282
231500	276
231510	277
231520	285
231530	322
231540	287
231550	296
231560	286
231570	276
231580	312
231590	270
231600	305
231610	266
231620	260
231630	284
231640	254
231650	268
231660	299
231670	275
231680	272
231690	269
231700	288
231710	289
231720	315
231730	283
231740	274
231750	265
231760	290
231770	273
231780	280
231790	315
231800	296
231810	291
231820	266
231830	278
231840	292
231850	277
231860	291
231870	262
231880	272
231890	282
231900	298
231910	303
231920	299
231930	270
231940	286
231950	306
231960	326
231970	243
231980	302
231990	299
232000	286
232010	283
232020	279
232030	265
232040	277
232050	281
232060	285
232070	269
232080	306
232090	299
232100	256
232110	258
232120	261
232130	294
232140	277
232150	291
232160	277
232170	276
232180	264
232190	292
232200	279
232210	289
232220	283
232230	290
232240	273
232250	304
232260	265
232270	289
232280	279
232290	242
232300	274
232310	288
232320	305
232330	286
232340	271
232350	286
232360	281
232370	292
232380	296
232390	301
232400	297
232410	285
232420	279
232430	295
232440	271
232450	299
232460	262
232470	280
232480	298
232490	287
232500	286
232510	280
232520	302
232530	286
232540	286
232550	283
232560	314
232570	280
232580	311
232590	249
232600	277
232610	305
232620	258
232630	270
232640	259
232650	304
232660	306
232670	289
232680	320
232690	307
232700	291
232710	318
232720	300
232730	272
232740	304
232750	298
232760	298
232770	296
232780	289
232790	282
232800	290
232810	271
232820	262
232830	292
232840	258
232850	261
232860	265
232870	278
232880	264
232890	266
232900	263
232910	269
232920	295
232930	317
232940	274
232950	285
232960	277
232970	282
232980	296
232990	283
233000	265
233010	273
233020	300
233030	296
233040	300
233050	283
233060	322
233070	311
233080	280
233090	297
233100	302
233110	272
233120	268
233130	274
233140	301
233150	304
233160	292
233170	279
233180	262
233190	281
233200	292
233210	267
233220	279
233230	282
233240	281
233250	301
233260	316
233270	305
233280	275
233290	285
233300	255
233310	293
233320	268
233330	292
233340	263
233350	288
233360	275
233370	270
233380	299
233390	263
233400	321
233410	281
233420	305
233430	281
233440	277
233450	337
233460	275
233470	284
233480	270
233490	280
233500	298
233510	289
233520	278
233530	274
233540	267
233550	260
233560	282
233570	295
233580	274
233590	290
233600	286
233610	285
233620	315
233630	287
233640	283
233650	268
233660	291
233670	298
233680	312
233690	285
233700	310
233710	278
233720	295
233730	292
233740	285
233750	255
233760	302
233770	304
233780	277
233790	272
233800	275
233810	275
233820	299
233830	263
233840	277
233850	255
233860	308
233870	277
233880	278
233890	245
233900	276
233910	287
233920	267
233930	306
233940	294
233950	289
233960	261
233970	288
233980	289
233990	297
234000	276
234010	282
234020	269
234030	262
234040	306
234050	273
234060	286
234070	253
234080	273
234090	293
234100	297
234110	295
234120	298
234130	293
234140	283
234150	314
234160	298
234170	306
234180	305
234190	288
234200	287
234210	286
234220	275
234230	273
234240	282
234250	292
234260	278
234270	265
234280	290
234290	304
234300	276
234310	280
234320	296
234330	280
234340	298
234350	280
234360	309
234370	249
234380	278
234390	280
234400	291
234410	276
234420	300
234430	250
234440	257
234450	275
234460	271
234470	286
234480	267
234490	274
234500	282
234510	280
234520	296
234530	291
234540	289
234550	269
234560	280
234570	266
234580	273
234590	292
234600	290
234610	312
234620	297
234630	288
234640	304
234650	261
234660	316
234670	279
234680	293
234690	325
234700	286
234710	261
234720	274
234730	319
234740	277
234750	286
234760	286
234770	287
234780	275
234790	262
234800	276
234810	300
234820	306
234830	281
234840	308
234850	296
234860	295
234870	281
234880	296
234890	296
234900	294
234910	281
234920	296
234930	292
234940	270
234950	286
234960	279
234970	292
234980	301
234990	315
235000	279
235010	288
235020	288
235030	314
235040	301
235050	287
235060	267
235070	279
235080	276
235090	259
235100	282
235110	273
235120	302
235130	277
235140	336
235150	294
235160	282
235170	286
235180	312
235190	284
235200	267
235210	276
235220	295
235230	283
235240	267
235250	290
235260	270
235270	288
235280	282
235290	256
235300	287
235310	301
235320	271
235330	285
235340	269
235350	299
235360	274
235370	310
235380	290
235390	282
235400	281
235410	270
235420	328
235430	309
235440	290
235450	282
235460	290
235470	278
235480	278
235490	278
235500	292
235510	289
235520	284
235530	247
235540	280
235550	279
235560	305
235570	257
235580	294
235590	295
235600	281
235610	293
235620	283
235630	294
235640	287
235650	250
235660	280
235670	298
235680	327
235690	272
235700	287
235710	300
235720	301
235730	302
235740	260
235750	272
235760	297
235770	307
235780	264
235790	299
235800	310
235810	284
235820	294
235830	286
235840	292
235850	269
235860	280
235870	268
235880	289
235890	266
235900	277
235910	275
235920	303
235930	275
235940	269
235950	297
235960	251
235970	285
235980	287
235990	289
236000	288
236010	270
236020	304
236030	295
236040	291
236050	316
236060	275
236070	292
236080	265
236090	280
236100	307
236110	291
236120	278
236130	273
236140	272
236150	287
236160	288
236170	281
236180	299
236190	271
236200	268
236210	290
236220	298
236230	256
236240	280
236250	281
236260	300
236270	264
236280	292
236290	273
236300	310
236310	265
236320	295
236330	279
236340	261
236350	280
236360	277
236370	284
236380	278
236390	275
236400	268
236410	277
236420	301
236430	287
236440	303
236450	298
236460	255
236470	276
236480	308
236490	305
236500	302
236510	281
236520	266
236530	283
236540	264
236550	253
236560	272
236570	267
236580	271
236590	287
236600	278
236610	279
236620	280
236630	288
236640	279
236650	285
236660	292
236670	320
236680	290
236690	295
236700	270
236710	275
236720	286
236730	289
236740	312
236750	293
236760	264
236770	290
236780	306
236790	276
236800	258
236810	278
236820	297
236830	276
236840	272
236850	294
236860	277
236870	263
236880	263
236890	248
236900	287
236910	272
236920	290
236930	313
236940	298
236950	284
236960	278
236970	305
236980	273
236990	259
237000	297
237010	281
237020	273
237030	259
237040	304
237050	268
237060	270
237070	291
237080	294
237090	279
237100	270
237110	294
237120	284
237130	283
237140	256
237150	272
237160	271
237170	292
237180	282
237190	299
237200	298
237210	275
237220	324
237230	255
237240	294
237250	298
237260	308
237270	293
237280	272
237290	273
237300	295
237310	286
237320	252
237330	262
237340	262
237350	246
237360	299
237370	311
237380	252
237390	274
237400	272
237410	272
237420	280
237430	296
237440	296
237450	288
237460	299
237470	285
237480	289
237490	310
237500	296
237510	290
237520	265
237530	295
237540	290
237550	267
237560	272
237570	269
237580	290
237590	271
237600	304
237610	253
237620	311
237630	262
237640	298
237650	258
237660	275
237670	278
237680	289
237690	289
237700	282
237710	258
237720	257
237730	262
237740	287
237750	277
237760	273
237770	290
237780	278
237790	288
237800	277
237810	271
237820	290
237830	270
237840	270
237850	282
237860	303
237870	282
237880	259
237890	316
237900	297
237910	291
237920	279
237930	303
237940	300
237950	275
237960	272
237970	295
237980	278
237990	281
238000	267
238010	280
238020	317
238030	287
238040	266
238050	271
238060	313
238070	302
238080	283
238090	280
238100	292
238110	297
238120	265
238130	323
238140	272
238150	282
238160	287
238170	290
238180	284
238190	277
238200	305
238210	246
238220	291
238230	281
238240	290
238250	324
238260	312
238270	310
238280	274
238290	305
238300	266
238310	288
238320	288
238330	293
238340	278
238350	302
238360	299
238370	277
238380	264
238390	279
238400	277
238410	282
238420	306
238430	257
238440	296
238450	289
238460	290
238470	298
238480	268
238490	287
238500	291
238510	279
238520	304
238530	291
238540	274
238550	319
238560	273
238570	298
238580	306
238590	284
238600	280
238610	270
238620	292
238630	265
238640	254
238650	287
238660	288
238670	258
238680	285
238690	240
238700	281
238710	259
238720	300
238730	295
238740	286
238750	274
238760	289
238770	286
238780	303
238790	279
238800	314
238810	301
238820	292
238830	279
238840	275
238850	235
238860	253
238870	308
238880	301
238890	287
238900	252
238910	271
238920	304
238930	285
238940	301
238950	292
238960	265
238970	275
238980	304
238990	278
239000	261
239010	284
239020	259
239030	314
239040	298
239050	274
239060	284
239070	284
239080	267
239090	304
239100	279
239110	304
239120	292
239130	258
239140	270
239150	289
239160	239
239170	272
239180	261
239190	266
239200	304
239210	282
239220	273
239230	287
239240	265
239250	303
239260	269
239270	263
239280	228
239290	265
239300	287
239310	296
239320	304
239330	267
239340	246
239350	256
239360	289
239370	267
239380	301
239390	271
239400	260
239410	295
239420	291
239430	290
239440	299
239450	265
239460	277
239470	254
239480	287
239490	296
239500	277
239510	271
239520	264
239530	296
239540	295
239550	303
239560	296
239570	287
239580	276
239590	261
239600	314
239610	295
239620	278
239630	341
239640	280
239650	319
239660	284
239670	283
239680	293
239690	299
239700	300
239710	277
239720	308
239730	276
239740	253
239750	284
239760	299
239770	295
239780	278
239790	261
239800	329
239810	261
239820	306
239830	267
239840	299
239850	277
239860	280
239870	274
239880	295
239890	277
239900	303
239910	266
239920	300
239930	272
239940	276
239950	324
239960	296
239970	323
239980	298
239990	283
240000	265
240010	268
240020	280
240030	274
240040	320
240050	302
240060	303
240070	264
240080	303
240090	287
240100	311
240110	278
240120	279
240130	278
240140	290
240150	299
240160	251
240170	288
240180	312
240190	272
240200	286
240210	268
240220	285
240230	274
240240	269
240250	270
240260	299
240270	285
240280	297
240290	284
240300	317
240310	261
240320	316
240330	273
240340	253
240350	290
240360	279
240370	296
240380	304
240390	281
240400	290
240410	319
240420	274
240430	302
240440	274
240450	268
240460	306
240470	276
240480	307
240490	283
240500	284
240510	280
240520	297
240530	287
240540	319
240550	265
240560	279
240570	259
240580	281
240590	262
240600	295
240610	277
240620	278
240630	329
240640	276
240650	277
240660	265
240670	291
240680	291
240690	286
240700	289
240710	253
240720	293
240730	288
240740	286
240750	278
240760	293
240770	295
240780	279
240790	279
240800	292
240810	292
240820	282
240830	303
240840	297
240850	291
240860	281
240870	291
240880	282
240890	293
240900	268
240910	292
240920	279
240930	269
240940	261
240950	288
240960	285
240970	292
240980	280
240990	301
241000	319
241010	283
241020	285
241030	272
241040	299
241050	282
241060	281
241070	301
241080	274
241090	257
241100	288
241110	310
241120	299
241130	296
241140	284
241150	284
241160	300
241170	284
241180	254
241190	286
241200	319
241210	281
241220	293
241230	295
241240	271
241250	267
241260	257
241270	269
241280	275
241290	286
241300	268
241310	255
241320	269
241330	246
241340	273
241350	262
241360	286
241370	310
241380	278
241390	263
241400	275
241410	287
241420	303
241430	271
241440	289
241450	286
241460	296
241470	288
241480	292
241490	268
241500	288
241510	307
241520	286
241530	247
241540	265
241550	268
241560	281
241570	302
241580	278
241590	280
241600	274
241610	269
241620	317
241630	278
241640	305
241650	272
241660	296
241670	284
241680	286
241690	295
241700	294
241710	286
241720	280
241730	324
241740	284
241750	314
241760	304
241770	301
241780	287
241790	321
241800	289
241810	295
241820	282
241830	298
241840	292
241850	272
241860	260
241870	313
241880	280
241890	263
241900	282
241910	278
241920	270
241930	262
241940	261
241950	307
241960	257
241970	284
241980	272
241990	299
242000	267
242010	324
242020	274
242030	280
242040	286
242050	278
242060	304
242070	289
242080	294
242090	309
242100	290
242110	323
242120	303
242130	293
242140	305
242150	273
242160	295
242170	276
242180	290
242190	257
242200	283
242210	253
242220	290
242230	288
242240	272
242250	259
242260	253
242270	268
242280	287
242290	280
242300	283
242310	279
242320	282
242330	236
242340	264
242350	320
242360	298
242370	281
242380	277
242390	292
242400	300
242410	295
242420	289
242430	272
242440	276
242450	262
242460	266
242470	275
242480	255
242490	306
242500	281
242510	289
242520	305
242530	300
242540	274
242550	283
242560	316
242570	258
242580	306
242590	289
242600	288
242610	288
242620	275
242630	304
242640	287
242650	273
242660	252
242670	300
242680	258
242690	295
242700	307
242710	258
242720	288
242730	314
242740	283
242750	246
242760	294
242770	274
242780	289
242790	290
242800	299
242810	257
242820	266
242830	305
242840	263
242850	276
242860	302
242870	310
242880	278
242890	281
242900	290
242910	296
242920	251
242930	263
242940	268
242950	292
242960	268
242970	286
242980	287
242990	280
243000	310
243010	295
243020	292
243030	277
243040	261
243050	281
243060	284
243070	313
243080	257
243090	261
243100	274
243110	279
243120	277
243130	305
243140	281
243150	280
243160	276
243170	260
243180	272
243190	289
243200	276
243210	268
243220	295
243230	288
243240	293
243250	296
243260	304
243270	267
243280	311
243290	304
243300	280
243310	297
243320	274
243330	285
243340	277
243350	254
243360	267
243370	280
243380	284
243390	274
243400	319
243410	274
243420	288
243430	307
243440	277
243450	273
243460	302
243470	279
243480	280
243490	271
243500	275
243510	287
243520	287
243530	276
243540	284
243550	324
243560	273
243570	282
243580	310
243590	263
243600	300
243610	279
243620	300
243630	268
243640	281
243650	266
243660	297
243670	287
243680	282
243690	309
243700	310
243710	289
243720	307
243730	288
243740	281
243750	298
243760	317
243770	304
243780	314
243790	306
243800	275
243810	282
243820	306
243830	289
243840	286
243850	298
243860	267
243870	274
243880	271
243890	295
243900	280
243910	277
243920	276
243930	270
243940	310
243950	283
243960	278
243970	273
243980	281
243990	274
244000	287
244010	260
244020	271
244030	289
244040	247
244050	293
244060	304
244070	270
244080	290
244090	302
244100	270
244110	277
244120	295
244130	267
244140	278
244150	293
244160	277
244170	268
244180	299
244190	280
244200	291
244210	265
244220	307
244230	286
244240	268
244250	289
244260	295
244270	306
244280	304
244290	313
244300	295
244310	250
244320	302
244330	297
244340	293
244350	260
244360	300
244370	280
244380	270
244390	268
244400	281
244410	283
244420	283
244430	294
244440	307
244450	295
244460	252
244470	295
244480	284
244490	281
244500	266
244510	273
244520	269
244530	285
244540	278
244550	304
244560	291
244570	260
244580	294
244590	280
244600	292
244610	267
244620	297
244630	281
244640	261
244650	289
244660	300
244670	287
244680	295
244690	320
244700	283
244710	287
244720	275
244730	301
244740	271
244750	281
244760	273
244770	275
244780	304
244790	288
244800	312
244810	306
244820	291
244830	263
244840	270
244850	306
244860	277
244870	284
244880	292
244890	296
244900	310
244910	265
244920	282
244930	288
244940	292
244950	282
244960	292
244970	311
244980	270
244990	287
245000	276
245010	260
245020	288
245030	270
245040	285
245050	269
245060	272
245070	282
245080	280
245090	294
245100	308
245110	272
245120	295
245130	267
245140	295
245150	293
245160	298
245170	309
245180	279
245190	305
245200	287
245210	295
245220	286
245230	280
245240	291
245250	267
245260	281
245270	295
245280	316
245290	284
245300	278
245310	277
245320	275
245330	310
245340	296
245350	294
245360	298
245370	293
245380	248
245390	299
245400	282
245410	292
245420	307
245430	284
245440	294
245450	267
245460	295
245470	261
245480	301
245490	285
245500	309
245510	301
245520	279
245530	282
245540	302
245550	268
245560	249
245570	259
245580	263
245590	277
245600	285
245610	299
245620	268
245630	255
245640	266
245650	313
245660	265
245670	308
245680	307
245690	290
245700	252
245710	273
245720	271
245730	257
245740	292
245750	259
245760	284
245770	279
245780	281
245790	299
245800	289
245810	280
245820	288
245830	273
245840	309
245850	264
245860	288
245870	280
245880	292
245890	313
245900	298
245910	278
245920	265
245930	310
245940	265
245950	299
245960	282
245970	279
245980	297
245990	267
246000	291
246010	314
246020	293
246030	318
246040	312
246050	281
246060	319
246070	249
246080	278
246090	278
246100	274
246110	300
246120	269
246130	277
246140	291
246150	272
246160	292
246170	296
246180	275
246190	277
246200	302
246210	301
246220	291
246230	266
246240	297
246250	261
246260	294
246270	280
246280	309
246290	305
246300	272
246310	283
246320	274
246330	302
246340	300
246350	325
246360	268
246370	277
246380	296
246390	284
246400	295
246410	255
246420	285
246430	293
246440	308
246450	294
246460	273
246470	268
246480	289
246490	277
246500	291
246510	261
246520	274
246530	283
246540	303
246550	306
246560	265
246570	286
246580	313
246590	303
246600	289
246610	290
246620	271
246630	272
246640	269
246650	291
246660	260
246670	281
246680	297
246690	286
246700	310
246710	295
246720	308
246730	263
246740	281
246750	292
246760	324
246770	290
246780	272
246790	292
246800	245
246810	274
246820	290
246830	291
246840	272
246850	286
246860	273
246870	286
246880	258
246890	281
246900	262
246910	292
246920	255
246930	303
246940	299
246950	259
246960	276
246970	266
246980	259
246990	255
247000	291
247010	273
247020	258
247030	296
247040	292
247050	280
247060	319
247070	269
247080	274
247090	296
247100	265
247110	253
247120	303
247130	283
247140	280
247150	306
247160	311
247170	317
247180	270
247190	262
247200	268
247210	278
247220	306
247230	294
247240	291
247250	281
247260	273
247270	329
247280	287
247290	292
247300	303
247310	300
247320	296
247330	285
247340	276
247350	282
247360	278
247370	303
247380	297
247390	292
247400	286
247410	290
247420	301
247430	281
247440	296
247450	287
247460	275
247470	257
247480	270
247490	266
247500	276
247510	277
247520	286
247530	286
247540	268
247550	280
247560	242
247570	254
247580	319
247590	273
247600	284
247610	267
247620	273
247630	278
247640	298
247650	312
247660	246
247670	257
247680	250
247690	287
247700	301
247710	297
247720	271
247730	307
247740	281
247750	302
247760	297
247770	259
247780	270
247790	282
247800	309
247810	274
247820	278
247830	299
247840	281
247850	278
247860	288
247870	273
247880	316
247890	291
247900	283
247910	267
247920	269
247930	259
247940	257
247950	279
247960	257
247970	228
247980	276
247990	268
248000	287
248010	268
248020	287
248030	266
248040	265
248050	279
248060	276
248070	299
248080	311
248090	291
248100	302
248110	247
248120	277
248130	263
248140	271
248150	278
248160	267
248170	276
248180	255
248190	267
248200	272
248210	300
248220	298
248230	300
248240	283
248250	258
248260	327
248270	316
248280	315
248290	294
248300	296
248310	286
248320	271
248330	274
248340	296
248350	295
248360	276
248370	271
248380	281
248390	264
248400	281
248410	265
248420	253
248430	307
248440	279
248450	274
248460	316
248470	300
248480	279
248490	289
248500	282
248510	309
248520	282
248530	284
248540	276
248550	291
248560	321
248570	267
248580	323
248590	270
248600	284
248610	288
248620	299
248630	293
248640	306
248650	270
248660	285
248670	264
248680	300
248690	278
248700	283
248710	318
248720	294
248730	287
248740	294
248750	282
248760	260
248770	304
248780	263
248790	272
248800	297
248810	294
248820	264
248830	288
248840	258
248850	270
248860	266
248870	283
248880	235
248890	284
248900	287
248910	265
248920	287
248930	279
248940	293
248950	288
248960	285
248970	275
248980	265
248990	305
249000	303
249010	315
249020	289
249030	278
249040	279
249050	263
249060	289
249070	299
249080	288
249090	273
249100	283
249110	295
249120	297
249130	295
249140	301
249150	285
249160	325
249170	249
249180	296
249190	277
249200	283
249210	271
249220	292
249230	301
249240	303
249250	287
249260	282
249270	280
249280	298
249290	298
249300	267
249310	295
249320	282
249330	309
249340	269
249350	318
249360	286
249370	290
249380	278
249390	284
249400	285
249410	275
249420	268
249430	284
249440	296
249450	291
249460	312
249470	300
249480	281
249490	285
249500	259
249510	284
249520	270
249530	237
249540	291
249550	273
249560	305
249570	317
249580	266
249590	272
249600	278
249610	285
249620	310
249630	298
249640	266
249650	285
249660	301
249670	308
249680	301
249690	301
249700	296
249710	302
249720	301
249730	306
249740	319
249750	271
249760	292
249770	292
249780	272
249790	278
249800	245
249810	277
249820	304
249830	278
249840	283
249850	252
249860	265
249870	295
249880	295
249890	286
249900	309
249910	277
249920	281
249930	299
249940	296
249950	274
249960	291
249970	293
249980	283
249990	314
250000	300
250010	279
250020	277
250030	259
250040	285
250050	295
250060	287
250070	280
250080	319
250090	273
250100	338
250110	295
250120	310
250130	268
250140	251
250150	254
250160	278
250170	287
250180	297
250190	294
250200	297
250210	272
250220	294
250230	300
250240	285
250250	278
250260	288
250270	250
250280	287
250290	265
250300	287
250310	275
250320	308
250330	294
250340	318
250350	280
250360	283
250370	293
250380	309
250390	302
250400	276
250410	284
250420	297
250430	274
250440	281
250450	276
250460	273
250470	313
250480	315
250490	302
250500	277
250510	311
250520	303
250530	279
250540	294
250550	264
250560	288
250570	297
250580	259
250590	305
250600	266
250610	285
250620	272
250630	283
250640	300
250650	322
250660	278
250670	280
250680	241
250690	286
250700	309
250710	286
250720	315
250730	266
250740	280
250750	302
250760	289
250770	282
250780	259
250790	267
250800	265
250810	273
250820	285
250830	246
250840	313
250850	286
250860	310
250870	298
250880	299
250890	288
250900	288
250910	269
250920	301
250930	258
250940	272
250950	280
250960	282
250970	292
250980	250
250990	283
251000	306
251010	254
251020	309
251030	300
251040	281
251050	278
251060	288
251070	298
251080	248
251090	266
251100	280
251110	270
251120	265
251130	274
251140	267
251150	298
251160	294
251170	294
251180	297
251190	268
251200	285
251210	269
251220	280
251230	285
251240	272
251250	266
251260	274
251270	271
251280	299
251290	282
251300	262
251310	257
251320	280
251330	303
251340	282
251350	276
251360	266
251370	310
251380	287
251390	285
251400	295
251410	289
251420	271
251430	252
251440	272
251450	269
251460	277
251470	279
251480	299
251490	275
251500	305
251510	289
251520	306
251530	292
251540	304
251550	278
251560	268
251570	266
251580	309
251590	297
251600	288
251610	260
251620	285
251630	266
251640	322
251650	285
251660	303
251670	291
251680	291
251690	323
251700	301
251710	280
251720	306
251730	261
251740	277
251750	301
251760	319
251770	288
251780	277
251790	284
251800	257
251810	273
251820	271
251830	283
251840	271
251850	274
251860	271
251870	287
251880	305
251890	296
251900	304
251910	273
251920	303
251930	293
251940	284
251950	281
251960	315
251970	288
251980	285
251990	280
252000	297
252010	314
252020	281
252030	313
252040	283
252050	260
252060	291
252070	271
252080	292
252090	287
252100	281
252110	302
252120	300
252130	253
252140	273
252150	303
252160	284
252170	277
252180	282
252190	271
252200	309
252210	292
252220	268
252230	268
252240	293
252250	294
252260	275
252270	284
252280	265
252290	286
252300	265
252310	292
252320	279
252330	273
252340	280
252350	264
252360	285
252370	291
252380	316
252390	270
252400	292
252410	304
252420	290
252430	297
252440	268
252450	292
252460	265
252470	322
252480	278
252490	281
252500	241
252510	302
252520	293
252530	263
252540	289
252550	299
252560	283
252570	304
252580	279
252590	270
252600	281
252610	269
252620	269
252630	313
252640	279
252650	269
252660	289
252670	268
252680	286
252690	293
252700	277
252710	278
252720	289
252730	269
252740	274
252750	317
252760	258
252770	277
252780	327
252790	251
252800	245
252810	287
252820	289
252830	282
252840	285
252850	280
252860	268
252870	307
252880	268
252890	287
252900	271
252910	299
252920	309
252930	284
252940	294
252950	281
252960	295
252970	301
252980	281
252990	317
253000	283
253010	283
253020	299
253030	280
253040	271
253050	287
253060	317
253070	285
253080	317
253090	296
253100	291
253110	281
253120	285
253130	277
253140	307
253150	270
253160	278
253170	265
253180	275
253190	314
253200	290
253210	268
253220	282
253230	307
253240	297
253250	277
253260	302
253270	291
253280	288
253290	266
253300	273
253310	300
253320	284
253330	286
253340	292
253350	292
253360	280
253370	275
253380	267
253390	280
253400	277
253410	311
253420	306
253430	290
253440	290
253450	252
253460	277
253470	297
253480	304
253490	293
253500	290
253510	281
253520	295
253530	281
253540	271
253550	271
253560	265
253570	273
253580	306
253590	300
253600	284
253610	288
253620	256
253630	282
253640	298
253650	286
253660	303
253670	247
253680	308
253690	297
253700	273
253710	288
253720	283
253730	290
253740	282
253750	293
253760	298
253770	306
253780	294
253790	294
253800	273
253810	301
253820	288
253830	281
253840	290
253850	290
253860	252
253870	297
253880	259
253890	287
253900	292
253910	271
253920	293
253930	276
253940	276
253950	301
253960	283
253970	279
253980	308
253990	256
254000	300
254010	285
254020	297
254030	261
254040	263
254050	266
254060	301
254070	284
254080	285
254090	257
254100	296
254110	266
254120	261
254130	232
254140	295
254150	272
254160	270
254170	273
254180	286
254190	276
254200	282
254210	281
254220	298
254230	283
254240	288
254250	276
254260	285
254270	298
254280	259
254290	260
254300	279
254310	274
254320	268
254330	282
254340	285
254350	299
254360	255
254370	303
254380	295
254390	324
254400	287
254410	246
254420	302
254430	303
254440	259
254450	276
254460	297
254470	292
254480	306
254490	300
254500	298
254510	287
254520	272
254530	293
254540	288
254550	272
254560	269
254570	287
254580	268
254590	259
254600	272
254610	284
254620	288
254630	289
254640	273
254650	278
254660	284
254670	282
254680	269
254690	313
254700	277
254710	285
254720	285
254730	279
254740	306
254750	276
254760	283
254770	295
254780	249
254790	272
254800	279
254810	281
254820	276
254830	298
254840	286
254850	291
254860	287
254870	302
254880	301
254890	273
254900	290
254910	277
254920	295
254930	247
254940	272
254950	315
254960	267
254970	282
254980	278
254990	257
255000	285
255010	299
255020	304
255030	278
255040	290
255050	284
255060	286
255070	261
255080	280
255090	277
255100	264
255110	262
255120	285
255130	297
255140	303
255150	302
255160	325
255170	275
255180	284
255190	263
255200	298
255210	284
255220	268
255230	284
255240	277
255250	280
255260	278
255270	254
255280	302
255290	275
255300	297
255310	308
255320	292
255330	315
255340	309
255350	260
255360	290
255370	263
255380	289
255390	303
255400	255
255410	290
255420	269
255430	289
255440	293
255450	281
255460	256
255470	249
255480	264
255490	271
255500	277
255510	314
255520	268
255530	301
255540	291
255550	297
255560	267
255570	285
255580	280
255590	261
255600	278
255610	248
255620	289
255630	276
255640	304
255650	253
255660	288
255670	271
255680	280
255690	266
255700	295
255710	276
255720	282
255730	284
255740	292
255750	277
255760	292
255770	283
255780	253
255790	288
255800	270
255810	293
255820	270
255830	265
255840	318
255850	280
255860	275
255870	277
255880	312
255890	276
255900	283
255910	263
255920	294
255930	254
255940	279
255950	252
255960	275
255970	278
255980	272
255990	307
256000	294
256010	285
256020	265
256030	308
256040	298
256050	277
256060	263
256070	278
256080	281
256090	264
256100	282
256110	288
256120	276
256130	291
256140	312
256150	256
256160	254
256170	309
256180	285
256190	298
256200	274
256210	270
256220	296
256230	255
256240	287
256250	292
256260	289
256270	302
256280	258
256290	273
256300	277
256310	267
256320	289
256330	297
256340	298
256350	287
256360	250
256370	265
256380	277
256390	283
256400	279
256410	312
256420	273
256430	305
256440	300
256450	302
256460	287
256470	288
256480	287
256490	285
256500	268
256510	277
256520	271
256530	265
256540	303
256550	248
256560	277
256570	305
256580	299
256590	285
256600	296
256610	307
256620	264
256630	296
256640	313
256650	267
256660	296
256670	287
256680	298
256690	304
256700	288
256710	299
256720	274
256730	311
256740	288
256750	278
256760	282
256770	281
256780	267
256790	276
256800	280
256810	297
256820	285
256830	304
256840	286
256850	294
256860	272
256870	274
256880	290
256890	270
256900	317
256910	256
256920	290
256930	279
256940	294
256950	282
256960	265
256970	279
256980	262
256990	267
257000	257
257010	292
257020	304
257030	258
257040	289
257050	271
257060	248
257070	292
257080	308
257090	283
257100	273
257110	297
257120	281
257130	285
257140	305
257150	280
257160	273
257170	263
257180	313
257190	298
257200	285
257210	286
257220	273
257230	323
257240	269
257250	256
257260	277
257270	261
257280	264
257290	271
257300	274
257310	282
257320	274
257330	255
257340	287
257350	311
257360	270
257370	279
257380	308
257390	285
257400	280
257410	278
257420	278
257430	308
257440	269
257450	276
257460	263
257470	276
257480	286
257490	291
257500	310
257510	301
257520	295
257530	280
257540	299
257550	268
257560	274
257570	291
257580	298
257590	296
257600	294
257610	289
257620	289
257630	276
257640	301
257650	275
257660	305
257670	313
257680	291
257690	262
257700	294
257710	288
257720	287
257730	258
257740	301
257750	283
257760	302
257770	307
257780	299
257790	275
257800	291
257810	295
257820	256
257830	328
257840	301
257850	298
257860	250
257870	302
257880	271
257890	284
257900	267
257910	284
257920	269
257930	305
257940	276
257950	287
257960	296
257970	315
257980	294
257990	268
258000	300
258010	288
258020	300
258030	309
258040	274
258050	304
258060	274
258070	281
258080	278
258090	299
258100	280
258110	293
258120	320
258130	261
258140	300
258150	281
258160	274
258170	284
258180	290
258190	275
258200	277
258210	282
258220	290
258230	276
258240	268
258250	267
258260	279
258270	291
258280	277
258290	286
258300	263
258310	301
258320	262
258330	265
258340	308
258350	302
258360	261
258370	292
258380	263
258390	286
258400	298
258410	292
258420	302
258430	308
258440	254
258450	296
258460	282
258470	268
258480	300
258490	296
258500	266
258510	285
258520	318
258530	291
258540	308
258550	249
258560	292
258570	295
258580	294
258590	271
258600	294
258610	284
258620	272
258630	272
258640	285
258650	288
258660	292
258670	267
258680	262
258690	254
258700	303
258710	280
258720	263
258730	277
258740	270
258750	273
258760	285
258770	278
258780	308
258790	294
258800	281
258810	292
258820	288
258830	274
258840	289
258850	275
258860	279
258870	283
258880	299
258890	295
258900	311
258910	260
258920	293
258930	279
258940	274
258950	279
258960	281
258970	312
258980	275
258990	264
259000	285
259010	279
259020	268
259030	271
259040	287
259050	279
259060	290
259070	290
259080	244
259090	269
259100	282
259110	279
259120	266
259130	280
259140	292
259150	307
259160	279
259170	247
259180	271
259190	289
259200	276
259210	289
259220	278
259230	265
259240	273
259250	280
259260	306
259270	280
259280	276
259290	283
259300	289
259310	279
259320	277
259330	288
259340	269
259350	299
259360	278
259370	302
259380	303
259390	313
259400	264
259410	266
259420	298
259430	258
259440	300
259450	275
259460	276
259470	253
259480	291
259490	287
259500	269
259510	268
259520	321
259530	285
259540	290
259550	305
259560	292
259570	270
259580	291
259590	253
259600	266
259610	284
259620	302
259630	304
259640	297
259650	276
259660	290
259670	274
259680	289
259690	309
259700	305
259710	326
259720	283
259730	275
259740	295
259750	264
259760	266
259770	267
259780	268
259790	295
259800	292
259810	272
259820	297
259830	273
259840	260
259850	281
259860	279
259870	273
259880	275
259890	292
259900	302
259910	293
259920	268
259930	308
259940	305
259950	281
259960	309
259970	275
259980	303
259990	265
260000	307
260010	252
260020	263
260030	279
260040	288
260050	283
260060	280
260070	308
260080	285
260090	266
260100	283
260110	289
260120	286
260130	289
260140	283
260150	300
260160	301
260170	290
260180	306
260190	273
260200	265
260210	301
260220	277
260230	301
260240	278
260250	267
260260	268
260270	266
260280	270
260290	294
260300	275
260310	282
260320	276
260330	292
260340	279
260350	273
260360	275
260370	305
260380	270
260390	312
260400	279
260410	261
260420	268
260430	272
260440	280
260450	279
260460	275
260470	254
260480	299
260490	301
260500	291
260510	318
260520	295
260530	262
260540	331
260550	266
260560	289
260570	297
260580	250
260590	275
260600	279
260610	296
260620	288
260630	298
260640	278
260650	265
260660	308
260670	286
260680	281
260690	273
260700	255
260710	293
260720	264
260730	270
260740	283
260750	319
260760	284
260770	311
260780	275
260790	291
260800	292
260810	289
260820	310
260830	275
260840	259
260850	259
260860	277
260870	279
260880	295
260890	273
260900	278
260910	273
260920	280
260930	276
260940	251
260950	290
260960	285
260970	279
260980	295
260990	288
261000	272
261010	283
261020	294
261030	247
261040	262
261050	290
261060	285
261070	245
261080	268
261090	301
261100	287
261110	285
261120	275
261130	310
261140	312
261150	278
261160	313
261170	288
261180	290
261190	302
261200	273
261210	265
261220	261
261230	279
261240	260
261250	294
261260	267
261270	284
261280	297
261290	290
261300	279
261310	283
261320	269
261330	280
261340	276
261350	284
261360	290
261370	305
261380	280
261390	286
261400	291
261410	280
261420	277
261430	282
261440	270
261450	299
261460	269
261470	273
261480	247
261490	279
261500	304
261510	307
261520	332
261530	309
261540	306
261550	273
261560	303
261570	279
261580	257
261590	290
261600	292
261610	306
261620	273
261630	293
261640	293
261650	290
261660	274
261670	281
261680	263
261690	312
261700	280
261710	266
261720	257
261730	300
261740	275
261750	292
261760	303
261770	294
261780	242
261790	315
261800	293
261810	301
261820	274
261830	279
261840	297
261850	275
261860	304
261870	297
261880	292
261890	316
261900	297
261910	297
261920	271
261930	282
261940	290
261950	300
261960	272
261970	306
261980	302
261990	270
262000	284
262010	287
262020	284
262030	321
262040	282
262050	297
262060	286
262070	271
262080	286
262090	281
262100	303
262110	294
262120	292
262130	257
262140	300
262150	291
262160	263
262170	280
262180	286
262190	273
262200	308
262210	324
262220	266
262230	291
262240	292
262250	298
262260	315
262270	301
262280	257
262290	286
262300	278
262310	235
262320	328
262330	256
262340	263
262350	256
262360	293
262370	280
262380	282
262390	315
262400	271
262410	259
262420	285
262430	295
262440	248
262450	295
262460	278
262470	275
262480	285
262490	311
262500	276
262510	254
262520	272
262530	303
262540	276
262550	293
262560	290
262570	292
262580	302
262590	258
262600	291
262610	291
262620	272
262630	325
262640	265
262650	304
262660	279
262670	262
262680	300
262690	296
262700	280
262710	319
262720	293
262730	303
262740	240
262750	281
262760	284
262770	255
262780	287
262790	281
262800	314
262810	281
262820	280
262830	280
262840	298
262850	256
262860	305
262870	309
262880	269
262890	269
262900	295
262910	290
262920	324
262930	283
262940	280
262950	270
262960	305
262970	286
262980	284
262990	305
263000	284
263010	255
263020	296
263030	277
263040	280
263050	285
263060	286
263070	281
263080	281
263090	275
263100	296
263110	274
263120	250
263130	308
263140	285
263150	263
263160	298
263170	273
263180	262
263190	309
263200	291
263210	269
263220	304
263230	296
263240	291
263250	301
263260	255
263270	273
263280	270
263290	279
263300	269
263310	301
263320	291
263330	306
263340	283
263350	291
263360	281
263370	265
263380	269
263390	278
263400	291
263410	298
263420	267
263430	299
263440	297
263450	331
263460	268
263470	263
263480	250
263490	279
263500	288
263510	239
263520	283
263530	275
263540	270
263550	274
263560	277
263570	320
263580	295
263590	280
263600	295
263610	307
263620	249
263630	288
263640	300
263650	304
263660	245
263670	288
263680	289
263690	270
263700	288
263710	320
263720	301
263730	293
263740	291
263750	319
263760	287
263770	283
263780	297
263790	271
263800	289
263810	306
263820	274
263830	280
263840	287
263850	321
263860	338
263870	287
263880	313
263890	302
263900	263
263910	267
263920	295
263930	289
263940	295
263950	279
263960	274
263970	279
263980	284
263990	279
264000	260
264010	269
264020	298
264030	272
264040	305
264050	280
264060	280
264070	287
264080	274
264090	266
264100	269
264110	310
264120	294
264130	288
264140	299
264150	310
264160	304
264170	306
264180	317
264190	260
264200	300
264210	271
264220	300
264230	276
264240	300
264250	286
264260	284
264270	289
264280	280
264290	297
264300	284
264310	250
264320	290
264330	306
264340	270
264350	273
264360	332
264370	269
264380	287
264390	278
264400	288
264410	285
264420	273
264430	293
264440	294
264450	261
264460	270
264470	278
264480	275
264490	287
264500	293
264510	286
264520	237
264530	287
264540	270
264550	303
264560	277
264570	287
264580	289
264590	295
264600	282
264610	304
264620	278
264630	293
264640	283
264650	229
264660	308
264670	277
264680	272
264690	280
264700	293
264710	305
264720	291
264730	252
264740	290
264750	260
264760	257
264770	308
264780	282
264790	254
264800	265
264810	278
264820	284
264830	301
264840	302
264850	303
264860	282
264870	302
264880	290
264890	280
264900	299
264910	288
264920	288
264930	265
264940	309
264950	254
264960	270
264970	259
264980	290
264990	316
265000	308
265010	254
265020	277
265030	278
265040	306
265050	306
265060	292
265070	309
265080	276
265090	271
265100	285
265110	288
265120	282
265130	278
265140	295
265150	250
265160	289
265170	291
265180	292
265190	280
265200	282
265210	289
265220	301
265230	282
265240	294
265250	294
265260	280
265270	272
265280	273
265290	268
265300	289
265310	284
265320	300
265330	267
265340	272
265350	316
265360	260
265370	293
265380	268
265390	287
265400	284
265410	278
265420	278
265430	289
265440	298
265450	270
265460	283
265470	271
265480	267
265490	302
265500	322
265510	289
265520	277
265530	280
265540	291
265550	269
265560	251
265570	286
265580	298
265590	285
265600	255
265610	287
265620	267
265630	303
265640	314
265650	297
265660	301
265670	276
265680	293
265690	305
265700	302
265710	312
265720	284
265730	263
265740	261
265750	291
265760	291
265770	288
265780	258
265790	296
265800	277
265810	297
265820	275
265830	277
265840	281
265850	275
265860	256
265870	308
265880	304
265890	270
265900	318
265910	274
265920	287
265930	278
265940	301
265950	315
265960	274
265970	328
265980	264
265990	271
266000	297
266010	303
266020	289
266030	290
266040	273
266050	291
266060	306
266070	283
266080	287
266090	330
266100	299
266110	283
266120	292
266130	248
266140	285
266150	288
266160	280
266170	267
266180	276
266190	285
266200	285
266210	292
266220	320
266230	268
266240	303
266250	300
266260	297
266270	311
266280	317
266290	288
266300	272
266310	277
266320	293
266330	301
266340	297
266350	245
266360	266
266370	265
266380	262
266390	306
266400	286
266410	304
266420	260
266430	271
266440	275
266450	269
266460	289
266470	329
266480	268
266490	284
266500	286
266510	291
266520	262
266530	282
266540	314
266550	267
266560	272
266570	264
266580	290
266590	266
266600	287
266610	267
266620	282
266630	263
266640	285
266650	299
266660	279
266670	282
266680	270
266690	308
266700	324
266710	260
266720	285
266730	292
266740	308
266750	284
266760	253
266770	254
266780	271
266790	275
266800	290
266810	259
266820	303
266830	298
266840	343
266850	273
266860	277
266870	297
266880	291
266890	261
266900	284
266910	304
266920	272
266930	275
266940	303
266950	260
266960	264
266970	266
266980	315
266990	286
267000	282
267010	284
267020	273
267030	249
267040	293
267050	284
267060	294
267070	295
267080	293
267090	290
267100	288
267110	301
267120	300
267130	292
267140	278
267150	291
267160	273
267170	314
267180	291
267190	274
267200	290
267210	283
267220	269
267230	279
267240	265
267250	295
267260	269
267270	315
267280	252
267290	274
267300	278
267310	292
267320	281
267330	296
267340	303
267350	285
267360	296
267370	290
267380	315
267390	319
267400	272
267410	284
267420	263
267430	269
267440	292
267450	304
267460	301
267470	308
267480	301
267490	304
267500	322
267510	304
267520	256
267530	297
267540	275
267550	265
267560	269
267570	262
267580	265
267590	301
267600	289
267610	319
267620	307
267630	302
267640	280
267650	312
267660	263
267670	310
267680	289
267690	328
267700	295
267710	309
267720	292
267730	306
267740	274
267750	296
267760	295
267770	288
267780	295
267790	256
267800	316
267810	303
267820	300
267830	308
267840	257
267850	302
267860	300
267870	292
267880	315
267890	226
267900	289
267910	286
267920	302
267930	310
267940	289
267950	284
267960	295
267970	279
267980	278
267990	240
268000	265
268010	301
268020	315
268030	280
268040	277
268050	255
268060	294
268070	292
268080	282
268090	295
268100	304
268110	291
268120	285
268130	272
268140	301
268150	301
268160	285
268170	268
268180	314
268190	309
268200	290
268210	267
268220	270
268230	278
268240	261
268250	298
268260	294
268270	295
268280	291
268290	262
268300	277
268310	254
268320	278
268330	288
268340	279
268350	277
268360	256
268370	300
268380	296
268390	302
268400	279
268410	263
268420	281
268430	293
268440	288
268450	286
268460	265
268470	271
268480	313
268490	277
268500	295
268510	302
268520	319
268530	254
268540	259
268550	280
268560	283
268570	275
268580	301
268590	302
268600	307
268610	300
268620	278
268630	313
268640	309
268650	290
268660	274
268670	297
268680	319
268690	293
268700	271
268710	276
268720	276
268730	280
268740	308
268750	271
268760	275
268770	290
268780	322
268790	271
268800	290
268810	260
268820	266
268830	275
268840	294
268850	295
268860	296
268870	314
268880	301
268890	319
268900	296
268910	297
268920	262
268930	262
268940	270
268950	280
268960	275
268970	302
268980	271
268990	276
269000	288
269010	277
269020	313
269030	291
269040	277
269050	315
269060	273
269070	294
269080	265
269090	290
269100	296
269110	263
269120	320
269130	290
269140	274
269150	283
269160	284
269170	320
269180	260
269190	266
269200	287
269210	301
269220	271
269230	257
269240	267
269250	284
269260	253
269270	288
269280	282
269290	259
269300	275
269310	273
269320	279
269330	254
269340	298
269350	305
269360	276
269370	284
269380	298
269390	305
269400	303
269410	280
269420	283
269430	285
269440	248
269450	297
269460	261
269470	295
269480	292
269490	288
269500	336
269510	277
269520	278
269530	295
269540	288
269550	244
269560	289
269570	281
269580	289
269590	283
269600	313
269610	291
269620	332
269630	283
269640	279
269650	315
269660	298
269670	282
269680	272
269690	300
269700	286
269710	296
269720	289
269730	301
269740	284
269750	288
269760	273
269770	280
269780	274
269790	280
269800	264
269810	267
269820	296
269830	295
269840	289
269850	278
269860	302
269870	244
269880	289
269890	296
269900	298
269910	275
269920	296
269930	287
269940	302
269950	307
269960	295
269970	293
269980	277
269990	281
270000	294
270010	305
270020	311
270030	284
270040	279
270050	276
270060	286
270070	275
270080	269
270090	292
270100	311
270110	298
270120	309
270130	295
270140	286
270150	292
270160	294
270170	267
270180	249
270190	259
270200	281
270210	262
270220	308
270230	293
270240	295
270250	254
270260	272
270270	264
270280	277
270290	273
270300	288
270310	293
270320	289
270330	299
270340	282
270350	278
270360	279
270370	281
270380	296
270390	265
270400	278
270410	246
270420	301
270430	292
270440	305
270450	301
270460	270
270470	261
270480	272
270490	290
270500	266
270510	302
270520	265
270530	289
270540	311
270550	283
270560	300
270570	308
270580	313
270590	280
270600	293
270610	294
270620	274
270630	271
270640	296
270650	291
270660	282
270670	305
270680	306
270690	301
270700	276
270710	263
270720	299
270730	297
270740	281
270750	287
270760	308
270770	274
270780	263
270790	297
270800	286
270810	291
270820	299
270830	288
270840	288
270850	302
270860	271
270870	285
270880	281
270890	293
270900	288
270910	300
270920	298
270930	298
270940	269
270950	303
270960	299
270970	277
270980	273
270990	275
271000	248
271010	309
271020	271
271030	285
271040	267
271050	302
271060	282
271070	269
271080	270
271090	272
271100	255
271110	275
271120	268
271130	285
271140	275
271150	308
271160	287
271170	298
271180	267
271190	275
271200	276
271210	295
271220	263
271230	278
271240	266
271250	290
271260	290
271270	271
271280	264
271290	269
271300	271
271310	282
271320	308
271330	261
271340	261
271350	287
271360	281
271370	300
271380	266
271390	244
271400	287
271410	272
271420	301
271430	276
271440	281
271450	301
271460	267
271470	293
271480	291
271490	295
271500	293
271510	276
271520	284
271530	266
271540	261
271550	277
271560	290
271570	284
271580	304
271590	291
271600	308
271610	296
271620	294
271630	273
271640	278
271650	312
271660	279
271670	276
271680	279
271690	310
271700	293
271710	282
271720	281
271730	274
271740	257
271750	277
271760	265
271770	293
271780	280
271790	271
271800	259
271810	285
271820	290
271830	289
271840	275
271850	294
271860	296
271870	290
271880	290
271890	266
271900	313
271910	282
271920	288
271930	277
271940	299
271950	268
271960	266
271970	274
271980	260
271990	264
272000	283
272010	302
272020	321
272030	314
272040	270
272050	295
272060	295
272070	303
272080	299
272090	282
272100	280
272110	287
272120	295
272130	282
272140	274
272150	243
272160	235
272170	299
272180	278
272190	273
272200	266
272210	264
272220	288
272230	265
272240	268
272250	277
272260	264
272270	285
272280	287
272290	287
272300	274
272310	287
272320	279
272330	275
272340	309
272350	284
272360	240
272370	309
272380	298
272390	281
272400	314
272410	269
272420	288
272430	295
272440	287
272450	300
272460	274
272470	270
272480	295
272490	285
272500	279
272510	255
272520	269
272530	293
272540	272
272550	279
272560	291
272570	318
272580	304
272590	329
272600	282
272610	279
272620	270
272630	269
272640	268
272650	282
272660	305
272670	279
272680	300
272690	327
272700	296
272710	284
272720	303
272730	244
272740	289
272750	282
272760	293
272770	291
272780	283
272790	285
272800	276
272810	300
272820	273
272830	262
272840	293
272850	293
272860	255
272870	268
272880	258
272890	296
272900	277
272910	283
272920	267
272930	297
272940	281
272950	295
272960	302
272970	292
272980	299
272990	251
273000	306
273010	265
273020	296
273030	261
273040	283
273050	285
273060	265
273070	279
273080	283
273090	289
273100	287
273110	274
273120	283
273130	295
273140	276
273150	298
273160	307
273170	282
273180	256
273190	244
273200	285
273210	308
273220	290
273230	281
273240	285
273250	295
273260	270
273270	306
273280	278
273290	284
273300	293
273310	291
273320	257
273330	278
273340	259
273350	291
273360	307
273370	289
273380	290
273390	269
273400	297
273410	309
273420	298
273430	280
273440	284
273450	259
273460	284
273470	288
273480	272
273490	275
273500	258
273510	280
273520	286
273530	291
273540	263
273550	271
273560	273
273570	273
273580	252
273590	286
273600	298
273610	283
273620	299
273630	274
273640	304
273650	258
273660	282
273670	272
273680	264
273690	289
273700	282
273710	265
273720	274
273730	273
273740	287
273750	287
273760	271
273770	287
273780	264
273790	289
273800	270
273810	282
273820	250
273830	314
273840	314
273850	306
273860	273
273870	313
273880	275
273890	300
273900	281
273910	289
273920	312
273930	273
273940	279
273950	258
273960	294
273970	285
273980	289
273990	286
274000	237
274010	284
274020	286
274030	272
274040	273
274050	270
274060	309
274070	265
274080	269
274090	253
274100	292
274110	292
274120	261
274130	282
274140	282
274150	300
274160	301
274170	297
274180	267
274190	275
274200	272
274210	267
274220	297
274230	254
274240	264
274250	305
274260	298
274270	263
274280	278
274290	319
274300	288
274310	294
274320	280
274330	276
274340	278
274350	314
274360	320
274370	238
274380	288
274390	287
274400	266
274410	292
274420	266
274430	285
274440	278
274450	253
274460	295
274470	292
274480	268
274490	285
274500	273
274510	256
274520	293
274530	319
274540	278
274550	253
274560	282
274570	284
274580	286
274590	308
274600	262
274610	297
274620	306
274630	275
274640	271
274650	281
274660	286
274670	267
274680	297
274690	276
274700	310
274710	318
274720	306
274730	300
274740	267
274750	312
274760	286
274770	277
274780	284
274790	285
274800	266
274810	286
274820	276
274830	294
274840	296
274850	277
274860	290
274870	266
274880	313
274890	298
274900	305
274910	302
274920	279
274930	277
274940	277
274950	312
274960	278
274970	283
274980	317
274990	281
275000	280
275010	287
275020	306
275030	309
275040	276
275050	284
275060	282
275070	284
275080	291
275090	281
275100	304
275110	277
275120	284
275130	278
275140	296
275150	280
275160	279
275170	288
275180	293
275190	288
275200	304
275210	303
275220	278
275230	286
275240	271
275250	274
275260	285
275270	277
275280	302
275290	271
275300	274
275310	314
275320	300
275330	320
275340	305
275350	291
275360	279
275370	290
275380	275
275390	306
275400	298
275410	287
275420	267
275430	262
275440	272
275450	271
275460	307
275470	297
275480	275
275490	275
275500	299
275510	263
275520	300
275530	274
275540	328
275550	302
275560	310
275570	276
275580	276
275590	298
275600	331
275610	258
275620	267
275630	302
275640	281
275650	287
275660	297
275670	294
275680	289
275690	290
275700	272
275710	251
275720	305
275730	301
275740	296
275750	276
275760	286
275770	319
275780	279
275790	309
275800	281
275810	284
275820	257
275830	296
275840	292
275850	251
275860	295
275870	303
275880	298
275890	266
275900	268
275910	285
275920	262
275930	294
275940	283
275950	289
275960	289
275970	300
275980	279
275990	282
276000	291
276010	274
276020	300
276030	296
276040	294
276050	289
276060	285
276070	284
276080	246
276090	297
276100	309
276110	266
276120	300
276130	255
276140	292
276150	282
276160	270
276170	274
276180	235
276190	314
276200	269
276210	269
276220	322
276230	263
276240	254
276250	311
276260	294
276270	291
276280	290
276290	291
276300	300
276310	284
276320	283
276330	301
276340	296
276350	298
276360	283
276370	284
276380	254
276390	262
276400	288
276410	299
276420	262
276430	283
276440	291
276450	276
276460	266
276470	251
276480	292
276490	295
276500	299
276510	269
276520	267
276530	292
276540	304
276550	269
276560	286
276570	307
276580	309
276590	273
276600	259
276610	285
276620	306
276630	290
276640	277
276650	284
276660	263
276670	291
276680	292
276690	281
276700	242
276710	286
276720	272
276730	265
276740	283
276750	293
276760	291
276770	302
276780	273
276790	288
276800	271
276810	281
276820	293
276830	298
276840	278
276850	296
276860	269
276870	268
276880	306
276890	319
276900	266
276910	311
276920	272
276930	270
276940	278
276950	275
276960	291
276970	276
276980	290
276990	268
277000	296
277010	270
277020	283
277030	289
277040	276
277050	308
277060	276
277070	274
277080	258
277090	293
277100	290
277110	278
277120	234
277130	264
277140	305
277150	265
277160	280
277170	283
277180	303
277190	284
277200	276
277210	283
277220	289
277230	280
277240	280
277250	303
277260	320
277270	267
277280	256
277290	287
277300	314
277310	305
277320	286
277330	304
277340	314
277350	296
277360	292
277370	328
277380	278
277390	265
277400	271
277410	289
277420	291
277430	273
277440	296
277450	292
277460	285
277470	280
277480	281
277490	280
277500	328
277510	289
277520	277
277530	301
277540	271
277550	299
277560	303
277570	279
277580	275
277590	280
277600	254
277610	291
277620	285
277630	293
277640	284
277650	282
277660	288
277670	276
277680	291
277690	276
277700	278
277710	321
277720	274
277730	325
277740	278
277750	293
277760	281
277770	272
277780	282
277790	270
277800	303
277810	316
277820	296
277830	304
277840	279
277850	316
277860	300
277870	292
277880	284
277890	256
277900	304
277910	291
277920	286
277930	257
277940	269
277950	287
277960	277
277970	302
277980	278
277990	314
278000	290
278010	255
278020	272
278030	293
278040	311
278050	291
278060	287
278070	255
278080	284
278090	276
278100	271
278110	314
278120	272
278130	294
278140	292
278150	274
278160	304
278170	316
278180	264
278190	298
278200	317
278210	293
278220	291
278230	268
278240	284
278250	276
278260	299
278270	251
278280	266
278290	260
278300	277
278310	280
278320	260
278330	279
278340	285
278350	262
278360	261
278370	300
278380	307
278390	294
278400	252
278410	284
278420	306
278430	287
278440	286
278450	278
278460	284
278470	282
278480	290
278490	310
278500	270
278510	313
278520	288
278530	290
278540	285
278550	274
278560	292
278570	255
278580	293
278590	316
278600	287
278610	277
278620	269
278630	283
278640	293
278650	284
278660	331
278670	265
278680	288
278690	300
278700	294
278710	290
278720	291
278730	304
278740	266
278750	276
278760	285
278770	282
278780	318
278790	272
278800	261
278810	289
278820	254
278830	285
278840	300
278850	288
278860	270
278870	287
278880	245
278890	293
278900	267
278910	278
278920	319
278930	289
278940	274
278950	296
278960	247
278970	290
278980	259
278990	311
279000	271
279010	291
279020	305
279030	293
279040	306
279050	289
279060	307
279070	265
279080	288
279090	276
279100	261
279110	257
279120	271
279130	280
279140	267
279150	270
279160	278
279170	290
279180	297
279190	292
279200	286
279210	305
279220	270
279230	282
279240	298
279250	326
279260	282
279270	297
279280	295
279290	295
279300	267
279310	284
279320	269
279330	305
279340	288
279350	286
279360	294
279370	285
279380	277
279390	299
279400	285
279410	269
279420	289
279430	278
279440	273
279450	287
279460	275
279470	287
279480	277
279490	310
279500	310
279510	305
279520	263
279530	282
279540	317
279550	276
279560	279
279570	285
279580	272
279590	260
279600	271
279610	286
279620	299
279630	290
279640	275
279650	309
279660	268
279670	311
279680	271
279690	266
279700	271
279710	285
279720	294
279730	281
279740	272
279750	290
279760	273
279770	281
279780	301
279790	279
279800	313
279810	269
279820	303
279830	276
279840	261
279850	304
279860	277
279870	292
279880	279
279890	296
279900	288
279910	304
279920	298
279930	276
279940	268
279950	259
279960	295
279970	298
279980	276
279990	283
280000	282
280010	296
280020	283
280030	278
280040	279
280050	312
280060	311
280070	302
280080	282
280090	296
280100	303
280110	300
280120	297
280130	291
280140	298
280150	294
280160	322
280170	289
280180	297
280190	277
280200	267
280210	277
280220	291
280230	291
280240	287
280250	293
280260	313
280270	241
280280	287
280290	255
280300	302
280310	270
280320	293
280330	270
280340	294
280350	288
280360	270
280370	301
280380	263
280390	286
280400	290
280410	287
280420	313
280430	294
280440	293
280450	269
280460	282
280470	257
280480	287
280490	274
280500	295
280510	291
280520	278
280530	294
280540	296
280550	331
280560	282
280570	296
280580	270
280590	278
280600	293
280610	286
280620	266
280630	271
280640	287
280650	274
280660	294
280670	271
280680	271
280690	282
280700	287
280710	278
280720	271
280730	260
280740	277
280750	305
280760	275
280770	302
280780	295
280790	296
280800	272
280810	275
280820	269
280830	290
280840	314
280850	258
280860	310
280870	279
280880	253
280890	282
280900	283
280910	302
280920	304
280930	265
280940	317
280950	270
280960	280
280970	279
280980	311
280990	282
281000	292
281010	279
281020	246
281030	248
281040	269
281050	291
281060	273
281070	287
281080	283
281090	272
281100	283
281110	293
281120	280
281130	270
281140	291
281150	281
281160	263
281170	284
281180	303
281190	298
281200	275
281210	316
281220	304
281230	278
281240	290
281250	300
281260	305
281270	283
281280	284
281290	291
281300	257
281310	268
281320	295
281330	310
281340	270
281350	278
281360	325
281370	299
281380	311
281390	297
281400	283
281410	287
281420	305
281430	306
281440	288
281450	314
281460	269
281470	298
281480	317
281490	316
281500	292
281510	288
281520	300
281530	272
281540	286
281550	288
281560	294
281570	286
281580	282
281590	263
281600	305
281610	271
281620	251
281630	287
281640	274
281650	280
281660	296
281670	304
281680	298
281690	278
281700	281
281710	279
281720	296
281730	312
281740	287
281750	335
281760	267
281770	288
281780	327
281790	266
281800	273
281810	301
281820	282
281830	311
281840	291
281850	253
281860	289
281870	322
281880	294
281890	297
281900	277
281910	283
281920	271
281930	277
281940	277
281950	282
281960	262
281970	295
281980	274
281990	259
282000	291
282010	278
282020	290
282030	284
282040	283
282050	274
282060	281
282070	293
282080	266
282090	277
282100	262
282110	277
282120	262
282130	314
282140	287
282150	271
282160	302
282170	296
282180	284
282190	303
282200	292
282210	298
282220	284
282230	265
282240	284
282250	282
282260	299
282270	270
282280	313
282290	268
282300	307
282310	290
282320	289
282330	272
282340	271
282350	291
282360	286
282370	325
282380	296
282390	259
282400	319
282410	261
282420	267
282430	287
282440	267
282450	297
282460	265
282470	291
282480	306
282490	278
282500	296
282510	292
282520	294
282530	290
282540	242
282550	262
282560	320
282570	273
282580	296
282590	277
282600	265
282610	264
282620	285
282630	292
282640	278
282650	282
282660	304
282670	290
282680	275
282690	251
282700	283
282710	289
282720	270
282730	278
282740	278
282750	271
282760	290
282770	284
282780	283
282790	289
282800	287
282810	256
282820	279
282830	276
282840	277
282850	270
282860	276
282870	264
282880	275
282890	305
282900	261
282910	315
282920	270
282930	278
282940	270
282950	265
282960	286
282970	295
282980	279
282990	284
283000	255
283010	271
283020	291
283030	278
283040	310
283050	282
283060	280
283070	274
283080	299
283090	291
283100	291
283110	286
283120	315
283130	300
283140	314
283150	278
283160	276
283170	314
283180	258
283190	272
283200	261
283210	289
283220	267
283230	301
283240	277
283250	281
283260	313
283270	295
283280	279
283290	285
283300	281
283310	285
283320	269
283330	273
283340	275
283350	279
283360	266
283370	290
283380	274
283390	294
283400	283
283410	299
283420	300
283430	291
283440	287
283450	278
283460	268
283470	278
283480	270
283490	269
283500	267
283510	277
283520	289
283530	290
283540	296
283550	248
283560	266
283570	260
283580	280
283590	273
283600	297
283610	253
283620	276
283630	274
283640	270
283650	283
283660	282
283670	297
283680	276
283690	277
283700	310
283710	289
283720	257
283730	287
283740	305
283750	302
283760	302
283770	292
283780	280
283790	260
283800	271
283810	263
283820	274
283830	296
283840	289
283850	259
283860	280
283870	294
283880	264
283890	287
283900	313
283910	282
283920	276
283930	271
283940	270
283950	321
283960	291
283970	288
283980	270
283990	282
284000	236
284010	298
284020	303
284030	309
284040	298
284050	272
284060	298
284070	315
284080	291
284090	256
284100	303
284110	294
284120	282
284130	292
284140	263
284150	280
284160	317
284170	273
284180	270
284190	279
284200	281
284210	289
284220	300
284230	284
284240	289
284250	288
284260	262
284270	273
284280	290
284290	281
284300	280
284310	291
284320	273
284330	299
284340	297
284350	313
284360	270
284370	290
284380	307
284390	276
284400	281
284410	280
284420	310
284430	290
284440	275
284450	295
284460	284
284470	288
284480	313
284490	292
284500	273
284510	291
284520	255
284530	281
284540	303
284550	271
284560	270
284570	298
284580	270
284590	283
284600	272
284610	285
284620	281
284630	273
284640	300
284650	289
284660	282
284670	291
284680	270
284690	302
284700	271
284710	280
284720	251
284730	278
284740	277
284750	282
284760	271
284770	285
284780	254
284790	284
284800	302
284810	294
284820	293
284830	268
284840	290
284850	273
284860	276
284870	259
284880	268
284890	275
284900	287
284910	286
284920	280
284930	267
284940	279
284950	300
284960	282
284970	293
284980	304
284990	289
285000	270
285010	272
285020	263
285030	284
285040	271
285050	276
285060	320
285070	274
285080	269
285090	291
285100	296
285110	290
285120	273
285130	314
285140	308
285150	259
285160	277
285170	294
285180	299
285190	298
285200	319
285210	283
285220	317
285230	296
285240	312
285250	280
285260	286
285270	305
285280	279
285290	246
285300	262
285310	286
285320	285
285330	298
285340	263
285350	277
285360	302
285370	293
285380	296
285390	301
285400	309
285410	256
285420	261
285430	252
285440	292
285450	280
285460	281
285470	288
285480	304
285490	280
285500	272
285510	286
285520	292
285530	298
285540	287
285550	302
285560	269
285570	291
285580	286
285590	267
285600	274
285610	282
285620	299
285630	283
285640	297
285650	265
285660	307
285670	278
285680	282
285690	263
285700	273
285710	278
285720	271
285730	274
285740	290
285750	302
285760	288
285770	298
285780	266
285790	293
285800	312
285810	259
285820	300
285830	291
285840	292
285850	274
285860	274
285870	285
285880	285
285890	285
285900	257
285910	282
285920	310
285930	269
285940	296
285950	270
285960	288
285970	272
285980	288
285990	286
286000	299
286010	314
286020	280
286030	328
286040	281
286050	252
286060	300
286070	311
286080	302
286090	288
286100	268
286110	280
286120	269
286130	302
286140	298
286150	309
286160	291
286170	267
286180	305
286190	272
286200	297
286210	260
286220	263
286230	263
286240	268
286250	274
286260	307
286270	285
286280	291
286290	309
286300	288
286310	290
286320	294
286330	278
286340	272
286350	312
286360	245
286370	268
286380	281
286390	277
286400	282
286410	285
286420	286
286430	282
286440	297
286450	290
286460	255
286470	307
286480	311
286490	279
286500	282
286510	281
286520	273
286530	303
286540	268
286550	302
286560	281
286570	261
286580	294
286590	283
286600	279
286610	305
286620	255
286630	307
286640	285
286650	261
286660	264
286670	268
286680	264
286690	266
286700	278
286710	285
286720	280
286730	324
286740	285
286750	290
286760	286
286770	255
286780	303
286790	286
286800	311
286810	268
286820	279
286830	281
286840	275
286850	291
286860	297
286870	299
286880	324
286890	309
286900	293
286910	277
286920	283
286930	328
286940	266
286950	260
286960	280
286970	266
286980	291
286990	281
287000	279
287010	295
287020	281
287030	283
287040	308
287050	300
287060	344
287070	290
287080	255
287090	268
287100	285
287110	278
287120	269
287130	292
287140	315
287150	265
287160	296
287170	283
287180	291
287190	282
287200	257
287210	271
287220	295
287230	269
287240	276
287250	283
287260	260
287270	255
287280	272
287290	283
287300	282
287310	292
287320	247
287330	324
287340	288
287350	292
287360	270
287370	259
287380	284
287390	289
287400	243
287410	301
287420	312
287430	291
287440	288
287450	238
287460	286
287470	300
287480	306
287490	293
287500	310
287510	273
287520	311
287530	274
287540	303
287550	279
287560	289
287570	305
287580	270
287590	279
287600	301
287610	296
287620	292
287630	304
287640	293
287650	284
287660	295
287670	260
287680	275
287690	278
287700	281
287710	283
287720	287
287730	318
287740	283
287750	286
287760	282
287770	299
287780	269
287790	289
287800	278
287810	271
287820	312
287830	289
287840	270
287850	276
287860	277
287870	289
287880	233
287890	259
287900	272
287910	286
287920	307
287930	270
287940	279
287950	253
287960	293
287970	275
287980	300
287990	272
288000	308
288010	288
288020	260
288030	269
288040	276
288050	299
288060	275
288070	263
288080	292
288090	271
288100	297
288110	274
288120	282
288130	317
288140	259
288150	299
288160	289
288170	284
288180	260
288190	268
288200	293
288210	263
288220	286
288230	289
288240	277
288250	297
288260	303
288270	281
288280	274
288290	323
288300	301
288310	301
288320	284
288330	275
288340	260
288350	270
288360	274
288370	290
288380	273
288390	293
288400	283
288410	312
288420	292
288430	277
288440	262
288450	289
288460	286
288470	278
288480	272
288490	296
288500	304
288510	291
288520	277
288530	245
288540	286
288550	284
288560	269
288570	298
288580	275
288590	255
288600	269
288610	270
288620	265
288630	299
288640	315
288650	307
288660	291
288670	295
288680	333
288690	269
288700	287
288710	271
288720	292
288730	305
288740	283
288750	278
288760	281
288770	295
288780	269
288790	295
288800	274
288810	275
288820	271
288830	283
288840	291
288850	308
288860	310
288870	298
288880	291
288890	294
288900	245
288910	273
288920	272
288930	280
288940	267
288950	273
288960	270
288970	291
288980	304
288990	253
289000	275
289010	288
289020	288
289030	249
289040	287
289050	260
289060	264
289070	312
289080	277
289090	271
289100	294
289110	298
289120	285
289130	290
289140	268
289150	298
289160	284
289170	299
289180	265
289190	302
289200	281
289210	271
289220	306
289230	281
289240	271
289250	279
289260	300
289270	271
289280	286
289290	246
289300	281
289310	283
289320	275
289330	278
289340	303
289350	287
289360	278
289370	282
289380	283
289390	282
289400	291
289410	277
289420	292
289430	282
289440	278
289450	245
289460	271
289470	261
289480	273
289490	287
289500	309
289510	297
289520	319
289530	290
289540	270
289550	304
289560	327
289570	267
289580	301
289590	294
289600	298
289610	254
289620	294
289630	270
289640	297
289650	296
289660	268
289670	287
289680	273
289690	301
289700	299
289710	296
289720	307
289730	270
289740	288
289750	280
289760	284
289770	320
289780	276
289790	259
289800	283
289810	268
289820	320
289830	291
289840	280
289850	293
289860	287
289870	273
289880	270
289890	276
289900	263
289910	263
289920	275
289930	314
289940	282
289950	258
289960	320
289970	291
289980	277
289990	266
290000	326
290010	285
290020	311
290030	313
290040	288
290050	266
290060	277
290070	263
290080	275
290090	273
290100	261
290110	283
290120	261
290130	282
290140	272
290150	282
290160	275
290170	299
290180	275
290190	268
290200	290
290210	287
290220	277
290230	259
290240	273
290250	294
290260	274
290270	248
290280	331
290290	270
290300	268
290310	308
290320	293
290330	305
290340	285
290350	293
290360	264
290370	280
290380	272
290390	299
290400	306
290410	301
290420	274
290430	310
290440	299
290450	305
290460	276
290470	298
290480	266
290490	292
290500	309
290510	279
290520	270
290530	272
290540	277
290550	274
290560	261
290570	304
290580	271
290590	242
290600	269
290610	302
290620	283
290630	282
290640	277
290650	276
290660	280
290670	281
290680	279
290690	293
290700	255
290710	273
290720	241
290730	250
290740	306
290750	286
290760	261
290770	296
290780	288
290790	265
290800	274
290810	299
290820	284
290830	311
290840	299
290850	295
290860	277
290870	254
290880	295
290890	274
290900	252
290910	299
290920	276
290930	285
290940	313
290950	288
290960	280
290970	273
290980	286
290990	266
291000	291
291010	296
291020	277
291030	280
291040	273
291050	297
291060	263
291070	295
291080	313
291090	288
291100	319
291110	270
291120	289
291130	281
291140	246
291150	294
291160	288
291170	290
291180	279
291190	284
291200	272
291210	294
291220	270
291230	295
291240	292
291250	259
291260	287
291270	302
291280	308
291290	282
291300	285
291310	300
291320	281
291330	286
291340	274
291350	297
291360	286
291370	296
291380	270
291390	292
291400	294
291410	283
291420	283
291430	280
291440	291
291450	292
291460	275
291470	307
291480	279
291490	288
291500	304
291510	318
291520	314
291530	301
291540	316
291550	296
291560	276
291570	269
291580	293
291590	268
291600	244
291610	279
291620	275
291630	290
291640	259
291650	285
291660	291
291670	280
291680	292
291690	307
291700	289
291710	261
291720	290
291730	294
291740	270
291750	257
291760	284
291770	288
291780	305
291790	302
291800	284
291810	313
291820	292
291830	297
291840	280
291850	270
291860	300
291870	288
291880	291
291890	271
291900	262
291910	272
291920	300
291930	289
291940	281
291950	294
291960	285
291970	297
291980	266
291990	294
292000	298
292010	286
292020	285
292030	273
292040	301
292050	298
292060	265
292070	319
292080	286
292090	289
292100	300
292110	281
292120	277
292130	287
292140	298
292150	269
292160	293
292170	303
292180	295
292190	292
292200	257
292210	284
292220	303
292230	282
292240	282
292250	274
292260	282
292270	294
292280	302
292290	286
292300	280
292310	276
292320	286
292330	299
292340	273
292350	308
292360	308
292370	288
292380	270
292390	281
292400	307
292410	283
292420	265
292430	305
292440	293
292450	300
292460	288
292470	261
292480	283
292490	298
292500	277
292510	268
292520	253
292530	287
292540	277
292550	300
292560	299
292570	274
292580	301
292590	288
292600	257
292610	323
292620	274
292630	253
292640	292
292650	257
292660	273
292670	291
292680	272
292690	276
292700	246
292710	284
292720	292
292730	287
292740	279
292750	289
292760	286
292770	273
292780	312
292790	308
292800	254
292810	273
292820	307
292830	303
292840	292
292850	273
292860	272
292870	299
292880	290
292890	278
292900	259
292910	295
292920	281
292930	295
292940	298
292950	322
292960	248
292970	263
292980	302
292990	261
293000	296
293010	267
293020	273
293030	307
293040	268
293050	287
293060	272
293070	314
293080	269
293090	280
293100	284
293110	320
293120	270
293130	287
293140	269
293150	283
293160	284
293170	276
293180	271
293190	228
293200	289
293210	255
293220	273
293230	273
293240	280
293250	290
293260	286
293270	297
293280	271
293290	278
293300	283
293310	267
293320	289
293330	268
293340	282
293350	307
293360	266
293370	293
293380	287
293390	300
293400	291
293410	282
293420	289
293430	307
293440	298
293450	296
293460	290
293470	287
293480	282
293490	288
293500	281
293510	296
293520	284
293530	295
293540	279
293550	295
293560	269
293570	250
293580	276
293590	268
293600	285
293610	287
293620	292
293630	288
293640	284
293650	278
293660	278
293670	291
293680	257
293690	326
293700	311
293710	283
293720	308
293730	282
293740	271
293750	273
293760	318
293770	286
293780	275
293790	287
293800	269
293810	287
293820	299
293830	253
293840	269
293850	303
293860	319
293870	304
293880	307
293890	251
293900	284
293910	256
293920	294
293930	267
293940	260
293950	311
293960	283
293970	266
293980	274
293990	307
294000	277
294010	246
294020	270
294030	263
294040	298
294050	264
294060	279
294070	289
294080	286
294090	285
294100	268
294110	270
294120	285
294130	286
294140	284
294150	264
294160	271
294170	312
294180	288
294190	280
294200	296
294210	288
294220	281
294230	281
294240	270
294250	288
294260	310
294270	268
294280	293
294290	312
294300	258
294310	255
294320	265
294330	285
294340	262
294350	302
294360	277
294370	275
294380	302
294390	276
294400	263
294410	283
294420	267
294430	283
294440	287
294450	305
294460	307
294470	267
294480	271
294490	285
294500	285
294510	294
294520	288
294530	292
294540	313
294550	289
294560	266
294570	298
294580	322
294590	303
294600	297
294610	294
294620	258
294630	273
294640	338
294650	266
294660	306
294670	291
294680	266
294690	293
294700	283
294710	318
294720	286
294730	287
294740	279
294750	258
294760	297
294770	283
294780	274
294790	248
294800	283
294810	286
294820	283
294830	305
294840	297
294850	281
294860	275
294870	262
294880	286
294890	299
294900	255
294910	273
294920	293
294930	298
294940	286
294950	281
294960	249
294970	285
294980	284
294990	283
295000	267
295010	291
295020	287
295030	290
295040	264
295050	281
295060	299
295070	298
295080	276
295090	267
295100	298
295110	285
295120	291
295130	296
295140	289
295150	296
295160	271
295170	273
295180	286
295190	324
295200	284
295210	277
295220	275
295230	305
295240	273
295250	293
295260	267
295270	295
295280	294
295290	300
295300	293
295310	279
295320	257
295330	279
295340	301
295350	279
295360	290
295370	271
295380	321
295390	257
295400	284
295410	270
295420	267
295430	280
295440	289
295450	282
295460	306
295470	286
295480	272
295490	282
295500	273
295510	283
295520	267
295530	311
295540	283
295550	289
295560	275
295570	281
295580	277
295590	294
295600	267
295610	267
295620	274
295630	298
295640	284
295650	276
295660	298
295670	277
295680	278
295690	298
295700	290
295710	267
295720	268
295730	302
295740	260
295750	285
295760	298
295770	304
295780	281
295790	301
295800	274
295810	265
295820	275
295830	302
295840	289
295850	251
295860	269
295870	262
295880	261
295890	307
295900	306
295910	273
295920	296
295930	257
295940	291
295950	305
295960	265
295970	318
295980	285
295990	279
296000	295
296010	257
296020	318
296030	296
296040	272
296050	248
296060	275
296070	258
296080	243
296090	267
296100	298
296110	315
296120	284
296130	277
296140	286
296150	261
296160	252
296170	272
296180	279
296190	298
296200	272
296210	296
296220	285
296230	321
296240	268
296250	279
296260	239
296270	324
296280	288
296290	268
296300	249
296310	258
296320	293
296330	298
296340	279
296350	280
296360	319
296370	252
296380	288
296390	291
296400	278
296410	283
296420	283
296430	278
296440	302
296450	277
296460	311
296470	270
296480	273
296490	272
296500	276
296510	276
296520	290
296530	306
296540	301
296550	250
296560	273
296570	288
296580	302
296590	271
296600	248
296610	316
296620	280
296630	268
296640	297
296650	296
296660	288
296670	305
296680	269
296690	302
296700	273
296710	296
296720	326
296730	300
296740	300
296750	310
296760	273
296770	272
296780	285
296790	315
296800	311
296810	296
296820	289
296830	268
296840	305
296850	268
296860	279
296870	265
296880	273
296890	263
296900	281
296910	270
296920	242
296930	308
296940	253
296950	278
296960	276
296970	275
296980	293
296990	279
297000	271
297010	276
297020	281
297030	300
297040	282
297050	263
297060	239
297070	301
297080	283
297090	293
297100	279
297110	287
297120	249
297130	319
297140	296
297150	310
297160	298
297170	305
297180	269
297190	280
297200	316
297210	262
297220	287
297230	291
297240	291
297250	266
297260	290
297270	270
297280	286
297290	288
297300	279
297310	257
297320	262
297330	269
297340	272
297350	288
297360	278
297370	293
297380	254
297390	297
297400	285
297410	313
297420	283
297430	284
297440	324
297450	289
297460	281
297470	288
297480	274
297490	259
297500	255
297510	280
297520	281
297530	286
297540	274
297550	262
297560	284
297570	299
297580	284
297590	284
297600	298
297610	275
297620	297
297630	289
297640	299
297650	279
297660	281
297670	308
297680	269
297690	286
297700	268
297710	301
297720	292
297730	282
297740	301
297750	284
297760	313
297770	273
297780	296
297790	277
297800	295
297810	300
297820	293
297830	290
297840	290
297850	278
297860	271
297870	273
297880	308
297890	301
297900	280
297910	290
297920	294
297930	283
297940	311
297950	275
297960	273
297970	287
297980	278
297990	293
298000	309
298010	293
298020	282
298030	296
298040	287
298050	296
298060	281
298070	320
298080	270
298090	283
298100	288
298110	270
298120	274
298130	279
298140	264
298150	288
298160	265
298170	255
298180	251
298190	283
298200	273
298210	274
298220	259
298230	258
298240	309
298250	285
298260	301
298270	302
298280	282
298290	299
298300	286
298310	286
298320	280
298330	300
298340	290
298350	283
298360	266
298370	288
298380	299
298390	296
298400	282
298410	290
298420	278
298430	304
298440	271
298450	289
298460	293
298470	299
298480	278
298490	287
298500	313
298510	271
298520	295
298530	297
298540	308
298550	323
298560	259
298570	256
298580	305
298590	265
298600	276
298610	308
298620	282
298630	302
298640	283
298650	277
298660	264
298670	277
298680	301
298690	285
298700	269
298710	268
298720	285
298730	282
298740	259
298750	283
298760	288
298770	290
298780	323
298790	270
298800	323
298810	279
298820	289
298830	304
298840	292
298850	285
298860	263
298870	308
298880	315
298890	250
298900	284
298910	315
298920	278
298930	297
298940	258
298950	283
298960	301
298970	278
298980	287
298990	279
299000	310
299010	297
299020	297
299030	296
299040	271
299050	275
299060	253
299070	272
299080	293
299090	257
299100	264
299110	265
299120	272
299130	256
299140	281
299150	315
299160	261
299170	286
299180	290
299190	278
299200	262
299210	260
299220	236
299230	304
299240	279
299250	311
299260	236
299270	288
299280	282
299290	261
299300	275
299310	293
299320	293
299330	283
299340	274
299350	269
299360	283
299370	308
299380	280
299390	283
299400	275
299410	281
299420	282
299430	305
299440	292
299450	288
299460	275
299470	239
299480	294
299490	300
299500	289
299510	302
299520	327
299530	262
299540	269
299550	301
299560	249
299570	273
299580	283
299590	339
299600	269
299610	265
299620	295
299630	280
299640	289
299650	305
299660	247
299670	284
299680	269
299690	286
299700	281
299710	258
299720	292
299730	256
299740	251
299750	268
299760	299
299770	282
299780	273
299790	282
299800	282
299810	269
299820	295
299830	281
299840	281
299850	329
299860	322
299870	282
299880	273
299890	311
299900	283
299910	317
299920	268
299930	286
299940	272
299950	280
299960	291
299970	286
299980	310
299990	284
300000	278
300010	277
300020	275
300030	271
300040	254
300050	269
300060	268
300070	304
300080	298
300090	305
300100	284
300110	306
300120	290
300130	280
300140	297
300150	272
300160	256
300170	267
300180	241
300190	282
300200	263
300210	300
300220	279
300230	272
300240	289
300250	286
300260	283
300270	281
300280	296
300290	281
300300	273
300310	294
300320	278
300330	287
300340	295
300350	268
300360	293
300370	301
300380	284
300390	290
300400	294
300410	258
300420	280
300430	289
300440	275
300450	270
300460	271
300470	281
300480	306
300490	319
300500	268
300510	283
300520	284
300530	289
300540	296
300550	322
300560	251
300570	281
300580	327
300590	296
300600	291
300610	292
300620	277
300630	295
300640	250
300650	309
300660	288
300670	284
300680	280
300690	296
300700	276
300710	283
300720	278
300730	311
300740	265
300750	304
300760	301
300770	298
300780	286
300790	269
300800	302
300810	274
300820	301
300830	264
300840	278
300850	305
300860	278
300870	295
300880	274
300890	279
300900	277
300910	294
300920	266
300930	294
300940	287
300950	317
300960	277
300970	298
300980	270
300990	274
301000	303
301010	263
301020	283
301030	281
301040	291
301050	267
301060	271
301070	269
301080	289
301090	294
301100	266
301110	264
301120	251
301130	299
301140	300
301150	276
301160	283
301170	279
301180	288
301190	338
301200	321
301210	318
301220	299
301230	299
301240	250
301250	265
301260	254
301270	273
301280	283
301290	297
301300	268
301310	236
301320	303
301330	281
301340	282
301350	280
301360	279
301370	268
301380	297
301390	323
301400	285
301410	293
301420	291
301430	259
301440	311
301450	295
301460	271
301470	278
301480	284
301490	271
301500	296
301510	287
301520	302
301530	268
301540	308
301550	279
301560	265
301570	279
301580	268
301590	302
301600	291
301610	298
301620	290
301630	297
301640	277
301650	277
301660	290
301670	303
301680	275
301690	253
301700	319
301710	271
301720	309
301730	289
301740	297
301750	299
301760	262
301770	310
301780	299
301790	308
301800	254
301810	284
301820	290
301830	294
301840	299
301850	294
301860	277
301870	297
301880	311
301890	280
301900	291
301910	291
301920	282
301930	272
301940	295
301950	265
301960	311
301970	289
301980	286
301990	288
302000	288
302010	290
302020	268
302030	294
302040	288
302050	269
302060	293
302070	269
302080	291
302090	292
302100	268
302110	267
302120	302
302130	300
302140	287
302150	289
302160	262
302170	278
302180	266
302190	288
302200	250
302210	302
302220	271
302230	300
302240	312
302250	277
302260	292
302270	332
302280	277
302290	281
302300	261
302310	262
302320	265
302330	281
302340	265
302350	293
302360	274
302370	267
302380	300
302390	283
302400	296
302410	309
302420	270
302430	263
302440	301
302450	322
302460	290
302470	277
302480	296
302490	285
302500	277
302510	286
302520	263
302530	258
302540	275
302550	287
302560	276
302570	321
302580	297
302590	280
302600	304
302610	276
302620	296
302630	291
302640	280
302650	291
302660	262
302670	269
302680	249
302690	281
302700	293
302710	262
302720	303
302730	311
302740	287
302750	287
302760	298
302770	283
302780	292
302790	294
302800	290
302810	302
302820	281
302830	282
302840	281
302850	299
302860	272
302870	297
302880	261
302890	286
302900	256
302910	309
302920	282
302930	299
302940	254
302950	275
302960	280
302970	301
302980	296
302990	270
303000	274
303010	310
303020	296
303030	285
303040	287
303050	297
303060	282
303070	291
303080	269
303090	251
303100	274
303110	268
303120	285
303130	296
303140	271
303150	281
303160	284
303170	305
303180	321
303190	261
303200	302
303210	290
303220	278
303230	279
303240	279
303250	295
303260	287
303270	283
303280	286
303290	315
303300	313
303310	280
303320	284
303330	272
303340	303
303350	314
303360	281
303370	270
303380	271
303390	256
303400	298
303410	291
303420	321
303430	279
303440	288
303450	299
303460	287
303470	298
303480	302
303490	299
303500	285
303510	282
303520	271
303530	276
303540	319
303550	254
303560	304
303570	284
303580	294
303590	304
303600	253
303610	277
303620	293
303630	274
303640	280
303650	305
303660	273
303670	295
303680	300
303690	284
303700	308
303710	313
303720	272
303730	273
303740	287
303750	312
303760	279
303770	268
303780	277
303790	290
303800	248
303810	261
303820	279
303830	270
303840	300
303850	288
303860	265
303870	266
303880	295
303890	283
303900	288
303910	262
303920	301
303930	260
303940	308
303950	272
303960	287
303970	274
303980	265
303990	313
304000	310
304010	284
304020	303
304030	300
304040	261
304050	289
304060	297
304070	285
304080	301
304090	280
304100	249
304110	298
304120	278
304130	300
304140	271
304150	305
304160	288
304170	263
304180	291
304190	293
304200	288
304210	258
304220	294
304230	284
304240	321
304250	317
304260	274
304270	282
304280	282
304290	293
304300	263
304310	277
304320	287
304330	281
304340	309
304350	293
304360	282
304370	291
304380	282
304390	293
304400	271
304410	273
304420	296
304430	281
304440	258
304450	250
304460	277
304470	296
304480	270
304490	291
304500	266
304510	273
304520	287
304530	286
304540	278
304550	278
304560	284
304570	277
304580	297
304590	278
304600	288
304610	293
304620	264
304630	294
304640	304
304650	274
304660	297
304670	285
304680	291
304690	274
304700	276
304710	305
304720	305
304730	309
304740	300
304750	294
304760	294
304770	290
304780	310
304790	304
304800	325
304810	277
304820	289
304830	277
304840	302
304850	304
304860	319
304870	248
304880	297
304890	291
304900	260
304910	261
304920	343
304930	290
304940	264
304950	273
304960	265
304970	309
304980	288
304990	272
305000	308
305010	288
305020	321
305030	249
305040	297
305050	295
305060	329
305070	252
305080	289
305090	280
305100	266
305110	270
305120	297
305130	275
305140	281
305150	253
305160	260
305170	312
305180	303
305190	291
305200	283
305210	270
305220	243
305230	270
305240	242
305250	298
305260	301
305270	285
305280	283
305290	278
305300	315
305310	284
305320	252
305330	294
305340	299
305350	308
305360	284
305370	281
305380	283
305390	296
305400	270
305410	302
305420	263
305430	267
305440	278
305450	296
305460	290
305470	272
305480	263
305490	263
305500	270
305510	271
305520	279
305530	275
305540	297
305550	278
305560	314
305570	294
305580	290
305590	287
305600	294
305610	273
305620	291
305630	291
305640	279
305650	304
305660	270
305670	288
305680	302
305690	260
305700	277
305710	261
305720	263
305730	264
305740	297
305750	297
305760	286
305770	250
305780	280
305790	295
305800	264
305810	282
305820	288
305830	249
305840	297
305850	288
305860	287
305870	286
305880	289
305890	264
305900	260
305910	268
305920	250
305930	250
305940	291
305950	269
305960	260
305970	268
305980	281
305990	289
306000	294
306010	264
306020	265
306030	294
306040	280
306050	285
306060	310
306070	287
306080	284
306090	275
306100	273
306110	281
306120	265
306130	275
306140	276
306150	286
306160	299
306170	264
306180	272
306190	289
306200	290
306210	309
306220	301
306230	307
306240	273
306250	306
306260	279
306270	295
306280	312
306290	298
306300	294
306310	280
306320	283
306330	270
306340	282
306350	252
306360	289
306370	306
306380	279
306390	280
306400	276
306410	265
306420	289
306430	283
306440	263
306450	263
306460	271
306470	286
306480	297
306490	292
306500	276
306510	290
306520	307
306530	292
306540	248
306550	283
306560	327
306570	268
306580	280
306590	297
306600	280
306610	287
306620	301
306630	293
306640	274
306650	289
306660	284
306670	266
306680	307
306690	281
306700	286
306710	306
306720	309
306730	266
306740	251
306750	282
306760	296
306770	273
306780	306
306790	317
306800	281
306810	270
306820	274
306830	307
306840	315
306850	258
306860	279
306870	295
306880	287
306890	294
306900	291
306910	296
306920	261
306930	287
306940	280
306950	276
306960	280
306970	287
306980	280
306990	288
307000	322
307010	269
307020	301
307030	279
307040	303
307050	267
307060	288
307070	269
307080	254
307090	291
307100	298
307110	291
307120	304
307130	284
307140	275
307150	288
307160	271
307170	310
307180	270
307190	290
307200	276
307210	276
307220	287
307230	298
307240	290
307250	284
307260	260
307270	273
307280	271
307290	314
307300	264
307310	262
307320	306
307330	291
307340	281
307350	292
307360	298
307370	285
307380	296
307390	304
307400	286
307410	287
307420	266
307430	284
307440	272
307450	286
307460	330
307470	287
307480	284
307490	292
307500	291
307510	307
307520	308
307530	285
307540	268
307550	297
307560	284
307570	275
307580	260
307590	263
307600	273
307610	276
307620	269
307630	253
307640	297
307650	268
307660	305
307670	273
307680	312
307690	291
307700	285
307710	267
307720	289
307730	297
307740	283
307750	293
307760	268
307770	278
307780	258
307790	293
307800	312
307810	323
307820	289
307830	312
307840	270
307850	260
307860	278
307870	299
307880	326
307890	310
307900	268
307910	295
307920	315
307930	288
307940	283
307950	275
307960	296
307970	297
307980	270
307990	243
308000	261
308010	291
308020	257
308030	296
308040	301
308050	252
308060	301
308070	294
308080	286
308090	256
308100	274
308110	287
308120	276
308130	276
308140	273
308150	245
308160	259
308170	298
308180	266
308190	306
308200	250
308210	301
308220	266
308230	302
308240	295
308250	300
308260	262
308270	272
308280	319
308290	278
308300	310
308310	284
308320	306
308330	269
308340	277
308350	266
308360	289
308370	305
308380	295
308390	296
308400	274
308410	288
308420	296
308430	261
308440	306
308450	284
308460	287
308470	295
308480	300
308490	292
308500	264
308510	290
308520	291
308530	313
308540	275
308550	324
308560	298
308570	257
308580	300
308590	285
308600	296
308610	280
308620	295
308630	280
308640	322
308650	311
308660	315
308670	291
308680	278
308690	312
308700	280
308710	308
308720	305
308730	299
308740	289
308750	276
308760	280
308770	260
308780	295
308790	299
308800	276
308810	267
308820	309
308830	302
308840	264
308850	253
308860	275
308870	295
308880	302
308890	287
308900	283
308910	293
308920	315
308930	285
308940	284
308950	287
308960	270
308970	290
308980	280
308990	301
309000	273
309010	283
309020	297
309030	305
309040	303
309050	273
309060	291
309070	265
309080	257
309090	269
309100	308
309110	301
309120	287
309130	257
309140	316
309150	273
309160	270
309170	296
309180	270
309190	263
309200	257
309210	293
309220	283
309230	285
309240	278
309250	275
309260	285
309270	268
309280	284
309290	310
309300	280
309310	305
309320	300
309330	286
309340	287
309350	269
309360	266
309370	274
309380	283
309390	250
309400	273
309410	263
309420	299
309430	272
309440	296
309450	257
309460	285
309470	271
309480	309
309490	276
309500	284
309510	275
309520	297
309530	309
309540	276
309550	291
309560	303
309570	322
309580	303
309590	288
309600	297
309610	316
309620	267
309630	326
309640	265
309650	266
309660	297
309670	305
309680	281
309690	272
309700	257
309710	277
309720	265
309730	286
309740	277
309750	269
309760	274
309770	316
309780	263
309790	272
309800	261
309810	270
309820	284
309830	273
309840	279
309850	317
309860	302
309870	297
309880	275
309890	274
309900	318
309910	297
309920	323
309930	292
309940	311
309950	285
309960	271
309970	290
309980	290
309990	282
310000	310
310010	285
310020	271
310030	278
310040	267
310050	282
310060	289
310070	261
310080	276
310090	277
310100	278
310110	303
310120	310
310130	271
310140	301
310150	305
310160	301
310170	285
310180	299
310190	270
310200	261
310210	305
310220	281
310230	234
310240	283
310250	276
310260	293
310270	256
310280	283
310290	252
310300	282
310310	281
310320	292
310330	295
310340	296
310350	302
310360	282
310370	261
310380	275
310390	249
310400	302
310410	301
310420	308
310430	286
310440	286
310450	285
310460	300
310470	287
310480	282
310490	290
310500	294
310510	281
310520	272
310530	282
310540	265
310550	299
310560	290
310570	271
310580	276
310590	281
310600	286
310610	286
310620	299
310630	261
310640	271
310650	295
310660	310
310670	287
310680	288
310690	281
310700	300
310710	289
310720	266
310730	288
310740	255
310750	271
310760	297
310770	258
310780	263
310790	287
310800	288
310810	275
310820	321
310830	271
310840	273
310850	305
310860	285
310870	263
310880	287
310890	291
310900	295
310910	278
310920	291
310930	276
310940	272
310950	310
310960	314
310970	293
310980	297
310990	297
311000	328
311010	268
311020	302
311030	273
311040	287
311050	273
311060	285
311070	291
311080	284
311090	308
311100	265
311110	293
311120	253
311130	270
311140	285
311150	292
311160	275
311170	261
311180	296
311190	306
311200	304
311210	335
311220	305
311230	308
311240	285
311250	291
311260	276
311270	252
311280	273
311290	285
311300	278
311310	295
311320	279
311330	294
311340	305
311350	282
311360	270
311370	309
311380	297
311390	294
311400	303
311410	299
311420	294
311430	255
311440	282
311450	281
311460	295
311470	290
311480	267
311490	284
311500	270
311510	281
311520	284
311530	272
311540	310
311550	295
311560	277
311570	277
311580	284
311590	296
311600	266
311610	282
311620	281
311630	297
311640	269
311650	269
311660	287
311670	312
311680	308
311690	273
311700	270
311710	277
311720	275
311730	306
311740	268
311750	236
311760	281
311770	299
311780	282
311790	268
311800	271
311810	279
311820	287
311830	268
311840	278
311850	266
311860	302
311870	303
311880	341
311890	269
311900	280
311910	285
311920	308
311930	274
311940	280
311950	299
311960	283
311970	251
311980	263
311990	253
312000	285
312010	277
312020	277
312030	301
312040	296
312050	306
312060	301
312070	291
312080	323
312090	275
312100	310
312110	306
312120	302
312130	322
312140	268
312150	291
312160	282
312170	312
312180	277
312190	278
312200	299
312210	310
312220	259
312230	272
312240	308
312250	296
312260	285
312270	283
312280	280
312290	260
312300	281
312310	279
312320	264
312330	317
312340	276
312350	279
312360	302
312370	308
312380	303
312390	306
312400	294
312410	274
312420	278
312430	272
312440	301
312450	259
312460	283
312470	294
312480	262
312490	280
312500	278
312510	268
312520	291
312530	290
312540	269
312550	292
312560	289
312570	314
312580	276
312590	279
312600	288
312610	281
312620	304
312630	277
312640	263
312650	255
312660	303
312670	263
312680	264
312690	280
312700	277
312710	274
312720	263
312730	253
312740	302
312750	264
312760	276
312770	302
312780	285
312790	324
312800	298
312810	300
312820	281
312830	261
312840	269
312850	281
312860	281
312870	271
312880	270
312890	293
312900	253
312910	274
312920	265
312930	278
312940	280
312950	280
312960	315
312970	278
312980	287
312990	297
313000	292
313010	304
313020	323
313030	290
313040	257
313050	269
313060	263
313070	277
313080	276
313090	281
313100	271
313110	259
313120	268
313130	267
313140	283
313150	305
313160	320
313170	290
313180	289
313190	274
313200	285
313210	261
313220	279
313230	287
313240	269
313250	262
313260	283
313270	275
313280	303
313290	276
313300	279
313310	287
313320	287
313330	283
313340	280
313350	270
313360	299
313370	263
313380	312
313390	302
313400	294
313410	316
313420	284
313430	282
313440	284
313450	279
313460	295
313470	301
313480	292
313490	294
313500	287
313510	274
313520	263
313530	321
313540	294
313550	306
313560	294
313570	280
313580	282
313590	291
313600	279
313610	276
313620	299
313630	287
313640	281
313650	254
313660	287
313670	256
313680	256
313690	295
313700	273
313710	326
313720	258
313730	273
313740	259
313750	280
313760	270
313770	298
313780	310
313790	296
313800	294
313810	263
313820	309
313830	306
313840	278
313850	278
313860	314
313870	276
313880	247
313890	281
313900	289
313910	278
313920	283
313930	275
313940	271
313950	295
313960	285
313970	287
313980	287
313990	251
314000	301
314010	289
314020	262
314030	272
314040	306
314050	308
314060	276
314070	302
314080	280
314090	304
314100	298
314110	273
314120	280
314130	278
314140	283
314150	304
314160	300
314170	274
314180	306
314190	327
314200	262
314210	267
314220	275
314230	302
314240	291
314250	283
314260	264
314270	265
314280	280
314290	259
314300	273
314310	290
314320	288
314330	280
314340	305
314350	262
314360	266
314370	260
314380	284
314390	280
314400	278
314410	304
314420	301
314430	322
314440	295
314450	312
314460	260
314470	311
314480	299
314490	311
314500	309
314510	273
314520	266
314530	275
314540	283
314550	251
314560	280
314570	306
314580	294
314590	273
314600	288
314610	276
314620	236
314630	272
314640	303
314650	268
314660	289
314670	272
314680	272
314690	273
314700	299
314710	311
314720	284
314730	292
314740	311
314750	298
314760	312
314770	296
314780	278
314790	282
314800	281
314810	256
314820	281
314830	284
314840	276
314850	264
314860	268
314870	289
314880	295
314890	288
314900	288
314910	288
314920	294
314930	294
314940	313
314950	294
314960	258
314970	279
314980	276
314990	272
315000	285
315010	288
315020	274
315030	274
315040	250
315050	284
315060	291
315070	285
315080	301
315090	285
315100	285
315110	285
315120	260
315130	278
315140	278
315150	311
315160	296
315170	285
315180	289
315190	278
315200	284
315210	291
315220	291
315230	288
315240	282
315250	290
315260	312
315270	298
315280	324
315290	299
315300	295
315310	342
315320	280
315330	317
315340	295
315350	249
315360	274
315370	256
315380	282
315390	264
315400	257
315410	299
315420	298
315430	277
315440	284
315450	286
315460	291
315470	280
315480	279
315490	298
315500	295
315510	281
315520	294
315530	283
315540	262
315550	289
315560	283
315570	256
315580	267
315590	287
315600	300
315610	311
315620	283
315630	297
315640	307
315650	291
315660	272
315670	313
315680	290
315690	276
315700	290
315710	287
315720	285
315730	287
315740	287
315750	288
315760	278
315770	289
315780	273
315790	256
315800	287
315810	268
315820	313
315830	259
315840	277
315850	284
315860	257
315870	281
315880	274
315890	263
315900	283
315910	265
315920	279
315930	289
315940	283
315950	285
315960	307
315970	284
315980	293
315990	280
316000	315
316010	287
316020	308
316030	282
316040	287
316050	265
316060	285
316070	293
316080	272
316090	294
316100	269
316110	261
316120	289
316130	260
316140	292
316150	260
316160	268
316170	289
316180	281
316190	272
316200	293
316210	278
316220	282
316230	280
316240	269
316250	274
316260	311
316270	275
316280	292
316290	257
316300	273
316310	296
316320	282
316330	305
316340	283
316350	279
316360	281
316370	245
316380	287
316390	323
316400	285
316410	275
316420	248
316430	294
316440	293
316450	259
316460	307
316470	295
316480	320
316490	295
316500	275
316510	281
316520	298
316530	288
316540	271
316550	285
316560	281
316570	306
316580	261
316590	292
316600	308
316610	311
316620	301
316630	270
316640	288
316650	286
316660	286
316670	273
316680	271
316690	314
316700	282
316710	303
316720	273
316730	295
316740	316
316750	277
316760	268
316770	268
316780	262
316790	286
316800	285
316810	323
316820	295
316830	274
316840	298
316850	303
316860	289
316870	287
316880	289
316890	297
316900	264
316910	276
316920	333
316930	278
316940	285
316950	298
316960	277
316970	295
316980	283
316990	289
317000	267
317010	288
317020	285
317030	283
317040	289
317050	298
317060	303
317070	285
317080	278
317090	286
317100	290
317110	264
317120	282
317130	274
317140	274
317150	295
317160	271
317170	297
317180	318
317190	313
317200	286
317210	280
317220	286
317230	294
317240	328
317250	294
317260	271
317270	279
317280	291
317290	309
317300	278
317310	280
317320	276
317330	292
317340	283
317350	279
317360	281
317370	271
317380	266
317390	303
317400	277
317410	264
317420	277
317430	282
317440	289
317450	305
317460	285
317470	329
317480	274
317490	291
317500	280
317510	281
317520	314
317530	286
317540	284
317550	262
317560	293
317570	246
317580	267
317590	280
317600	282
317610	291
317620	272
317630	276
317640	276
317650	263
317660	289
317670	255
317680	278
317690	279
317700	276
317710	294
317720	285
317730	301
317740	246
317750	292
317760	287
317770	290
317780	276
317790	289
317800	272
317810	249
317820	276
317830	262
317840	273
317850	266
317860	290
317870	284
317880	279
317890	283
317900	279
317910	287
317920	283
317930	275
317940	322
317950	271
317960	306
317970	295
317980	290
317990	297
318000	278
318010	277
318020	296
318030	290
318040	262
318050	300
318060	274
318070	286
318080	286
318090	273
318100	314
318110	276
318120	276
318130	282
318140	295
318150	290
318160	278
318170	306
318180	302
318190	282
318200	302
318210	288
318220	285
318230	275
318240	275
318250	263
318260	268
318270	307
318280	266
318290	268
318300	300
318310	302
318320	261
318330	264
318340	296
318350	252
318360	299
318370	286
318380	277
318390	261
318400	277
318410	285
318420	299
318430	262
318440	283
318450	268
318460	295
318470	279
318480	323
318490	288
318500	283
318510	325
318520	273
318530	282
318540	261
318550	275
318560	297
318570	296
318580	289
318590	271
318600	273
318610	320
318620	294
318630	307
318640	280
318650	267
318660	269
318670	301
318680	277
318690	265
318700	286
318710	301
318720	284
318730	280
318740	292
318750	310
318760	309
318770	281
318780	297
318790	272
318800	294
318810	305
318820	300
318830	283
318840	278
318850	272
318860	290
318870	318
318880	275
318890	263
318900	271
318910	306
318920	275
318930	284
318940	286
318950	262
318960	275
318970	259
318980	290
318990	273
319000	306
319010	273
319020	305
319030	288
319040	281
319050	248
319060	287
319070	275
319080	278
319090	304
319100	289
319110	276
319120	297
319130	287
319140	279
319150	312
319160	321
319170	273
319180	285
319190	270
319200	289
319210	268
319220	283
319230	263
319240	291
319250	293
319260	279
319270	273
319280	292
319290	259
319300	277
319310	310
319320	307
319330	291
319340	287
319350	295
319360	273
319370	313
319380	294
319390	294
319400	276
319410	280
319420	288
319430	283
319440	263
319450	305
319460	283
319470	295
319480	302
319490	301
319500	289
319510	283
319520	288
319530	274
319540	260
319550	294
319560	293
319570	266
319580	251
319590	285
319600	289
319610	281
319620	319
319630	286
319640	278
319650	288
319660	282
319670	291
319680	251
319690	318
319700	300
319710	259
319720	272
319730	296
319740	263
319750	319
319760	327
319770	264
319780	271
319790	288
319800	284
319810	274
319820	314
319830	290
319840	312
319850	298
319860	282
319870	274
319880	291
319890	296
319900	264
319910	273
319920	255
319930	262
319940	299
319950	263
319960	283
319970	294
319980	298
319990	278
320000	286
320010	251
320020	280
320030	299
320040	283
320050	277
320060	290
320070	290
320080	288
320090	294
320100	243
320110	312
320120	261
320130	287
320140	295
320150	291
320160	257
320170	284
320180	275
320190	296
320200	310
320210	258
320220	277
320230	264
320240	284
320250	301
320260	252
320270	264
320280	275
320290	293
320300	282
320310	262
320320	272
320330	277
320340	286
320350	288
320360	288
320370	264
320380	275
320390	294
320400	280
320410	279
320420	265
320430	269
320440	276
320450	298
320460	286
320470	249
320480	303
320490	279
320500	306
320510	276
320520	272
320530	264
320540	293
320550	255
320560	301
320570	268
320580	291
320590	273
320600	273
320610	300
320620	298
320630	297
320640	297
320650	285
320660	313
320670	273
320680	252
320690	311
320700	280
320710	261
320720	298
320730	353
320740	270
320750	286
320760	299
320770	307
320780	273
320790	283
320800	280
320810	260
320820	280
320830	283
320840	305
320850	255
320860	262
320870	280
320880	281
320890	266
320900	313
320910	286
320920	279
320930	271
320940	297
320950	298
320960	301
320970	289
320980	281
320990	274
321000	262
321010	273
321020	294
321030	298
321040	294
321050	268
321060	281
321070	313
321080	282
321090	282
321100	294
321110	267
321120	273
321130	273
321140	302
321150	292
321160	316
321170	265
321180	289
321190	282
321200	288
321210	306
321220	301
321230	295
321240	279
321250	277
321260	278
321270	292
321280	268
321290	299
321300	298
321310	275
321320	289
321330	291
321340	280
321350	275
321360	288
321370	249
321380	268
321390	287
321400	281
321410	322
321420	290
321430	279
321440	306
321450	295
321460	306
321470	288
321480	279
321490	331
321500	278
321510	296
321520	297
321530	272
321540	312
321550	283
321560	265
321570	256
321580	294
321590	275
321600	268
321610	283
321620	280
321630	293
321640	282
321650	294
321660	296
321670	290
321680	292
321690	261
321700	263
321710	287
321720	284
321730	300
321740	284
321750	297
321760	270
321770	278
321780	275
321790	312
321800	275
321810	268
321820	284
321830	279
321840	287
321850	299
321860	282
321870	284
321880	272
321890	301
321900	296
321910	276
321920	275
321930	272
321940	320
321950	291
321960	300
321970	243
321980	275
321990	273
322000	302
322010	289
322020	290
322030	322
322040	279
322050	306
322060	288
322070	270
322080	288
322090	280
322100	298
322110	279
322120	299
322130	260
322140	294
322150	291
322160	275
322170	303
322180	284
322190	286
322200	294
322210	250
322220	277
322230	296
322240	280
322250	261
322260	240
322270	291
322280	274
322290	297
322300	276
322310	295
322320	284
322330	281
322340	301
322350	297
322360	292
322370	294
322380	297
322390	299
322400	268
322410	278
322420	265
322430	271
322440	250
322450	275
322460	311
322470	303
322480	296
322490	302
322500	256
322510	282
322520	296
322530	283
322540	304
322550	280
322560	291
322570	299
322580	302
322590	292
322600	270
322610	306
322620	255
322630	289
322640	305
322650	280
322660	293
322670	260
322680	291
322690	259
322700	275
322710	286
322720	269
322730	307
322740	288
322750	307
322760	294
322770	301
322780	277
322790	256
322800	287
322810	313
322820	287
322830	270
322840	294
322850	270
322860	272
322870	274
322880	277
322890	286
322900	270
322910	286
322920	275
322930	292
322940	273
322950	296
322960	286
322970	304
322980	288
322990	295
323000	300
323010	303
323020	302
323030	279
323040	279
323050	315
323060	307
323070	256
323080	292
323090	282
323100	275
323110	294
323120	295
323130	276
323140	304
323150	287
323160	290
323170	286
323180	289
323190	284
323200	276
323210	286
323220	284
323230	248
323240	280
323250	308
323260	302
323270	251
323280	287
323290	305
323300	258
323310	273
323320	296
323330	304
323340	280
323350	295
323360	264
323370	273
323380	287
323390	301
323400	296
323410	264
323420	250
323430	307
323440	307
323450	274
323460	291
323470	281
323480	280
323490	308
323500	299
323510	293
323520	276
323530	286
323540	304
323550	256
323560	303
323570	292
323580	280
323590	244
323600	259
323610	314
323620	268
323630	287
323640	254
323650	281
323660	289
323670	268
323680	280
323690	274
323700	269
323710	296
323720	262
323730	285
323740	282
323750	261
323760	302
323770	283
323780	235
323790	284
323800	277
323810	299
323820	284
323830	292
323840	288
323850	273
323860	286
323870	302
323880	295
323890	284
323900	292
323910	283
323920	308
323930	274
323940	281
323950	256
323960	313
323970	287
323980	288
323990	291
324000	281
324010	246
324020	271
324030	288
324040	277
324050	307
324060	275
324070	282
324080	263
324090	298
324100	264
324110	292
324120	282
324130	306
324140	292
324150	272
324160	275
324170	297
324180	265
324190	272
324200	295
324210	294
324220	254
324230	296
324240	298
324250	305
324260	261
324270	274
324280	282
324290	285
324300	258
324310	283
324320	274
324330	262
324340	290
324350	317
324360	264
324370	288
324380	278
324390	270
324400	288
324410	316
324420	299
324430	258
324440	292
324450	261
324460	252
324470	256
324480	264
324490	268
324500	301
324510	285
324520	294
324530	290
324540	286
324550	261
324560	271
324570	297
324580	295
324590	292
324600	267
324610	286
324620	319
324630	307
324640	283
324650	298
324660	270
324670	282
324680	306
324690	304
324700	292
324710	271
324720	268
324730	311
324740	287
324750	282
324760	275
324770	269
324780	253
324790	282
324800	289
324810	294
324820	314
324830	293
324840	281
324850	266
324860	261
324870	262
324880	288
324890	303
324900	265
324910	294
324920	336
324930	282
324940	273
324950	265
324960	283
324970	292
324980	281
324990	291
325000	307
325010	315
325020	288
325030	261
325040	289
325050	309
325060	268
325070	263
325080	286
325090	288
325100	329
325110	287
325120	293
325130	292
325140	275
325150	280
325160	281
325170	241
325180	309
325190	250
325200	283
325210	265
325220	286
325230	268
325240	265
325250	300
325260	277
325270	277
325280	269
325290	290
325300	269
325310	300
325320	274
325330	269
325340	303
325350	266
325360	261
325370	280
325380	283
325390	289
325400	283
325410	289
325420	306
325430	289
325440	292
325450	270
325460	297
325470	288
325480	267
325490	278
325500	280
325510	275
325520	292
325530	271
325540	287
325550	276
325560	303
325570	294
325580	281
325590	285
325600	288
325610	251
325620	301
325630	282
325640	255
325650	254
325660	284
325670	283
325680	264
325690	318
325700	291
325710	249
325720	282
325730	294
325740	296
325750	295
325760	295
325770	298
325780	288
325790	260
325800	271
325810	279
325820	292
325830	299
325840	288
325850	262
325860	250
325870	261
325880	273
325890	295
325900	282
325910	284
325920	301
325930	280
325940	318
325950	273
325960	291
325970	257
325980	280
325990	307
326000	250
326010	292
326020	257
326030	285
326040	262
326050	280
326060	254
326070	281
326080	286
326090	282
326100	264
326110	269
326120	283
326130	277
326140	280
326150	314
326160	291
326170	293
326180	283
326190	296
326200	270
326210	313
326220	292
326230	291
326240	271
326250	279
326260	264
326270	280
326280	294
326290	298
326300	259
326310	293
326320	287
326330	287
326340	267
326350	305
326360	308
326370	273
326380	285
326390	301
326400	258
326410	294
326420	259
326430	288
326440	270
326450	300
326460	307
326470	254
326480	271
326490	312
326500	295
326510	297
326520	291
326530	276
326540	309
326550	261
326560	287
326570	258
326580	286
326590	285
326600	282
326610	279
326620	284
326630	264
326640	312
326650	281
326660	272
326670	266
326680	263
326690	310
326700	269
326710	271
326720	283
326730	276
326740	282
326750	283
326760	273
326770	244
326780	294
326790	283
326800	286
326810	280
326820	313
326830	250
326840	277
326850	272
326860	291
326870	282
326880	277
326890	267
326900	281
326910	291
326920	290
326930	288
326940	274
326950	294
326960	322
326970	273
326980	285
326990	287
327000	305
327010	271
327020	283
327030	258
327040	287
327050	280
327060	283
327070	301
327080	319
327090	294
327100	264
327110	267
327120	309
327130	275
327140	311
327150	279
327160	320
327170	277
327180	328
327190	333
327200	284
327210	281
327220	264
327230	326
327240	285
327250	288
327260	281
327270	257
327280	267
327290	271
327300	275
327310	283
327320	288
327330	320
327340	281
327350	290
327360	270
327370	297
327380	286
327390	248
327400	252
327410	321
327420	286
327430	288
327440	263
327450	269
327460	268
327470	269
327480	280
327490	266
327500	267
327510	288
327520	245
327530	282
327540	267
327550	286
327560	300
327570	285
327580	315
327590	298
327600	262
327610	272
327620	305
327630	290
327640	291
327650	294
327660	297
327670	278
327680	288
327690	278
327700	274
327710	293
327720	259
327730	275
327740	286
327750	270
327760	265
327770	290
327780	263
327790	274
327800	262
327810	300
327820	310
327830	254
327840	286
327850	298
327860	263
327870	290
327880	291
327890	244
327900	275
327910	262
327920	299
327930	258
327940	299
327950	306
327960	286
327970	274
327980	289
327990	271
328000	281
328010	293
328020	263
328030	288
328040	299
328050	269
328060	293
328070	323
328080	271
328090	296
328100	302
328110	268
328120	279
328130	274
328140	259
328150	282
328160	295
328170	278
328180	273
328190	321
328200	281
328210	274
328220	256
328230	288
328240	293
328250	292
328260	259
328270	306
328280	279
328290	292
328300	259
328310	301
328320	284
328330	275
328340	288
328350	308
328360	293
328370	305
328380	265
328390	324
328400	292
328410	266
328420	277
328430	277
328440	301
328450	281
328460	268
328470	307
328480	292
328490	284
328500	284
328510	295
328520	289
328530	292
328540	289
328550	311
328560	262
328570	269
328580	272
328590	302
328600	291
328610	314
328620	280
328630	269
328640	279
328650	285
328660	291
328670	280
328680	263
328690	308
328700	289
328710	273
328720	275
328730	305
328740	270
328750	271
328760	280
328770	284
328780	295
328790	310
328800	287
328810	279
328820	304
328830	297
328840	284
328850	292
328860	285
328870	286
328880	262
328890	260
328900	260
328910	311
328920	281
328930	288
328940	278
328950	282
328960	306
328970	282
328980	286
328990	327
329000	289
329010	282
329020	287
329030	285
329040	271
329050	263
329060	270
329070	282
329080	301
329090	277
329100	262
329110	267
329120	280
329130	275
329140	293
329150	282
329160	276
329170	275
329180	266
329190	297
329200	278
329210	307
329220	296
329230	268
329240	292
329250	277
329260	304
329270	289
329280	271
329290	304
329300	262
329310	269
329320	279
329330	276
329340	277
329350	287
329360	268
329370	302
329380	282
329390	290
329400	251
329410	292
329420	313
329430	292
329440	335
329450	305
329460	291
329470	294
329480	284
329490	281
329500	277
329510	299
329520	297
329530	247
329540	264
329550	250
329560	291
329570	309
329580	261
329590	270
329600	284
329610	252
329620	262
329630	286
329640	276
329650	259
329660	253
329670	311
329680	293
329690	248
329700	299
329710	286
329720	273
329730	279
329740	274
329750	279
329760	278
329770	290
329780	286
329790	274
329800	291
329810	300
329820	301
329830	259
329840	280
329850	269
329860	288
329870	255
329880	262
329890	303
329900	314
329910	262
329920	282
329930	308
329940	273
329950	279
329960	273
329970	309
329980	320
329990	298
330000	255
330010	315
330020	284
330030	269
330040	274
330050	298
330060	299
330070	293
330080	248
330090	277
330100	290
330110	277
330120	309
330130	329
330140	282
330150	292
330160	307
330170	288
330180	266
330190	313
330200	272
330210	268
330220	270
330230	279
330240	259
330250	286
330260	267
330270	272
330280	281
330290	271
330300	280
330310	273
330320	309
330330	296
330340	256
330350	281
330360	266
330370	286
330380	269
330390	276
330400	305
330410	288
330420	273
330430	280
330440	289
330450	281
330460	278
330470	291
330480	289
330490	288
330500	288
330510	295
330520	270
330530	293
330540	297
330550	278
330560	292
330570	283
330580	301
330590	285
330600	270
330610	305
330620	286
330630	325
330640	261
330650	298
330660	272
330670	281
330680	284
330690	284
330700	296
330710	290
330720	285
330730	290
330740	300
330750	284
330760	286
330770	292
330780	301
330790	283
330800	295
330810	271
330820	260
330830	284
330840	310
330850	302
330860	316
330870	307
330880	300
330890	286
330900	244
330910	289
330920	261
330930	303
330940	314
330950	286
330960	273
330970	248
330980	262
330990	269
331000	278
331010	277
331020	302
331030	255
331040	300
331050	301
331060	269
331070	249
331080	269
331090	278
331100	282
331110	303
331120	303
331130	283
331140	268
331150	275
331160	312
331170	291
331180	302
331190	290
331200	250
331210	297
331220	296
331230	306
331240	304
331250	281
331260	293
331270	290
331280	304
331290	278
331300	269
331310	274
331320	289
331330	277
331340	293
331350	280
331360	269
331370	288
331380	316
331390	263
331400	299
331410	278
331420	287
331430	302
331440	280
331450	302
331460	274
331470	291
331480	280
331490	293
331500	296
331510	291
331520	288
331530	278
331540	282
331550	255
331560	283
331570	290
331580	250
331590	282
331600	284
331610	278
331620	297
331630	240
331640	244
331650	282
331660	303
331670	295
331680	278
331690	301
331700	267
331710	288
331720	270
331730	285
331740	283
331750	286
331760	306
331770	310
331780	305
331790	310
331800	277
331810	299
331820	261
331830	274
331840	259
331850	284
331860	298
331870	264
331880	346
331890	271
331900	271
331910	300
331920	260
331930	276
331940	300
331950	280
331960	257
331970	291
331980	279
331990	263
332000	265
332010	288
332020	306
332030	307
332040	275
332050	301
332060	293
332070	257
332080	289
332090	270
332100	286
332110	292
332120	305
332130	272
332140	292
332150	285
332160	285
332170	288
332180	291
332190	283
332200	269
332210	255
332220	281
332230	282
332240	282
332250	317
332260	314
332270	284
332280	274
332290	293
332300	288
332310	299
332320	296
332330	319
332340	287
332350	269
332360	265
332370	255
332380	289
332390	289
332400	268
332410	309
332420	292
332430	295
332440	294
332450	283
332460	282
332470	290
332480	306
332490	292
332500	281
332510	305
332520	268
332530	264
332540	271
332550	335
332560	289
332570	298
332580	304
332590	268
332600	265
332610	286
332620	296
332630	280
332640	289
332650	299
332660	298
332670	295
332680	272
332690	269
332700	265
332710	278
332720	272
332730	273
332740	300
332750	277
332760	311
332770	261
332780	295
332790	276
332800	276
332810	269
332820	272
332830	286
332840	273
332850	267
332860	293
332870	303
332880	269
332890	294
332900	293
332910	277
332920	292
332930	269
332940	289
332950	316
332960	298
332970	317
332980	290
332990	295
333000	286
333010	291
333020	293
333030	309
333040	278
333050	286
333060	280
333070	284
333080	266
333090	298
333100	299
333110	285
333120	256
333130	294
333140	270
333150	248
333160	302
333170	290
333180	281
333190	290
333200	304
333210	277
333220	285
333230	276
333240	267
333250	257
333260	284
333270	275
333280	283
333290	290
333300	317
333310	286
333320	278
333330	276
333340	292
333350	296
333360	300
333370	280
333380	255
333390	304
333400	292
333410	298
333420	277
333430	278
333440	290
333450	300
333460	284
333470	290
333480	264
333490	292
333500	273
333510	302
333520	298
333530	273
333540	286
333550	295
333560	258
333570	293
333580	271
333590	267
333600	250
333610	279
333620	251
333630	242
333640	299
333650	288
333660	283
333670	298
333680	300
333690	287
333700	299
333710	282
333720	274
333730	268
333740	257
333750	300
333760	315
333770	321
333780	287
333790	258
333800	270
333810	291
333820	309
333830	270
333840	305
333850	276
333860	292
333870	277
333880	332
333890	293
333900	291
333910	282
333920	307
333930	275
333940	256
333950	269
333960	272
333970	290
333980	290
333990	256
334000	292
334010	285
334020	303
334030	269
334040	250
334050	273
334060	287
334070	290
334080	271
334090	290
334100	284
334110	283
334120	286
334130	289
334140	297
334150	253
334160	291
334170	312
334180	268
334190	284
334200	287
334210	282
334220	298
334230	301
334240	327
334250	274
334260	287
334270	307
334280	289
334290	271
334300	273
334310	320
334320	320
334330	324
334340	280
334350	266
334360	306
334370	264
334380	246
334390	283
334400	296
334410	278
334420	285
334430	274
334440	293
334450	299
334460	271
334470	315
334480	289
334490	271
334500	271
334510	284
334520	280
334530	297
334540	272
334550	261
334560	305
334570	275
334580	268
334590	257
334600	305
334610	286
334620	272
334630	295
334640	290
334650	270
334660	271
334670	270
334680	274
334690	297
334700	300
334710	294
334720	286
334730	275
334740	283
334750	288
334760	284
334770	262
334780	268
334790	253
334800	287
334810	287
334820	240
334830	275
334840	300
334850	274
334860	264
334870	294
334880	282
334890	267
334900	278
334910	285
334920	313
334930	260
334940	288
334950	267
334960	276
334970	289
334980	288
334990	305
335000	277
335010	251
335020	293
335030	291
335040	276
335050	301
335060	288
335070	280
335080	305
335090	283
335100	282
335110	298
335120	274
335130	264
335140	246
335150	295
335160	259
335170	283
335180	303
335190	285
335200	282
335210	291
335220	293
335230	278
335240	280
335250	288
335260	284
335270	294
335280	277
335290	289
335300	259
335310	285
335320	297
335330	278
335340	303
335350	289
335360	277
335370	261
335380	276
335390	290
335400	286
335410	273
335420	250
335430	267
335440	304
335450	250
335460	265
335470	299
335480	288
335490	292
335500	299
335510	265
335520	316
335530	288
335540	286
335550	299
335560	285
335570	289
335580	264
335590	296
335600	310
335610	312
335620	291
335630	296
335640	278
335650	273
335660	322
335670	283
335680	269
335690	291
335700	277
335710	295
335720	286
335730	280
335740	275
335750	293
335760	260
335770	307
335780	301
335790	272
335800	260
335810	308
335820	280
335830	278
335840	295
335850	290
335860	279
335870	291
335880	242
335890	281
335900	293
335910	265
335920	271
335930	327
335940	271
335950	286
335960	272
335970	301
335980	277
335990	308
336000	290
336010	281
336020	303
336030	258
336040	296
336050	269
336060	301
336070	305
336080	274
336090	301
336100	305
336110	275
336120	288
336130	292
336140	286
336150	320
336160	292
336170	302
336180	293
336190	312
336200	290
336210	292
336220	312
336230	302
336240	290
336250	272
336260	291
336270	265
336280	261
336290	279
336300	273
336310	269
336320	288
336330	275
336340	287
336350	290
336360	289
336370	291
336380	303
336390	282
336400	278
336410	265
336420	301
336430	308
336440	278
336450	303
336460	283
336470	287
336480	294
336490	286
336500	267
336510	291
336520	317
336530	283
336540	299
336550	271
336560	291
336570	270
336580	285
336590	272
336600	285
336610	278
336620	278
336630	276
336640	277
336650	224
336660	269
336670	253
336680	292
336690	308
336700	291
336710	293
336720	277
336730	299
336740	254
336750	269
336760	257
336770	298
336780	271
336790	300
336800	281
336810	299
336820	278
336830	298
336840	268
336850	279
336860	277
336870	316
336880	280
336890	293
336900	295
336910	303
336920	265
336930	300
336940	292
336950	275
336960	263
336970	287
336980	276
336990	276
337000	236
337010	284
337020	279
337030	285
337040	279
337050	303
337060	256
337070	280
337080	266
337090	271
337100	287
337110	308
337120	299
337130	291
337140	300
337150	272
337160	291
337170	303
337180	279
337190	270
337200	295
337210	291
337220	310
337230	274
337240	311
337250	278
337260	269
337270	260
337280	304
337290	271
337300	287
337310	297
337320	278
337330	280
337340	304
337350	276
337360	265
337370	314
337380	270
337390	292
337400	288
337410	283
337420	244
337430	321
337440	273
337450	285
337460	272
337470	285
337480	311
337490	294
337500	291
337510	293
337520	300
337530	349
337540	305
337550	279
337560	282
337570	275
337580	298
337590	289
337600	297
337610	270
337620	278
337630	283
337640	267
337650	293
337660	300
337670	298
337680	309
337690	310
337700	282
337710	279
337720	306
337730	314
337740	293
337750	279
337760	282
337770	279
337780	277
337790	313
337800	281
337810	278
337820	281
337830	289
337840	305
337850	277
337860	275
337870	282
337880	271
337890	268
337900	282
337910	255
337920	280
337930	322
337940	278
337950	292
337960	271
337970	280
337980	290
337990	271
338000	294
338010	288
338020	297
338030	295
338040	294
338050	293
338060	281
338070	276
338080	290
338090	260
338100	285
338110	274
338120	299
338130	292
338140	259
338150	315
338160	262
338170	282
338180	290
338190	283
338200	277
338210	297
338220	292
338230	278
338240	246
338250	247
338260	258
338270	304
338280	285
338290	290
338300	262
338310	292
338320	298
338330	257
338340	262
338350	282
338360	318
338370	286
338380	277
338390	291
338400	254
338410	304
338420	269
338430	277
338440	291
338450	268
338460	289
338470	260
338480	287
338490	285
338500	293
338510	279
338520	281
338530	289
338540	289
338550	278
338560	273
338570	279
338580	290
338590	281
338600	294
338610	273
338620	273
338630	288
338640	293
338650	280
338660	309
338670	283
338680	293
338690	283
338700	301
338710	278
338720	282
338730	281
338740	264
338750	270
338760	301
338770	318
338780	281
338790	303
338800	285
338810	277
338820	281
338830	296
338840	331
338850	254
338860	304
338870	277
338880	288
338890	302
338900	239
338910	300
338920	290
338930	290
338940	276
338950	287
338960	284
338970	278
338980	315
338990	287
339000	293
339010	259
339020	269
339030	309
339040	290
339050	291
339060	254
339070	282
339080	248
339090	290
339100	315
339110	301
339120	254
339130	302
339140	301
339150	284
339160	275
339170	301
339180	285
339190	283
339200	286
339210	269
339220	278
339230	303
339240	249
339250	267
339260	249
339270	260
339280	279
339290	293
339300	299
339310	298
339320	287
339330	291
339340	302
339350	252
339360	280
339370	275
339380	263
339390	287
339400	284
339410	286
339420	303
339430	268
339440	296
339450	266
339460	267
339470	298
339480	293
339490	275
339500	267
339510	282
339520	303
339530	255
339540	278
339550	254
339560	295
339570	279
339580	285
339590	270
339600	283
339610	291
339620	314
339630	298
339640	269
339650	298
339660	292
339670	253
339680	253
339690	284
339700	262
339710	276
339720	253
339730	270
339740	282
339750	306
339760	289
339770	329
339780	305
339790	274
339800	298
339810	301
339820	271
339830	274
339840	290
339850	309
339860	317
339870	280
339880	257
339890	307
339900	323
339910	263
339920	267
339930	292
339940	294
339950	310
339960	260
339970	265
339980	279
339990	277
340000	275
340010	301
340020	279
340030	326
340040	270
340050	296
340060	235
340070	255
340080	297
340090	278
340100	291
340110	292
340120	274
340130	254
340140	269
340150	302
340160	278
340170	295
340180	300
340190	262
340200	257
340210	267
340220	300
340230	282
340240	288
340250	303
340260	298
340270	312
340280	286
340290	276
340300	267
340310	280
340320	281
340330	256
340340	313
340350	286
340360	313
340370	280
340380	264
340390	280
340400	287
340410	281
340420	300
340430	281
340440	303
340450	268
340460	292
340470	276
340480	259
340490	279
340500	267
340510	295
340520	317
340530	304
340540	283
340550	295
340560	280
340570	291
340580	277
340590	309
340600	281
340610	314
340620	280
340630	302
340640	304
340650	255
340660	281
340670	296
340680	275
340690	275
340700	298
340710	267
340720	283
340730	279
340740	320
340750	324
340760	285
340770	283
340780	284
340790	308
340800	296
340810	297
340820	279
340830	288
340840	287
340850	276
340860	277
340870	271
340880	281
340890	295
340900	313
340910	293
340920	299
340930	285
340940	308
340950	288
340960	277
340970	287
340980	288
340990	306
341000	255
341010	267
341020	269
341030	306
341040	248
341050	279
341060	290
341070	324
341080	293
341090	278
341100	285
341110	256
341120	283
341130	279
341140	243
341150	308
341160	286
341170	278
341180	261
341190	278
341200	301
341210	279
341220	304
341230	279
341240	299
341250	297
341260	278
341270	287
341280	290
341290	313
341300	314
341310	315
341320	293
341330	302
341340	294
341350	288
341360	298
341370	290
341380	291
341390	287
341400	323
341410	265
341420	286
341430	269
341440	277
341450	251
341460	273
341470	287
341480	282
341490	262
341500	293
341510	288
341520	288
341530	330
341540	269
341550	300
341560	263
341570	279
341580	273
341590	306
341600	273
341610	274
341620	270
341630	259
341640	260
341650	294
341660	277
341670	287
341680	305
341690	293
341700	305
341710	275
341720	313
341730	282
341740	277
341750	281
341760	302
341770	282
341780	279
341790	306
341800	280
341810	281
341820	270
341830	283
341840	289
341850	303
341860	300
341870	291
341880	313
341890	275
341900	294
341910	286
341920	282
341930	295
341940	283
341950	251
341960	283
341970	285
341980	303
341990	238
342000	299
342010	290
342020	276
342030	280
342040	271
342050	299
342060	277
342070	268
342080	280
342090	283
342100	260
342110	294
342120	268
342130	305
342140	272
342150	283
342160	261
342170	288
342180	266
342190	289
342200	303
342210	256
342220	282
342230	294
342240	281
342250	277
342260	270
342270	301
342280	270
342290	263
342300	289
342310	301
342320	279
342330	305
342340	262
342350	301
342360	273
342370	262
342380	263
342390	267
342400	293
342410	258
342420	298
342430	306
342440	297
342450	310
342460	282
342470	291
342480	262
342490	281
342500	291
342510	276
342520	286
342530	295
342540	272
342550	291
342560	260
342570	275
342580	317
342590	314
342600	263
342610	275
342620	301
342630	276
342640	323
342650	300
342660	280
342670	291
342680	293
342690	284
342700	277
342710	274
342720	294
342730	296
342740	282
342750	256
342760	269
342770	268
342780	290
342790	278
342800	261
342810	267
342820	275
342830	269
342840	261
342850	292
342860	274
342870	260
342880	275
342890	289
342900	262
342910	290
342920	281
342930	273
342940	279
342950	275
342960	285
342970	317
342980	280
342990	261
343000	271
343010	286
343020	283
343030	288
343040	259
343050	259
343060	286
343070	275
343080	285
343090	280
343100	285
343110	283
343120	278
343130	277
343140	260
343150	303
343160	299
343170	257
343180	256
343190	287
343200	293
343210	285
343220	302
343230	289
343240	264
343250	298
343260	311
343270	271
343280	261
343290	283
343300	285
343310	252
343320	270
343330	295
343340	268
343350	264
343360	288
343370	272
343380	259
343390	270
343400	290
343410	323
343420	247
343430	301
343440	300
343450	281
343460	250
343470	260
343480	299
343490	305
343500	259
343510	303
343520	275
343530	299
343540	265
343550	279
343560	270
343570	262
343580	276
343590	268
343600	296
343610	297
343620	284
343630	296
343640	277
343650	307
343660	297
343670	279
343680	273
343690	274
343700	278
343710	312
343720	287
343730	256
343740	321
343750	279
343760	309
343770	281
343780	294
343790	279
343800	284
343810	306
343820	258
343830	282
343840	275
343850	312
343860	285
343870	289
343880	266
343890	253
343900	264
343910	290
343920	274
343930	274
343940	307
343950	290
343960	244
343970	320
343980	283
343990	307
344000	284
344010	317
344020	268
344030	293
344040	307
344050	292
344060	283
344070	294
344080	293
344090	276
344100	311
344110	281
344120	298
344130	266
344140	289
344150	244
344160	293
344170	285
344180	298
344190	290
344200	284
344210	296
344220	274
344230	270
344240	291
344250	292
344260	316
344270	298
344280	294
344290	279
344300	265
344310	243
344320	253
344330	288
344340	288
344350	251
344360	282
344370	277
344380	283
344390	258
344400	287
344410	295
344420	279
344430	283
344440	289
344450	310
344460	271
344470	274
344480	292
344490	307
344500	282
344510	299
344520	269
344530	274
344540	279
344550	285
344560	311
344570	264
344580	279
344590	275
344600	262
344610	307
344620	262
344630	279
344640	275
344650	270
344660	300
344670	267
344680	303
344690	260
344700	299
344710	257
344720	279
344730	289
344740	259
344750	266
344760	271
344770	319
344780	274
344790	274
344800	262
344810	280
344820	275
344830	263
344840	307
344850	287
344860	301
344870	272
344880	259
344890	284
344900	304
344910	267
344920	260
344930	278
344940	279
344950	255
344960	302
344970	276
344980	290
344990	286
345000	285
345010	279
345020	268
345030	292
345040	296
345050	276
345060	293
345070	298
345080	282
345090	319
345100	293
345110	280
345120	263
345130	260
345140	294
345150	309
345160	250
345170	288
345180	261
345190	276
345200	261
345210	254
345220	274
345230	302
345240	315
345250	297
345260	283
345270	294
345280	287
345290	289
345300	284
345310	294
345320	282
345330	254
345340	273
345350	277
345360	279
345370	288
345380	289
345390	280
345400	303
345410	326
345420	302
345430	285
345440	253
345450	277
345460	301
345470	275
345480	285
345490	266
345500	280
345510	291
345520	308
345530	300
345540	319
345550	293
345560	250
345570	291
345580	312
345590	322
345600	280
345610	284
345620	285
345630	308
345640	307
345650	290
345660	284
345670	313
345680	301
345690	274
345700	298
345710	299
345720	276
345730	284
345740	297
345750	302
345760	294
345770	262
345780	288
345790	290
345800	277
345810	278
345820	293
345830	265
345840	264
345850	263
345860	262
345870	284
345880	280
345890	297
345900	319
345910	299
345920	262
345930	250
345940	262
345950	266
345960	285
345970	264
345980	295
345990	258
346000	241
346010	269
346020	270
346030	285
346040	294
346050	259
346060	275
346070	246
346080	305
346090	272
346100	287
346110	303
346120	285
346130	269
346140	286
346150	280
346160	283
346170	289
346180	275
346190	269
346200	279
346210	287
346220	281
346230	301
346240	314
346250	276
346260	307
346270	267
346280	309
346290	308
346300	270
346310	274
346320	293
346330	302
346340	306
346350	288
346360	289
346370	286
346380	249
346390	277
346400	299
346410	262
346420	296
346430	247
346440	268
346450	316
346460	252
346470	266
346480	292
346490	286
346500	274
346510	270
346520	324
346530	262
346540	295
346550	265
346560	276
346570	276
346580	285
346590	318
346600	278
346610	302
346620	297
346630	312
346640	289
346650	277
346660	274
346670	280
346680	292
346690	281
346700	275
346710	298
346720	312
346730	271
346740	302
346750	297
346760	285
346770	276
346780	278
346790	260
346800	301
346810	293
346820	281
346830	287
346840	284
346850	282
346860	265
346870	283
346880	300
346890	290
346900	303
346910	291
346920	274
346930	277
346940	279
346950	296
346960	293
346970	285
346980	295
346990	291
347000	267
347010	251
347020	307
347030	268
347040	285
347050	278
347060	272
347070	310
347080	271
347090	322
347100	302
347110	297
347120	297
347130	285
347140	316
347150	277
347160	281
347170	284
347180	291
347190	328
347200	283
347210	311
347220	300
347230	247
347240	309
347250	276
347260	274
347270	280
347280	261
347290	282
347300	318
347310	293
347320	279
347330	287
347340	278
347350	265
347360	263
347370	262
347380	276
347390	318
347400	306
347410	278
347420	272
347430	289
347440	259
347450	268
347460	283
347470	289
347480	283
347490	266
347500	286
347510	297
347520	307
347530	270
347540	280
347550	299
347560	289
347570	270
347580	261
347590	283
347600	285
347610	290
347620	270
347630	283
347640	330
347650	273
347660	274
347670	271
347680	278
347690	302
347700	300
347710	332
347720	268
347730	294
347740	286
347750	312
347760	274
347770	299
347780	271
347790	261
347800	309
347810	280
347820	317
347830	287
347840	298
347850	306
347860	285
347870	291
347880	294
347890	294
347900	264
347910	299
347920	301
347930	274
347940	292
347950	296
347960	280
347970	278
347980	313
347990	280
348000	309
348010	298
348020	271
348030	303
348040	290
348050	290
348060	271
348070	261
348080	289
348090	288
348100	290
348110	263
348120	275
348130	301
348140	278
348150	278
348160	289
348170	284
348180	274
348190	281
348200	265
348210	310
348220	287
348230	288
348240	288
348250	275
348260	258
348270	297
348280	330
348290	300
348300	306
348310	288
348320	295
348330	308
348340	306
348350	291
348360	311
348370	292
348380	295
348390	240
348400	265
348410	316
348420	275
348430	274
348440	262
348450	260
348460	283
348470	293
348480	287
348490	263
348500	266
348510	255
348520	322
348530	295
348540	306
348550	273
348560	261
348570	302
348580	257
348590	281
348600	294
348610	281
348620	247
348630	318
348640	285
348650	250
348660	279
348670	304
348680	284
348690	254
348700	289
348710	298
348720	292
348730	279
348740	281
348750	283
348760	265
348770	307
348780	256
348790	302
348800	292
348810	260
348820	293
348830	273
348840	303
348850	284
348860	295
348870	303
348880	284
348890	298
348900	318
348910	301
348920	273
348930	283
348940	316
348950	298
348960	262
348970	269
348980	287
348990	287
349000	298
349010	278
349020	276
349030	279
349040	280
349050	304
349060	276
349070	261
349080	289
349090	303
349100	270
349110	280
349120	269
349130	266
349140	263
349150	308
349160	303
349170	282
349180	287
349190	321
349200	303
349210	261
349220	303
349230	291
349240	297
349250	286
349260	280
349270	300
349280	294
349290	293
349300	284
349310	301
349320	284
349330	276
349340	293
349350	281
349360	279
349370	261
349380	267
349390	289
349400	312
349410	284
349420	283
349430	263
349440	286
349450	318
349460	306
349470	305
349480	283
349490	320
349500	273
349510	284
349520	298
349530	271
349540	256
349550	307
349560	272
349570	257
349580	280
349590	285
349600	267
349610	277
349620	295
349630	299
349640	290
349650	276
349660	300
349670	280
349680	280
349690	287
349700	292
349710	283
349720	253
349730	303
349740	291
349750	284
349760	288
349770	308
349780	275
349790	257
349800	277
349810	292
349820	293
349830	236
349840	251
349850	302
349860	250
349870	295
349880	260
349890	289
349900	271
349910	269
349920	282
349930	284
349940	282
349950	266
349960	293
349970	288
349980	280
349990	336
350000	270
350010	335
350020	293
350030	338
350040	313
350050	309
350060	295
350070	287
350080	296
350090	253
350100	303
350110	281
350120	262
350130	256
350140	256
350150	282
350160	296
350170	290
350180	276
350190	300
350200	274
350210	290
350220	276
350230	282
350240	305
350250	256
350260	308
350270	296
350280	299
350290	270
350300	288
350310	255
350320	278
350330	301
350340	278
350350	293
350360	282
350370	320
350380	298
350390	272
350400	268
350410	274
350420	308
350430	278
350440	292
350450	284
350460	285
350470	299
350480	293
350490	292
350500	273
350510	272
350520	279
350530	271
350540	313
350550	308
350560	303
350570	299
350580	264
350590	294
350600	300
350610	276
350620	281
350630	288
350640	297
350650	289
350660	277
350670	302
350680	292
350690	277
350700	288
350710	277
350720	275
350730	303
350740	302
350750	272
350760	263
350770	282
350780	323
350790	293
350800	309
350810	270
350820	328
350830	308
350840	306
350850	264
350860	266
350870	259
350880	292
350890	298
350900	300
350910	255
350920	272
350930	307
350940	259
350950	295
350960	290
350970	270
350980	274
350990	304
351000	293
351010	297
351020	284
351030	292
351040	294
351050	273
351060	285
351070	266
351080	279
351090	266
351100	296
351110	266
351120	289
351130	311
351140	253
351150	252
351160	301
351170	278
351180	286
351190	319
351200	281
351210	304
351220	270
351230	239
351240	300
351250	278
351260	280
351270	297
351280	302
351290	278
351300	287
351310	292
351320	268
351330	273
351340	273
351350	252
351360	265
351370	289
351380	300
351390	281
351400	303
351410	265
351420	285
351430	279
351440	310
351450	298
351460	302
351470	303
351480	291
351490	277
351500	310
351510	286
351520	241
351530	265
351540	308
351550	291
351560	279
351570	277
351580	295
351590	271
351600	292
351610	283
351620	294
351630	271
351640	267
351650	296
351660	267
351670	287
351680	267
351690	292
351700	282
351710	296
351720	285
351730	300
351740	317
351750	311
351760	287
351770	269
351780	284
351790	266
351800	289
351810	284
351820	303
351830	313
351840	298
351850	262
351860	280
351870	287
351880	311
351890	277
351900	272
351910	286
351920	288
351930	307
351940	311
351950	270
351960	289
351970	282
351980	298
351990	290
352000	267
352010	277
352020	298
352030	280
352040	314
352050	265
352060	281
352070	270
352080	308
352090	296
352100	276
352110	279
352120	291
352130	265
352140	279
352150	258
352160	309
352170	294
352180	262
352190	289
352200	286
352210	292
352220	297
352230	302
352240	291
352250	266
352260	306
352270	304
352280	278
352290	284
352300	283
352310	265
352320	280
352330	276
352340	282
352350	289
352360	284
352370	301
352380	289
352390	292
352400	250
352410	290
352420	282
352430	293
352440	289
352450	298
352460	278
352470	301
352480	243
352490	306
352500	272
352510	254
352520	298
352530	305
352540	280
352550	251
352560	296
352570	268
352580	243
352590	270
352600	292
352610	246
352620	297
352630	271
352640	235
352650	264
352660	283
352670	291
352680	308
352690	304
352700	283
352710	289
352720	276
352730	313
352740	274
352750	293
352760	270
352770	273
352780	285
352790	274
352800	256
352810	256
352820	292
352830	260
352840	299
352850	277
352860	311
352870	289
352880	338
352890	307
352900	276
352910	291
352920	274
352930	276
352940	276
352950	265
352960	291
352970	265
352980	269
352990	299
353000	242
353010	258
353020	298
353030	296
353040	296
353050	270
353060	304
353070	297
353080	293
353090	267
353100	277
353110	264
353120	272
353130	286
353140	279
353150	268
353160	267
353170	294
353180	303
353190	309
353200	268
353210	307
353220	267
353230	274
353240	270
353250	279
353260	292
353270	291
353280	283
353290	268
353300	273
353310	274
353320	260
353330	264
353340	306
353350	305
353360	306
353370	280
353380	288
353390	284
353400	269
353410	275
353420	308
353430	300
353440	263
353450	340
353460	250
353470	264
353480	241
353490	262
353500	242
353510	282
353520	272
353530	305
353540	289
353550	306
353560	285
353570	308
353580	308
353590	277
353600	272
353610	283
353620	288
353630	235
353640	271
353650	259
353660	308
353670	270
353680	275
353690	289
353700	267
353710	282
353720	281
353730	300
353740	281
353750	267
353760	285
353770	317
353780	317
353790	285
353800	241
353810	280
353820	249
353830	257
353840	270
353850	320
353860	287
353870	292
353880	271
353890	300
353900	297
353910	273
353920	290
353930	279
353940	321
353950	306
353960	284
353970	264
353980	271
353990	284
354000	298
354010	279
354020	283
354030	269
354040	300
354050	275
354060	280
354070	281
354080	285
354090	270
354100	269
354110	310
354120	257
354130	302
354140	277
354150	288
354160	274
354170	300
354180	288
354190	260
354200	260
354210	290
354220	304
354230	297
354240	286
354250	320
354260	309
354270	260
354280	279
354290	297
354300	291
354310	297
354320	286
354330	300
354340	251
354350	251
354360	301
354370	295
354380	285
354390	276
354400	271
354410	274
354420	306
354430	318
354440	276
354450	289
354460	274
354470	286
354480	276
354490	263
354500	302
354510	257
354520	271
354530	281
354540	260
354550	271
354560	279
354570	281
354580	288
354590	279
354600	286
354610	261
354620	284
354630	286
354640	290
354650	278
354660	291
354670	259
354680	275
354690	266
354700	296
354710	278
354720	277
354730	245
354740	290
354750	300
354760	277
354770	296
354780	252
354790	274
354800	296
354810	312
354820	277
354830	285
354840	298
354850	272
354860	288
354870	253
354880	289
354890	293
354900	291
354910	271
354920	296
354930	288
354940	300
354950	307
354960	266
354970	281
354980	284
354990	280
355000	281
355010	264
355020	274
355030	292
355040	265
355050	310
355060	280
355070	257
355080	280
355090	301
355100	301
355110	290
355120	234
355130	307
355140	302
355150	258
355160	281
355170	271
355180	284
355190	244
355200	264
355210	266
355220	282
355230	270
355240	259
355250	269
355260	274
355270	263
355280	281
355290	292
355300	279
355310	286
355320	261
355330	276
355340	291
355350	287
355360	284
355370	288
355380	311
355390	264
355400	294
355410	261
355420	277
355430	275
355440	303
355450	276
355460	293
355470	293
355480	279
355490	298
355500	305
355510	278
355520	283
355530	303
355540	292
355550	283
355560	260
355570	297
355580	296
355590	259
355600	302
355610	306
355620	254
355630	286
355640	312
355650	296
355660	264
355670	265
355680	273
355690	254
355700	307
355710	262
355720	280
355730	288
355740	273
355750	282
355760	271
355770	266
355780	275
355790	281
355800	295
355810	278
355820	284
355830	260
355840	296
355850	263
355860	290
355870	246
355880	298
355890	268
355900	291
355910	263
355920	282
355930	279
355940	291
355950	284
355960	246
355970	300
355980	282
355990	285
356000	293
356010	286
356020	276
356030	259
356040	277
356050	263
356060	248
356070	272
356080	300
356090	259
356100	282
356110	297
356120	301
356130	298
356140	287
356150	299
356160	272
356170	305
356180	281
356190	291
356200	294
356210	292
356220	293
356230	289
356240	290
356250	298
356260	263
356270	275
356280	280
356290	300
356300	284
356310	298
356320	278
356330	286
356340	293
356350	288
356360	285
356370	296
356380	273
356390	292
356400	288
356410	258
356420	269
356430	289
356440	284
356450	282
356460	308
356470	261
356480	252
356490	282
356500	307
356510	288
356520	308
356530	274
356540	289
356550	278
356560	266
356570	289
356580	265
356590	309
356600	281
356610	296
356620	293
356630	299
356640	268
356650	223
356660	291
356670	280
356680	266
356690	264
356700	259
356710	291
356720	282
356730	282
356740	299
356750	312
356760	277
356770	299
356780	312
356790	291
356800	287
356810	266
356820	278
356830	289
356840	278
356850	295
356860	265
356870	285
356880	270
356890	254
356900	280
356910	267
356920	273
356930	273
356940	265
356950	277
356960	291
356970	287
356980	293
356990	260
357000	307
357010	283
357020	288
357030	307
357040	279
357050	289
357060	272
357070	274
357080	333
357090	299
357100	285
357110	285
357120	276
357130	282
357140	287
357150	316
357160	266
357170	323
357180	278
357190	295
357200	287
357210	246
357220	262
357230	279
357240	272
357250	314
357260	275
357270	266
357280	293
357290	300
357300	294
357310	289
357320	266
357330	271
357340	297
357350	290
357360	252
357370	288
357380	316
357390	289
357400	264
357410	294
357420	275
357430	295
357440	267
357450	282
357460	301
357470	279
357480	281
357490	297
357500	305
357510	267
357520	293
357530	294
357540	274
357550	268
357560	288
357570	272
357580	263
357590	307
357600	268
357610	282
357620	291
357630	302
357640	295
357650	264
357660	263
357670	286
357680	288
357690	281
357700	277
357710	277
357720	300
357730	307
357740	294
357750	297
357760	276
357770	294
357780	265
357790	307
357800	300
357810	303
357820	299
357830	288
357840	272
357850	284
357860	259
357870	295
357880	271
357890	293
357900	285
357910	282
357920	296
357930	258
357940	277
357950	315
357960	258
357970	273
357980	264
357990	252
358000	274
358010	284
358020	308
358030	278
358040	262
358050	289
358060	281
358070	302
358080	274
358090	273
358100	293
358110	266
358120	278
358130	291
358140	258
358150	275
358160	288
358170	281
358180	280
358190	282
358200	273
358210	274
358220	280
358230	295
358240	294
358250	298
358260	265
358270	286
358280	273
358290	279
358300	324
358310	302
358320	284
358330	284
358340	294
358350	281
358360	290
358370	286
358380	295
358390	277
358400	275
358410	294
358420	279
358430	272
358440	280
358450	267
358460	299
358470	323
358480	292
358490	284
358500	291
358510	271
358520	281
358530	279
358540	278
358550	273
358560	286
358570	253
358580	319
358590	277
358600	281
358610	288
358620	275
358630	275
358640	271
358650	282
358660	270
358670	310
358680	264
358690	286
358700	287
358710	288
358720	247
358730	269
358740	266
358750	253
358760	284
358770	272
358780	264
358790	261
358800	307
358810	291
358820	252
358830	315
358840	288
358850	302
358860	285
358870	278
358880	284
358890	249
358900	272
358910	294
358920	299
358930	279
358940	283
358950	259
358960	274
358970	265
358980	273
358990	286
359000	270
359010	295
359020	320
359030	282
359040	304
359050	301
359060	287
359070	299
359080	284
359090	265
359100	306
359110	265
359120	265
359130	291
359140	259
359150	291
359160	269
359170	280
359180	283
359190	272
359200	293
359210	289
359220	281
359230	295
359240	266
359250	260
359260	283
359270	305
359280	312
359290	278
359300	292
359310	301
359320	311
359330	270
359340	287
359350	279
359360	289
359370	274
359380	296
359390	292
359400	287
359410	277
359420	270
359430	280
359440	268
359450	287
359460	314
359470	307
359480	294
359490	305
359500	267
359510	291
359520	289
359530	290
359540	307
359550	291
359560	244
359570	281
359580	287
359590	313
359600	296
359610	284
359620	291
359630	317
359640	286
359650	293
359660	310
359670	281
359680	287
359690	298
359700	290
359710	284
359720	302
359730	280
359740	278
359750	321
359760	315
359770	262
359780	291
359790	271
359800	297
359810	272
359820	256
359830	263
359840	305
359850	262
359860	291
359870	276
359880	331
359890	290
359900	295
359910	298
359920	282
359930	325
359940	284
359950	272
359960	281
359970	269
359980	286
359990	300
360000	266
360010	285
360020	314
360030	306
360040	326
360050	302
360060	293
360070	267
360080	288
360090	281
360100	270
360110	267
360120	263
360130	291
360140	317
360150	297
360160	268
360170	294
360180	293
360190	296
360200	261
360210	283
360220	276
360230	251
360240	289
360250	271
360260	246
360270	251
360280	268
360290	286
360300	270
360310	237
360320	299
360330	276
360340	287
360350	281
360360	279
360370	310
360380	306
360390	264
360400	273
360410	299
360420	306
360430	287
360440	296
360450	281
360460	282
360470	300
360480	283
360490	258
360500	277
360510	283
360520	266
360530	267
360540	282
360550	294
360560	270
360570	264
360580	283
360590	291
360600	281
360610	268
360620	274
360630	277
360640	272
360650	278
360660	280
360670	243
360680	311
360690	286
360700	257
360710	291
360720	296
360730	307
360740	321
360750	288
360760	284
360770	282
360780	288
360790	281
360800	286
360810	284
360820	295
360830	268
360840	272
360850	289
360860	277
360870	295
360880	310
360890	296
360900	277
360910	306
360920	303
360930	301
360940	266
360950	293
360960	322
360970	284
360980	288
360990	266
361000	288
361010	306
361020	288
361030	283
361040	300
361050	272
361060	289
361070	284
361080	277
361090	265
361100	293
361110	262
361120	291
361130	306
361140	277
361150	311
361160	309
361170	301
361180	283
361190	281
361200	271
361210	271
361220	273
361230	289
361240	269
361250	314
361260	266
361270	304
361280	284
361290	272
361300	232
361310	279
361320	291
361330	274
361340	287
361350	286
361360	265
361370	284
361380	297
361390	288
361400	286
361410	262
361420	242
361430	299
361440	263
361450	288
361460	278
361470	285
361480	277
361490	269
361500	292
361510	276
361520	298
361530	270
361540	294
361550	259
361560	248
361570	298
361580	280
361590	273
361600	295
361610	293
361620	267
361630	284
361640	293
361650	265
361660	291
361670	294
361680	254
361690	291
361700	289
361710	310
361720	262
361730	267
361740	309
361750	261
361760	264
361770	253
361780	298
361790	328
361800	326
361810	268
361820	296
361830	299
361840	281
361850	274
361860	271
361870	267
361880	261
361890	311
361900	262
361910	292
361920	265
361930	296
361940	284
361950	270
361960	275
361970	289
361980	287
361990	268
362000	303
362010	292
362020	278
362030	252
362040	275
362050	298
362060	268
362070	265
362080	267
362090	275
362100	301
362110	284
362120	279
362130	280
362140	276
362150	306
362160	250
362170	284
362180	313
362190	287
362200	295
362210	270
362220	256
362230	291
362240	309
362250	332
362260	294
362270	280
362280	297
362290	268
362300	279
362310	237
362320	290
362330	286
362340	279
362350	273
362360	267
362370	264
362380	289
362390	304
362400	294
362410	263
362420	277
362430	286
362440	264
362450	276
362460	303
362470	267
362480	274
362490	297
362500	274
362510	277
362520	277
362530	251
362540	293
362550	277
362560	269
362570	283
362580	295
362590	275
362600	295
362610	281
362620	291
362630	291
362640	262
362650	301
362660	284
362670	292
362680	293
362690	291
362700	274
362710	304
362720	294
362730	305
362740	277
362750	265
362760	278
362770	277
362780	286
362790	290
362800	252
362810	284
362820	244
362830	233
362840	298
362850	310
362860	297
362870	264
362880	274
362890	284
362900	270
362910	280
362920	305
362930	288
362940	262
362950	290
362960	322
362970	278
362980	276
362990	318
363000	288
363010	299
363020	271
363030	259
363040	279
363050	288
363060	277
363070	284
363080	259
363090	262
363100	323
363110	306
363120	294
363130	282
363140	298
363150	260
363160	248
363170	313
363180	274
363190	266
363200	287
363210	260
363220	307
363230	295
363240	260
363250	287
363260	291
363270	290
363280	288
363290	259
363300	283
363310	299
363320	258
363330	284
363340	256
363350	282
363360	282
363370	283
363380	270
363390	301
363400	262
363410	294
363420	286
363430	285
363440	269
363450	285
363460	285
363470	272
363480	243
363490	305
363500	271
363510	277
363520	300
363530	298
363540	260
363550	278
363560	297
363570	276
363580	280
363590	274
363600	304
363610	259
363620	318
363630	307
363640	278
363650	285
363660	281
363670	276
363680	257
363690	295
363700	295
363710	266
363720	280
363730	307
363740	301
363750	288
363760	286
363770	297
363780	275
363790	290
363800	272
363810	277
363820	285
363830	300
363840	292
363850	322
363860	313
363870	315
363880	283
363890	285
363900	253
363910	290
363920	289
363930	254
363940	291
363950	280
363960	316
363970	311
363980	319
363990	288
364000	301
364010	273
364020	265
364030	280
364040	266
364050	286
364060	278
364070	266
364080	318
364090	288
364100	304
364110	306
364120	292
364130	279
364140	290
364150	302
364160	265
364170	230
364180	271
364190	266
364200	275
364210	295
364220	263
364230	265
364240	313
364250	308
364260	287
364270	250
364280	294
364290	265
364300	292
364310	299
364320	322
364330	295
364340	284
364350	299
364360	255
364370	298
364380	293
364390	289
364400	282
364410	246
364420	283
364430	289
364440	282
364450	274
364460	290
364470	290
364480	272
364490	288
364500	288
364510	306
364520	276
364530	290
364540	274
364550	282
364560	314
364570	295
364580	288
364590	258
364600	308
364610	300
364620	305
364630	280
364640	313
364650	277
364660	285
364670	325
364680	277
364690	299
364700	273
364710	310
364720	286
364730	312
364740	276
364750	282
364760	272
364770	271
364780	251
364790	301
364800	273
364810	279
364820	287
364830	283
364840	265
364850	263
364860	281
364870	292
364880	286
364890	306
364900	281
364910	283
364920	275
364930	279
364940	287
364950	282
364960	249
364970	284
364980	292
364990	263
365000	284
365010	291
365020	293
365030	310
365040	274
365050	283
365060	277
365070	274
365080	292
365090	275
365100	281
365110	298
365120	263
365130	273
365140	331
365150	253
365160	285
365170	267
365180	316
365190	282
365200	260
365210	279
365220	309
365230	278
365240	242
365250	274
365260	248
365270	269
365280	248
365290	289
365300	287
365310	307
365320	309
365330	308
365340	308
365350	279
365360	292
365370	298
365380	268
365390	295
365400	253
365410	282
365420	297
365430	301
365440	297
365450	288
365460	280
365470	295
365480	284
365490	318
365500	296
365510	300
365520	278
365530	275
365540	276
365550	278
365560	313
365570	271
365580	259
365590	322
365600	290
365610	292
365620	256
365630	270
365640	300
365650	283
365660	274
365670	289
365680	255
365690	296
365700	261
365710	287
365720	289
365730	296
365740	295
365750	301
365760	285
365770	274
365780	301
365790	297
365800	296
365810	258
365820	277
365830	279
365840	266
365850	266
365860	261
365870	289
365880	282
365890	296
365900	289
365910	304
365920	314
365930	277
365940	283
365950	302
365960	330
365970	264
365980	304
365990	299
366000	272
366010	263
366020	257
366030	302
366040	312
366050	305
366060	281
366070	282
366080	269
366090	301
366100	279
366110	260
366120	250
366130	278
366140	269
366150	275
366160	293
366170	281
366180	270
366190	286
366200	323
366210	303
366220	258
366230	310
366240	312
366250	267
366260	282
366270	312
366280	279
366290	271
366300	267
366310	302
366320	283
366330	284
366340	289
366350	244
366360	268
366370	284
366380	307
366390	290
366400	297
366410	271
366420	298
366430	301
366440	269
366450	293
366460	270
366470	272
366480	305
366490	268
366500	281
366510	269
366520	278
366530	274
366540	288
366550	294
366560	278
366570	324
366580	293
366590	297
366600	294
366610	300
366620	279
366630	306
366640	287
366650	284
366660	297
366670	276
366680	297
366690	281
366700	287
366710	267
366720	295
366730	294
366740	272
366750	262
366760	263
366770	288
366780	282
366790	287
366800	292
366810	284
366820	272
366830	281
366840	289
366850	303
366860	284
366870	294
366880	274
366890	291
366900	323
366910	264
366920	276
366930	249
366940	280
366950	263
366960	283
366970	272
366980	244
366990	282
367000	260
367010	271
367020	282
367030	282
367040	300
367050	286
367060	307
367070	286
367080	292
367090	250
367100	273
367110	301
367120	291
367130	280
367140	290
367150	291
367160	299
367170	285
367180	266
367190	292
367200	283
367210	280
367220	267
367230	222
367240	303
367250	270
367260	268
367270	286
367280	273
367290	289
367300	280
367310	296
367320	311
367330	291
367340	307
367350	241
367360	301
367370	280
367380	294
367390	284
367400	296
367410	275
367420	305
367430	289
367440	265
367450	270
367460	280
367470	289
367480	267
367490	298
367500	283
367510	299
367520	296
367530	268
367540	255
367550	259
367560	245
367570	282
367580	258
367590	281
367600	271
367610	271
367620	284
367630	275
367640	326
367650	276
367660	273
367670	284
367680	292
367690	292
367700	279
367710	296
367720	283
367730	297
367740	252
367750	284
367760	288
367770	292
367780	273
367790	293
367800	296
367810	300
367820	293
367830	283
367840	289
367850	301
367860	313
367870	309
367880	269
367890	283
367900	270
367910	274
367920	276
367930	324
367940	300
367950	285
367960	262
367970	297
367980	292
367990	279
368000	292
368010	294
368020	261
368030	304
368040	267
368050	332
368060	312
368070	282
368080	268
368090	288
368100	294
368110	284
368120	270
368130	270
368140	279
368150	254
368160	269
368170	287
368180	269
368190	272
368200	289
368210	267
368220	270
368230	270
368240	279
368250	307
368260	264
368270	292
368280	294
368290	294
368300	262
368310	292
368320	266
368330	303
368340	279
368350	286
368360	308
368370	276
368380	319
368390	310
368400	286
368410	288
368420	292
368430	269
368440	264
368450	308
368460	275
368470	303
368480	287
368490	297
368500	270
368510	303
368520	276
368530	272
368540	319
368550	294
368560	281
368570	278
368580	276
368590	273
368600	301
368610	293
368620	279
368630	257
368640	259
368650	285
368660	261
368670	312
368680	260
368690	270
368700	286
368710	254
368720	309
368730	264
368740	263
368750	282
368760	255
368770	301
368780	292
368790	255
368800	296
368810	264
368820	289
368830	295
368840	300
368850	274
368860	254
368870	303
368880	288
368890	303
368900	270
368910	287
368920	281
368930	291
368940	290
368950	268
368960	288
368970	333
368980	249
368990	282
369000	287
369010	283
369020	307
369030	313
369040	277
369050	268
369060	279
369070	255
369080	299
369090	278
369100	284
369110	297
369120	301
369130	299
369140	260
369150	294
369160	279
369170	329
369180	284
369190	283
369200	292
369210	298
369220	267
369230	271
369240	256
369250	280
369260	319
369270	276
369280	285
369290	275
369300	264
369310	281
369320	302
369330	276
369340	329
369350	279
369360	267
369370	272
369380	287
369390	279
369400	259
369410	273
369420	262
369430	289
369440	269
369450	274
369460	283
369470	278
369480	272
369490	262
369500	286
369510	248
369520	260
369530	289
369540	304
369550	325
369560	263
369570	268
369580	287
369590	277
369600	267
369610	278
369620	284
369630	325
369640	281
369650	273
369660	267
369670	281
369680	300
369690	281
369700	299
369710	283
369720	317
369730	284
369740	270
369750	277
369760	273
369770	270
369780	283
369790	296
369800	299
369810	301
369820	296
369830	257
369840	312
369850	238
369860	289
369870	284
369880	292
369890	270
369900	246
369910	316
369920	277
369930	276
369940	283
369950	285
369960	295
369970	278
369980	309
369990	284
370000	269
370010	288
370020	280
370030	245
370040	293
370050	285
370060	284
370070	304
370080	307
370090	277
370100	272
370110	295
370120	275
370130	307
370140	269
370150	261
370160	295
370170	302
370180	255
370190	282
370200	267
370210	292
370220	296
370230	262
370240	294
370250	264
370260	268
370270	296
370280	283
370290	290
370300	251
370310	300
370320	292
370330	293
370340	294
370350	284
370360	288
370370	273
370380	271
370390	252
370400	307
370410	281
370420	256
370430	279
370440	281
370450	298
370460	289
370470	257
370480	261
370490	283
370500	275
370510	311
370520	282
370530	292
370540	282
370550	305
370560	272
370570	289
370580	282
370590	268
370600	305
370610	293
370620	303
370630	276
370640	274
370650	272
370660	288
370670	277
370680	274
370690	276
370700	282
370710	307
370720	294
370730	282
370740	295
370750	286
370760	299
370770	272
370780	280
370790	290
370800	285
370810	294
370820	298
370830	297
370840	272
370850	275
370860	297
370870	268
370880	258
370890	291
370900	303
370910	310
370920	224
370930	273
370940	276
370950	307
370960	269
370970	297
370980	286
370990	265
371000	293
371010	286
371020	282
371030	278
371040	310
371050	289
371060	291
371070	307
371080	258
371090	290
371100	261
371110	283
371120	296
371130	265
371140	284
371150	269
371160	272
371170	284
371180	279
371190	287
371200	284
371210	287
371220	269
371230	326
371240	252
371250	289
371260	286
371270	292
371280	298
371290	282
371300	284
371310	311
371320	275
371330	257
371340	296
371350	291
371360	266
371370	294
371380	283
371390	286
371400	275
371410	226
371420	282
371430	290
371440	277
371450	310
371460	285
371470	253
371480	266
371490	308
371500	270
371510	320
371520	275
371530	277
371540	279
371550	325
371560	269
371570	281
371580	295
371590	271
371600	298
371610	325
371620	294
371630	316
371640	275
371650	282
371660	265
371670	288
371680	283
371690	268
371700	293
371710	274
371720	289
371730	290
371740	282
371750	277
371760	270
371770	313
371780	296
371790	282
371800	289
371810	260
371820	269
371830	281
371840	283
371850	323
371860	276
371870	321
371880	281
371890	293
371900	289
371910	262
371920	273
371930	263
371940	307
371950	283
371960	299
371970	271
371980	270
371990	279
372000	314
372010	290
372020	300
372030	288
372040	284
372050	299
372060	286
372070	332
372080	288
372090	269
372100	288
372110	298
372120	289
372130	277
372140	280
372150	295
372160	299
372170	306
372180	284
372190	275
372200	288
372210	283
372220	303
372230	289
372240	277
372250	289
372260	280
372270	281
372280	286
372290	290
372300	284
372310	277
372320	288
372330	327
372340	311
372350	276
372360	283
372370	279
372380	307
372390	272
372400	282
372410	272
372420	301
372430	282
372440	298
372450	279
372460	292
372470	277
372480	253
372490	289
372500	301
372510	268
372520	272
372530	277
372540	258
372550	282
372560	280
372570	304
372580	285
372590	267
372600	307
372610	282
372620	304
372630	287
372640	312
372650	316
372660	276
372670	270
372680	272
372690	306
372700	275
372710	302
372720	279
372730	296
372740	282
372750	291
372760	267
372770	273
372780	310
372790	279
372800	280
372810	308
372820	259
372830	275
372840	313
372850	280
372860	289
372870	284
372880	292
372890	288
372900	275
372910	290
372920	272
372930	272
372940	274
372950	244
372960	290
372970	326
372980	261
372990	256
373000	261
373010	297
373020	275
373030	276
373040	251
373050	285
373060	293
373070	273
373080	282
373090	280
373100	278
373110	269
373120	295
373130	286
373140	298
373150	286
373160	265
373170	265
373180	303
373190	250
373200	276
373210	265
373220	271
373230	290
373240	278
373250	293
373260	291
373270	277
373280	281
373290	256
373300	288
373310	272
373320	277
373330	271
373340	286
373350	300
373360	288
373370	269
373380	329
373390	268
373400	301
373410	294
373420	276
373430	330
373440	262
373450	272
373460	264
373470	277
373480	289
373490	286
373500	310
373510	280
373520	266
373530	307
373540	307
373550	282
373560	268
373570	275
373580	315
373590	311
373600	318
373610	275
373620	301
373630	278
373640	266
373650	280
373660	297
373670	291
373680	308
373690	261
373700	295
373710	267
373720	290
373730	292
373740	260
373750	279
373760	263
373770	277
373780	283
373790	296
373800	307
373810	289
373820	244
373830	275
373840	250
373850	297
373860	300
373870	272
373880	275
373890	291
373900	290
373910	296
373920	258
373930	254
373940	298
373950	299
373960	289
373970	280
373980	258
373990	294
374000	278
374010	298
374020	306
374030	290
374040	291
374050	268
374060	305
374070	244
374080	304
374090	270
374100	304
374110	302
374120	277
374130	265
374140	254
374150	296
374160	254
374170	303
374180	281
374190	267
374200	298
374210	283
374220	275
374230	281
374240	273
374250	287
374260	278
374270	277
374280	317
374290	281
374300	304
374310	287
374320	274
374330	311
374340	295
374350	272
374360	292
374370	308
374380	255
374390	281
374400	284
374410	295
374420	281
374430	270
374440	266
374450	296
374460	259
374470	269
374480	321
374490	271
374500	285
374510	305
374520	286
374530	297
374540	293
374550	300
374560	285
374570	289
374580	280
374590	298
374600	275
374610	288
374620	301
374630	262
374640	292
374650	288
374660	275
374670	279
374680	245
374690	300
374700	292
374710	278
374720	276
374730	285
374740	303
374750	273
374760	271
374770	266
374780	277
374790	269
374800	289
374810	279
374820	308
374830	271
374840	300
374850	331
374860	293
374870	267
374880	285
374890	297
374900	273
374910	303
374920	243
374930	295
374940	286
374950	278
374960	282
374970	287
374980	287
374990	269
375000	292
375010	292
375020	287
375030	289
375040	303
375050	281
375060	284
375070	272
375080	279
375090	297
375100	294
375110	296
375120	296
375130	299
375140	275
375150	306
375160	288
375170	276
375180	303
375190	257
375200	280
375210	295
375220	258
375230	293
375240	340
375250	288
375260	281
375270	269
375280	299
375290	301
375300	296
375310	265
375320	273
375330	291
375340	287
375350	274
375360	290
375370	291
375380	268
375390	305
375400	277
375410	244
375420	266
375430	283
375440	302
375450	288
375460	285
375470	265
375480	271
375490	306
375500	324
375510	264
375520	270
375530	258
375540	289
375550	294
375560	289
375570	284
375580	318
375590	295
375600	281
375610	296
375620	283
375630	283
375640	279
375650	300
375660	279
375670	276
375680	293
375690	250
375700	282
375710	264
375720	287
375730	293
375740	271
375750	302
375760	295
375770	284
375780	256
375790	297
375800	281
375810	295
375820	286
375830	263
375840	319
375850	296
375860	288
375870	279
375880	286
375890	282
375900	286
375910	287
375920	282
375930	285
375940	315
375950	308
375960	284
375970	279
375980	299
375990	297
376000	271
376010	257
376020	271
376030	315
376040	288
376050	263
376060	299
376070	272
376080	305
376090	283
376100	289
376110	276
376120	287
376130	271
376140	292
376150	270
376160	278
376170	274
376180	317
376190	283
376200	289
376210	257
376220	298
376230	261
376240	276
376250	270
376260	235
376270	275
376280	283
376290	315
376300	297
376310	263
376320	258
376330	255
376340	295
376350	288
376360	306
376370	293
376380	291
376390	278
376400	266
376410	279
376420	282
376430	304
376440	298
376450	290
376460	264
376470	299
376480	290
376490	273
376500	302
376510	304
376520	251
376530	286
376540	262
376550	253
376560	286
376570	277
376580	293
376590	308
376600	324
376610	269
376620	306
376630	283
376640	263
376650	300
376660	281
376670	272
376680	302
376690	257
376700	305
376710	285
376720	306
376730	289
376740	292
376750	307
376760	245
376770	288
376780	289
376790	286
376800	254
376810	274
376820	266
376830	292
376840	315
376850	271
376860	289
376870	265
376880	273
376890	294
376900	276
376910	272
376920	285
376930	334
376940	282
376950	289
376960	282
376970	290
376980	262
376990	297
377000	277
377010	287
377020	282
377030	274
377040	283
377050	310
377060	274
377070	306
377080	291
377090	275
377100	273
377110	274
377120	280
377130	335
377140	260
377150	283
377160	306
377170	267
377180	324
377190	289
377200	289
377210	270
377220	284
377230	299
377240	279
377250	267
377260	282
377270	286
377280	277
377290	266
377300	282
377310	289
377320	304
377330	302
377340	304
377350	272
377360	295
377370	277
377380	285
377390	273
377400	285
377410	299
377420	275
377430	274
377440	271
377450	258
377460	297
377470	296
377480	295
377490	279
377500	287
377510	311
377520	294
377530	317
377540	276
377550	269
377560	289
377570	279
377580	260
377590	288
377600	317
377610	306
377620	319
377630	279
377640	271
377650	305
377660	260
377670	309
377680	305
377690	284
377700	291
377710	285
377720	302
377730	241
377740	288
377750	295
377760	296
377770	294
377780	304
377790	301
377800	282
377810	275
377820	299
377830	279
377840	343
377850	290
377860	272
377870	247
377880	272
377890	247
377900	314
377910	278
377920	292
377930	311
377940	295
377950	287
377960	325
377970	286
377980	262
377990	315
378000	291
378010	288
378020	268
378030	275
378040	302
378050	258
378060	267
378070	272
378080	312
378090	306
378100	282
378110	302
378120	317
378130	284
378140	299
378150	272
378160	304
378170	280
378180	290
378190	282
378200	316
378210	293
378220	290
378230	304
378240	283
378250	283
378260	290
378270	287
378280	290
378290	274
378300	268
378310	284
378320	278
378330	279
378340	257
378350	277
378360	272
378370	274
378380	280
378390	297
378400	272
378410	261
378420	260
378430	249
378440	252
378450	301
378460	288
378470	324
378480	280
378490	299
378500	309
378510	270
378520	284
378530	305
378540	279
378550	312
378560	309
378570	305
378580	302
378590	302
378600	277
378610	280
378620	281
378630	276
378640	286
378650	309
378660	304
378670	264
378680	291
378690	277
378700	333
378710	269
378720	286
378730	291
378740	312
378750	305
378760	252
378770	284
378780	265
378790	288
378800	263
378810	282
378820	308
378830	300
378840	276
378850	271
378860	274
378870	276
378880	273
378890	278
378900	275
378910	297
378920	304
378930	310
378940	270
378950	296
378960	253
378970	278
378980	276
378990	269
379000	279
379010	295
379020	304
379030	268
379040	288
379050	243
379060	288
379070	279
379080	279
379090	274
379100	271
379110	315
379120	306
379130	281
379140	276
379150	280
379160	271
379170	274
379180	295
379190	283
379200	289
379210	289
379220	283
379230	271
379240	273
379250	259
379260	288
379270	267
379280	271
379290	303
379300	259
379310	286
379320	242
379330	300
379340	284
379350	270
379360	262
379370	280
379380	312
379390	288
379400	277
379410	294
379420	300
379430	311
379440	276
379450	261
379460	256
379470	299
379480	293
379490	298
379500	322
379510	287
379520	265
379530	319
379540	280
379550	264
379560	292
379570	260
379580	319
379590	317
379600	277
379610	263
379620	270
379630	266
379640	273
379650	280
379660	284
379670	272
379680	251
379690	273
379700	269
379710	290
379720	264
379730	279
379740	317
379750	264
379760	315
379770	297
379780	320
379790	250
379800	285
379810	291
379820	263
379830	299
379840	283
379850	304
379860	290
379870	307
379880	270
379890	258
379900	298
379910	287
379920	269
379930	267
379940	295
379950	314
379960	284
379970	292
379980	298
379990	288
380000	276
380010	283
380020	293
380030	304
380040	302
380050	270
380060	289
380070	249
380080	297
380090	267
380100	297
380110	251
380120	287
380130	284
380140	257
380150	290
380160	307
380170	297
380180	294
380190	275
380200	332
380210	277
380220	280
380230	298
380240	256
380250	300
380260	280
380270	265
380280	303
380290	262
380300	278
380310	274
380320	267
380330	285
380340	283
380350	292
380360	256
380370	286
380380	275
380390	287
380400	277
380410	289
380420	284
380430	294
380440	257
380450	310
380460	270
380470	287
380480	279
380490	307
380500	294
380510	278
380520	278
380530	284
380540	260
380550	306
380560	291
380570	266
380580	268
380590	286
380600	294
380610	300
380620	283
380630	306
380640	263
380650	287
380660	280
380670	305
380680	275
380690	286
380700	291
380710	275
380720	281
380730	298
380740	303
380750	297
380760	285
380770	263
380780	277
380790	268
380800	269
380810	291
380820	303
380830	277
380840	242
380850	297
380860	279
380870	275
380880	285
380890	283
380900	279
380910	275
380920	304
380930	307
380940	301
380950	297
380960	308
380970	286
380980	313
380990	285
381000	322
381010	266
381020	289
381030	266
381040	282
381050	288
381060	279
381070	264
381080	299
381090	286
381100	304
381110	288
381120	271
381130	303
381140	271
381150	283
381160	314
381170	268
381180	271
381190	294
381200	294
381210	302
381220	279
381230	287
381240	255
381250	258
381260	312
381270	285
381280	290
381290	281
381300	261
381310	291
381320	281
381330	295
381340	251
381350	289
381360	298
381370	273
381380	297
381390	266
381400	291
381410	281
381420	305
381430	271
381440	278
381450	271
381460	309
381470	300
381480	280
381490	304
381500	281
381510	308
381520	274
381530	295
381540	292
381550	254
381560	302
381570	292
381580	283
381590	286
381600	283
381610	295
381620	268
381630	313
381640	266
381650	289
381660	302
381670	272
381680	302
381690	293
381700	297
381710	286
381720	271
381730	299
381740	279
381750	259
381760	291
381770	311
381780	281
381790	280
381800	289
381810	262
381820	277
381830	284
381840	278
381850	269
381860	299
381870	254
381880	276
381890	281
381900	298
381910	275
381920	281
381930	273
381940	280
381950	285
381960	298
381970	306
381980	301
381990	302
382000	269
382010	263
382020	272
382030	286
382040	273
382050	307
382060	310
382070	300
382080	286
382090	284
382100	286
382110	281
382120	325
382130	290
382140	292
382150	288
382160	266
382170	266
382180	302
382190	278
382200	292
382210	258
382220	283
382230	279
382240	253
382250	279
382260	312
382270	283
382280	334
382290	298
382300	279
382310	268
382320	274
382330	312
382340	296
382350	282
382360	289
382370	299
382380	282
382390	285
382400	291
382410	272
382420	278
382430	295
382440	263
382450	309
382460	297
382470	285
382480	305
382490	297
382500	264
382510	287
382520	257
382530	276
382540	294
382550	273
382560	296
382570	283
382580	297
382590	286
382600	282
382610	259
382620	258
382630	263
382640	306
382650	282
382660	284
382670	284
382680	288
382690	306
382700	293
382710	290
382720	299
382730	302
382740	266
382750	284
382760	292
382770	291
382780	281
382790	295
382800	279
382810	295
382820	282
382830	256
382840	242
382850	280
382860	253
382870	258
382880	252
382890	271
382900	275
382910	293
382920	275
382930	276
382940	269
382950	306
382960	269
382970	299
382980	302
382990	281
383000	289
383010	288
383020	299
383030	274
383040	288
383050	295
383060	286
383070	272
383080	260
383090	293
383100	283
383110	274
383120	267
383130	273
383140	305
383150	307
383160	250
383170	275
383180	269
383190	301
383200	289
383210	253
383220	286
383230	291
383240	288
383250	311
383260	301
383270	261
383280	281
383290	278
383300	280
383310	241
383320	295
383330	294
383340	301
383350	276
383360	279
383370	271
383380	291
383390	260
383400	273
383410	291
383420	263
383430	287
383440	299
383450	280
383460	288
383470	265
383480	293
383490	273
383500	255
383510	275
383520	263
383530	287
383540	279
383550	292
383560	270
383570	276
383580	284
383590	252
383600	285
383610	271
383620	280
383630	275
383640	298
383650	275
383660	283
383670	272
383680	277
383690	295
383700	275
383710	262
383720	300
383730	272
383740	273
383750	271
383760	276
383770	283
383780	286
383790	312
383800	249
383810	284
383820	291
383830	329
383840	279
383850	313
383860	276
383870	263
383880	294
383890	319
383900	309
383910	279
383920	300
383930	283
383940	270
383950	261
383960	301
383970	293
383980	283
383990	278
384000	269
384010	295
384020	272
384030	280
384040	289
384050	322
384060	292
384070	281
384080	274
384090	287
384100	285
384110	282
384120	303
384130	267
384140	287
384150	299
384160	274
384170	274
384180	282
384190	268
384200	337
384210	278
384220	276
384230	279
384240	308
384250	277
384260	284
384270	316
384280	279
384290	265
384300	276
384310	292
384320	267
384330	309
384340	302
384350	242
384360	303
384370	298
384380	266
384390	312
384400	318
384410	253
384420	331
384430	267
384440	291
384450	291
384460	260
384470	287
384480	279
384490	268
384500	275
384510	292
384520	280
384530	257
384540	319
384550	251
384560	295
384570	256
384580	284
384590	275
384600	293
384610	290
384620	300
384630	287
384640	288
384650	316
384660	306
384670	270
384680	282
384690	297
384700	289
384710	279
384720	286
384730	263
384740	275
384750	265
384760	288
384770	277
384780	256
384790	281
384800	289
384810	275
384820	311
384830	306
384840	302
384850	278
384860	291
384870	269
384880	306
384890	284
384900	291
384910	269
384920	311
384930	297
384940	299
384950	278
384960	263
384970	286
384980	269
384990	285
385000	282
385010	244
385020	270
385030	297
385040	300
385050	285
385060	309
385070	295
385080	289
385090	289
385100	280
385110	265
385120	285
385130	297
385140	300
385150	304
385160	276
385170	280
385180	300
385190	272
385200	253
385210	316
385220	281
385230	290
385240	303
385250	292
385260	282
385270	289
385280	279
385290	259
385300	259
385310	282
385320	275
385330	249
385340	274
385350	267
385360	292
385370	287
385380	282
385390	280
385400	269
385410	263
385420	293
385430	290
385440	284
385450	295
385460	266
385470	300
385480	278
385490	268
385500	280
385510	275
385520	283
385530	308
385540	238
385550	283
385560	272
385570	282
385580	281
385590	282
385600	264
385610	308
385620	288
385630	287
385640	300
385650	271
385660	261
385670	290
385680	285
385690	288
385700	298
385710	294
385720	306
385730	268
385740	252
385750	281
385760	296
385770	254
385780	317
385790	284
385800	309
385810	301
385820	285
385830	316
385840	283
385850	264
385860	268
385870	285
385880	278
385890	273
385900	263
385910	282
385920	298
385930	293
385940	314
385950	256
385960	296
385970	302
385980	318
385990	285
386000	310
386010	249
386020	276
386030	280
386040	307
386050	309
386060	284
386070	315
386080	288
386090	276
386100	292
386110	273
386120	298
386130	273
386140	284
386150	293
386160	265
386170	275
386180	293
386190	275
386200	250
386210	282
386220	299
386230	269
386240	301
386250	292
386260	312
386270	279
386280	259
386290	299
386300	292
386310	280
386320	301
386330	271
386340	298
386350	263
386360	251
386370	281
386380	276
386390	296
386400	281
386410	276
386420	259
386430	291
386440	282
386450	274
386460	284
386470	302
386480	291
386490	287
386500	280
386510	290
386520	276
386530	304
386540	282
386550	248
386560	272
386570	304
386580	303
386590	290
386600	270
386610	273
386620	307
386630	246
386640	265
386650	273
386660	267
386670	289
386680	300
386690	285
386700	309
386710	293
386720	267
386730	296
386740	269
386750	255
386760	280
386770	313
386780	280
386790	285
386800	283
386810	305
386820	262
386830	299
386840	282
386850	268
386860	294
386870	275
386880	251
386890	274
386900	258
386910	281
386920	292
386930	295
386940	285
386950	292
386960	268
386970	281
386980	298
386990	305
387000	298
387010	305
387020	274
387030	300
387040	252
387050	288
387060	274
387070	269
387080	272
387090	271
387100	308
387110	283
387120	298
387130	295
387140	307
387150	297
387160	302
387170	286
387180	295
387190	298
387200	307
387210	247
387220	302
387230	304
387240	294
387250	287
387260	268
387270	265
387280	327
387290	297
387300	295
387310	299
387320	288
387330	295
387340	316
387350	279
387360	284
387370	292
387380	292
387390	287
387400	291
387410	287
387420	304
387430	292
387440	296
387450	276
387460	304
387470	280
387480	264
387490	279
387500	294
387510	262
387520	301
387530	270
387540	269
387550	281
387560	295
387570	268
387580	244
387590	298
387600	262
387610	300
387620	267
387630	251
387640	255
387650	284
387660	276
387670	307
387680	281
387690	282
387700	293
387710	274
387720	280
387730	276
387740	281
387750	300
387760	293
387770	293
387780	310
387790	284
387800	267
387810	241
387820	285
387830	277
387840	301
387850	302
387860	235
387870	289
387880	293
387890	270
387900	266
387910	254
387920	293
387930	283
387940	286
387950	298
387960	279
387970	303
387980	301
387990	259
388000	268
388010	297
388020	295
388030	272
388040	280
388050	257
388060	271
388070	270
388080	297
388090	271
388100	277
388110	291
388120	274
388130	294
388140	312
388150	306
388160	306
388170	278
388180	286
388190	264
388200	267
388210	344
388220	300
388230	298
388240	264
388250	265
388260	292
388270	295
388280	291
388290	290
388300	295
388310	295
388320	268
388330	273
388340	281
388350	272
388360	247
388370	287
388380	303
388390	290
388400	324
388410	245
388420	287
388430	286
388440	281
388450	260
388460	273
388470	271
388480	279
388490	280
388500	278
388510	261
388520	309
388530	281
388540	307
388550	275
388560	285
388570	286
388580	259
388590	288
388600	314
388610	283
388620	289
388630	294
388640	282
388650	307
388660	285
388670	280
388680	331
388690	259
388700	277
388710	285
388720	321
388730	293
388740	304
388750	279
388760	282
388770	275
388780	262
388790	279
388800	267
388810	280
388820	301
388830	300
388840	259
388850	273
388860	291
388870	288
388880	305
388890	260
388900	281
388910	291
388920	284
388930	286
388940	290
388950	296
388960	288
388970	327
388980	291
388990	262
389000	295
389010	305
389020	276
389030	283
389040	283
389050	288
389060	272
389070	290
389080	289
389090	307
389100	261
389110	292
389120	268
389130	320
389140	269
389150	287
389160	292
389170	293
389180	280
389190	269
389200	278
389210	291
389220	285
389230	288
389240	287
389250	272
389260	288
389270	292
389280	301
389290	270
389300	293
389310	275
389320	247
389330	274
389340	275
389350	313
389360	295
389370	329
389380	277
389390	269
389400	276
389410	279
389420	318
389430	261
389440	280
389450	285
389460	286
389470	287
389480	282
389490	305
389500	283
389510	264
389520	289
389530	259
389540	296
389550	281
389560	293
389570	265
389580	268
389590	299
389600	298
389610	284
389620	254
389630	314
389640	265
389650	324
389660	287
389670	275
389680	290
389690	315
389700	266
389710	272
389720	268
389730	268
389740	257
389750	306
389760	269
389770	296
389780	304
389790	298
389800	279
389810	308
389820	299
389830	277
389840	286
389850	273
389860	262
389870	294
389880	267
389890	342
389900	298
389910	307
389920	293
389930	273
389940	285
389950	302
389960	287
389970	295
389980	289
389990	270
390000	273
390010	295
390020	273
390030	282
390040	275
390050	275
390060	275
390070	269
390080	261
390090	281
390100	293
390110	297
390120	277
390130	287
390140	291
390150	285
390160	296
390170	296
390180	259
390190	264
390200	309
390210	299
390220	270
390230	277
390240	295
390250	283
390260	268
390270	316
390280	254
390290	264
390300	293
390310	292
390320	274
390330	270
390340	264
390350	297
390360	307
390370	281
390380	317
390390	273
390400	281
390410	281
390420	278
390430	294
390440	325
390450	296
390460	313
390470	266
390480	292
390490	302
390500	281
390510	253
390520	241
390530	344
390540	294
390550	295
390560	281
390570	256
390580	293
390590	318
390600	316
390610	267
390620	283
390630	264
390640	277
390650	288
390660	275
390670	314
390680	279
390690	272
390700	303
390710	284
390720	300
390730	299
390740	271
390750	241
390760	301
390770	296
390780	305
390790	292
390800	254
390810	274
390820	290
390830	257
390840	254
390850	266
390860	301
390870	255
390880	267
390890	269
390900	286
390910	308
390920	273
390930	305
390940	247
390950	278
390960	304
390970	290
390980	296
390990	322
391000	279
391010	290
391020	279
391030	249
391040	268
391050	289
391060	275
391070	305
391080	278
391090	279
391100	265
391110	278
391120	287
391130	268
391140	321
391150	280
391160	259
391170	293
391180	273
391190	261
391200	266
391210	258
391220	295
391230	267
391240	273
391250	282
391260	285
391270	265
391280	285
391290	269
391300	283
391310	290
391320	303
391330	250
391340	298
391350	320
391360	312
391370	297
391380	270
391390	259
391400	290
391410	290
391420	268
391430	288
391440	294
391450	278
391460	297
391470	278
391480	229
391490	307
391500	312
391510	272
391520	286
391530	290
391540	257
391550	269
391560	285
391570	275
391580	292
391590	274
391600	268
391610	273
391620	292
391630	279
391640	308
391650	313
391660	279
391670	273
391680	306
391690	293
391700	316
391710	289
391720	310
391730	274
391740	315
391750	286
391760	299
391770	269
391780	264
391790	267
391800	266
391810	302
391820	303
391830	300
391840	288
391850	288
391860	281
391870	259
391880	245
391890	278
391900	300
391910	269
391920	299
391930	263
391940	290
391950	259
391960	282
391970	261
391980	269
391990	293
392000	295
392010	271
392020	256
392030	266
392040	297
392050	261
392060	271
392070	269
392080	279
392090	274
392100	287
392110	270
392120	284
392130	300
392140	283
392150	273
392160	262
392170	291
392180	295
392190	281
392200	256
392210	289
392220	279
392230	300
392240	262
392250	288
392260	277
392270	271
392280	293
392290	275
392300	301
392310	276
392320	281
392330	269
392340	292
392350	294
392360	274
392370	303
392380	285
392390	287
392400	283
392410	287
392420	261
392430	268
392440	277
392450	275
392460	304
392470	295
392480	286
392490	252
392500	272
392510	306
392520	295
392530	293
392540	270
392550	327
392560	287
392570	296
392580	286
392590	263
392600	271
392610	256
392620	292
392630	260
392640	336
392650	296
392660	278
392670	290
392680	291
392690	261
392700	321
392710	262
392720	309
392730	271
392740	277
392750	305
392760	265
392770	292
392780	281
392790	269
392800	282
392810	283
392820	303
392830	277
392840	285
392850	328
392860	274
392870	296
392880	322
392890	322
392900	266
392910	323
392920	283
392930	305
392940	269
392950	303
392960	262
392970	288
392980	286
392990	288
393000	297
393010	264
393020	273
393030	311
393040	273
393050	265
393060	282
393070	285
393080	282
393090	274
393100	289
393110	291
393120	280
393130	303
393140	306
393150	293
393160	269
393170	274
393180	278
393190	269
393200	279
393210	302
393220	314
393230	278
393240	269
393250	283
393260	306
393270	299
393280	263
393290	272
393300	277
393310	299
393320	282
393330	297
393340	313
393350	279
393360	308
393370	290
393380	248
393390	297
393400	282
393410	272
393420	271
393430	294
393440	276
393450	261
393460	286
393470	269
393480	270
393490	276
393500	280
393510	287
393520	274
393530	299
393540	281
393550	297
393560	292
393570	307
393580	312
393590	276
393600	272
393610	267
393620	297
393630	280
393640	269
393650	275
393660	260
393670	269
393680	262
393690	295
393700	298
393710	276
393720	291
393730	254
393740	286
393750	276
393760	263
393770	276
393780	272
393790	273
393800	269
393810	252
393820	284
393830	273
393840	248
393850	282
393860	295
393870	294
393880	289
393890	282
393900	274
393910	287
393920	275
393930	305
393940	255
393950	284
393960	301
393970	272
393980	271
393990	306
394000	249
394010	278
394020	258
394030	298
394040	290
394050	296
394060	293
394070	251
394080	299
394090	289
394100	284
394110	251
394120	273
394130	266
394140	300
394150	314
394160	285
394170	290
394180	278
394190	283
394200	269
394210	284
394220	278
394230	287
394240	310
394250	310
394260	310
394270	294
394280	284
394290	265
394300	293
394310	281
394320	273
394330	287
394340	290
394350	291
394360	293
394370	278
394380	285
394390	289
394400	274
394410	277
394420	251
394430	284
394440	262
394450	289
394460	279
394470	308
394480	302
394490	289
394500	273
394510	309
394520	281
394530	269
394540	276
394550	306
394560	291
394570	321
394580	303
394590	266
394600	299
394610	261
394620	291
394630	319
394640	304
394650	291
394660	271
394670	295
394680	286
394690	288
394700	305
394710	275
394720	294
394730	309
394740	284
394750	284
394760	314
394770	276
394780	289
394790	327
394800	259
394810	284
394820	272
394830	265
394840	300
394850	286
394860	293
394870	296
394880	290
394890	278
394900	284
394910	302
394920	295
394930	284
394940	299
394950	284
394960	292
394970	261
394980	293
394990	309
395000	269
395010	281
395020	290
395030	290
395040	271
395050	263
395060	267
395070	285
395080	301
395090	303
395100	276
395110	287
395120	294
395130	299
395140	308
395150	284
395160	288
395170	292
395180	294
395190	312
395200	287
395210	270
395220	290
395230	291
395240	279
395250	282
395260	297
395270	262
395280	274
395290	292
395300	298
395310	285
395320	283
395330	280
395340	284
395350	286
395360	300
395370	284
395380	255
395390	299
395400	251
395410	273
395420	276
395430	277
395440	288
395450	265
395460	271
395470	292
395480	285
395490	244
395500	273
395510	318
395520	296
395530	306
395540	280
395550	289
395560	293
395570	269
395580	320
395590	304
395600	300
395610	267
395620	295
395630	310
395640	293
395650	296
395660	296
395670	292
395680	271
395690	306
395700	265
395710	262
395720	270
395730	263
395740	288
395750	276
395760	287
395770	323
395780	269
395790	281
395800	286
395810	296
395820	268
395830	304
395840	257
395850	292
395860	281
395870	274
395880	271
395890	283
395900	296
395910	261
395920	269
395930	276
395940	298
395950	285
395960	272
395970	242
395980	278
395990	286
396000	301
396010	288
396020	300
396030	262
396040	282
396050	272
396060	273
396070	297
396080	276
396090	284
396100	286
396110	268
396120	229
396130	314
396140	285
396150	278
396160	277
396170	306
396180	313
396190	269
396200	282
396210	269
396220	270
396230	273
396240	284
396250	285
396260	262
396270	265
396280	260
396290	265
396300	302
396310	264
396320	284
396330	319
396340	250
396350	285
396360	289
396370	309
396380	269
396390	304
396400	296
396410	287
396420	286
396430	276
396440	314
396450	285
396460	290
396470	326
396480	293
396490	315
396500	300
396510	294
396520	298
396530	282
396540	295
396550	291
396560	292
396570	267
396580	276
396590	262
396600	273
396610	286
396620	292
396630	290
396640	268
396650	291
396660	292
396670	252
396680	305
396690	311
396700	294
396710	279
396720	276
396730	314
396740	272
396750	289
396760	307
396770	271
396780	273
396790	252
396800	274
396810	259
396820	278
396830	278
396840	280
396850	283
396860	272
396870	291
396880	306
396890	280
396900	275
396910	320
396920	271
396930	269
396940	266
396950	299
396960	260
396970	305
396980	286
396990	301
397000	335
397010	302
397020	272
397030	278
397040	289
397050	292
397060	264
397070	294
397080	279
397090	282
397100	273
397110	304
397120	298
397130	278
397140	262
397150	281
397160	278
397170	257
397180	263
397190	288
397200	312
397210	265
397220	287
397230	265
397240	286
397250	298
397260	272
397270	265
397280	330
397290	275
397300	305
397310	296
397320	284
397330	296
397340	271
397350	289
397360	270
397370	276
397380	290
397390	298
397400	299
397410	266
397420	295
397430	295
397440	258
397450	277
397460	254
397470	270
397480	273
397490	272
397500	272
397510	263
397520	280
397530	278
397540	316
397550	303
397560	307
397570	260
397580	280
397590	291
397600	309
397610	279
397620	279
397630	267
397640	265
397650	270
397660	264
397670	303
397680	276
397690	273
397700	279
397710	274
397720	285
397730	287
397740	280
397750	261
397760	285
397770	269
397780	282
397790	275
397800	284
397810	267
397820	306
397830	249
397840	260
397850	297
397860	267
397870	298
397880	305
397890	254
397900	306
397910	306
397920	285
397930	266
397940	268
397950	301
397960	288
397970	301
397980	292
397990	301
398000	276
398010	274
398020	298
398030	289
398040	237
398050	298
398060	276
398070	261
398080	281
398090	274
398100	292
398110	288
398120	286
398130	325
398140	254
398150	289
398160	280
398170	292
398180	285
398190	302
398200	302
398210	304
398220	310
398230	316
398240	301
398250	279
398260	264
398270	265
398280	289
398290	266
398300	268
398310	303
398320	310
398330	270
398340	306
398350	261
398360	299
398370	272
398380	306
398390	281
398400	277
398410	302
398420	280
398430	274
398440	274
398450	308
398460	306
398470	274
398480	307
398490	284
398500	285
398510	292
398520	280
398530	282
398540	288
398550	284
398560	284
398570	258
398580	266
398590	289
398600	291
398610	288
398620	319
398630	288
398640	279
398650	285
398660	282
398670	290
398680	320
398690	283
398700	292
398710	277
398720	262
398730	311
398740	278
398750	287
398760	291
398770	269
398780	308
398790	265
398800	269
398810	309
398820	261
398830	273
398840	281
398850	292
398860	300
398870	258
398880	298
398890	287
398900	299
398910	305
398920	300
398930	291
398940	293
398950	273
398960	239
398970	285
398980	271
398990	295
399000	291
399010	292
399020	283
399030	264
399040	289
399050	282
399060	294
399070	300
399080	300
399090	290
399100	283
399110	265
399120	253
399130	261
399140	312
399150	301
399160	244
399170	267
399180	251
399190	270
399200	301
399210	310
399220	274
399230	289
399240	256
399250	270
399260	299
399270	297
399280	285
399290	271
399300	317
399310	306
399320	258
399330	279
399340	242
399350	299
399360	286
399370	262
399380	265
399390	284
399400	317
399410	297
399420	279
399430	284
399440	286
399450	291
399460	265
399470	269
399480	279
399490	301
399500	270
399510	270
399520	277
399530	310
399540	264
399550	276
399560	288
399570	304
399580	288
399590	274
399600	305
399610	323
399620	280
399630	296
399640	255
399650	290
399660	270
399670	288
399680	265
399690	284
399700	317
399710	281
399720	272
399730	267
399740	298
399750	257
399760	302
399770	269
399780	302
399790	307
399800	263
399810	300
399820	259
399830	293
399840	299
399850	295
399860	289
399870	306
399880	312
399890	287
399900	299
399910	270
399920	285
399930	276
399940	258
399950	290
399960	258
399970	287
399980	268
399990	279
400000	294
400010	272
400020	302
400030	289
400040	276
400050	265
400060	282
400070	251
400080	266
400090	312
400100	277
400110	291
400120	306
400130	290
400140	295
400150	286
400160	284
400170	272
400180	319
400190	305
400200	310
400210	293
400220	307
400230	277
400240	297
400250	253
400260	282
400270	298
400280	319
400290	272
400300	279
400310	277
400320	294
400330	280
400340	271
400350	268
400360	241
400370	276
400380	320
400390	306
400400	282
400410	283
400420	283
400430	277
400440	283
400450	271
400460	302
400470	302
400480	269
400490	253
400500	270
400510	271
400520	261
400530	276
400540	311
400550	294
400560	267
400570	282
400580	278
400590	272
400600	282
400610	281
400620	289
400630	289
400640	273
400650	259
400660	299
400670	277
400680	274
400690	265
400700	263
400710	253
400720	281
400730	300
400740	282
400750	277
400760	273
400770	276
400780	284
400790	268
400800	268
400810	308
400820	279
400830	276
400840	290
400850	286
400860	285
400870	271
400880	295
400890	253
400900	266
400910	268
400920	286
400930	244
400940	268
400950	263
400960	283
400970	265
400980	272
400990	306
401000	281
401010	323
401020	281
401030	288
401040	305
401050	297
401060	281
401070	317
401080	323
401090	233
401100	261
401110	281
401120	275
401130	308
401140	296
401150	280
401160	278
401170	289
401180	272
401190	278
401200	330
401210	272
401220	292
401230	279
401240	295
401250	294
401260	302
401270	299
401280	296
401290	254
401300	315
401310	272
401320	265
401330	256
401340	273
401350	270
401360	295
401370	276
401380	265
401390	282
401400	291
401410	279
401420	273
401430	291
401440	274
401450	308
401460	305
401470	308
401480	260
401490	308
401500	309
401510	285
401520	320
401530	264
401540	281
401550	307
401560	273
401570	296
401580	294
401590	285
401600	300
401610	291
401620	319
401630	295
401640	297
401650	289
401660	287
401670	255
401680	321
401690	295
401700	309
401710	263
401720	302
401730	274
401740	252
401750	261
401760	272
401770	289
401780	269
401790	288
401800	259
401810	272
401820	278
401830	259
401840	300
401850	305
401860	316
401870	269
401880	285
401890	284
401900	263
401910	310
401920	291
401930	279
401940	268
401950	254
401960	281
401970	291
401980	284
401990	256
402000	259
402010	280
402020	301
402030	298
402040	296
402050	270
402060	299
402070	279
402080	287
402090	293
402100	292
402110	305
402120	286
402130	282
402140	289
402150	272
402160	255
402170	290
402180	272
402190	289
402200	256
402210	275
402220	306
402230	290
402240	266
402250	273
402260	239
402270	272
402280	277
402290	274
402300	300
402310	265
402320	274
402330	279
402340	299
402350	269
402360	299
402370	323
402380	282
402390	297
402400	308
402410	262
402420	300
402430	264
402440	292
402450	301
402460	285
402470	312
402480	280
402490	289
402500	301
402510	269
402520	262
402530	277
402540	307
402550	255
402560	285
402570	286
402580	253
402590	265
402600	291
402610	281
402620	285
402630	296
402640	300
402650	280
402660	294
402670	302
402680	286
402690	294
402700	269
402710	251
402720	288
402730	282
402740	243
402750	275
402760	299
402770	295
402780	302
402790	273
402800	287
402810	274
402820	287
402830	247
402840	254
402850	299
402860	309
402870	294
402880	306
402890	261
402900	302
402910	296
402920	268
402930	278
402940	299
402950	298
402960	276
402970	288
402980	265
402990	301
403000	293
403010	277
403020	260
403030	287
403040	299
403050	299
403060	276
403070	258
403080	270
403090	282
403100	293
403110	276
403120	299
403130	290
403140	298
403150	282
403160	302
403170	292
403180	288
403190	306
403200	297
403210	267
403220	261
403230	282
403240	280
403250	263
403260	267
403270	291
403280	267
403290	286
403300	290
403310	283
403320	276
403330	278
403340	270
403350	297
403360	281
403370	306
403380	298
403390	281
403400	299
403410	269
403420	328
403430	307
403440	268
403450	315
403460	289
403470	267
403480	292
403490	271
403500	288
403510	285
403520	280
403530	292
403540	267
403550	298
403560	277
403570	273
403580	303
403590	307
403600	298
403610	252
403620	268
403630	285
403640	302
403650	280
403660	286
403670	299
403680	259
403690	250
403700	265
403710	287
403720	263
403730	282
403740	272
403750	302
403760	272
403770	274
403780	309
403790	290
403800	302
403810	295
403820	300
403830	263
403840	303
403850	279
403860	298
403870	281
403880	284
403890	306
403900	294
403910	302
403920	285
403930	305
403940	302
403950	272
403960	310
403970	319
403980	297
403990	283
404000	263
404010	288
404020	303
404030	288
404040	289
404050	283
404060	295
404070	289
404080	299
404090	269
404100	271
404110	255
404120	282
404130	294
404140	303
404150	277
404160	305
404170	275
404180	271
404190	271
404200	256
404210	269
404220	259
404230	265
404240	267
404250	298
404260	268
404270	298
404280	289
404290	307
404300	305
404310	265
404320	294
404330	295
404340	285
404350	321
404360	293
404370	264
404380	296
404390	288
404400	254
404410	286
404420	256
404430	251
404440	276
404450	273
404460	263
404470	297
404480	285
404490	302
404500	266
404510	280
404520	263
404530	287
404540	267
404550	297
404560	283
404570	304
404580	290
404590	269
404600	300
404610	274
404620	294
404630	286
404640	297
404650	279
404660	272
404670	299
404680	281
404690	296
404700	274
404710	308
404720	277
404730	280
404740	270
404750	255
404760	280
404770	274
404780	269
404790	275
404800	272
404810	268
404820	314
404830	304
404840	293
404850	280
404860	288
404870	273
404880	292
404890	292
404900	277
404910	289
404920	256
404930	293
404940	274
404950	274
404960	290
404970	298
404980	259
404990	318
405000	321
405010	275
405020	269
405030	281
405040	264
405050	279
405060	263
405070	290
405080	266
405090	310
405100	308
405110	294
405120	296
405130	282
405140	284
405150	276
405160	275
405170	273
405180	309
405190	281
405200	278
405210	276
405220	272
405230	314
405240	284
405250	281
405260	289
405270	309
405280	270
405290	302
405300	301
405310	280
405320	266
405330	284
405340	292
405350	311
405360	282
405370	265
405380	309
405390	275
405400	270
405410	265
405420	288
405430	253
405440	298
405450	297
405460	295
405470	282
405480	307
405490	303
405500	251
405510	275
405520	285
405530	283
405540	292
405550	284
405560	263
405570	262
405580	274
405590	280
405600	273
405610	285
405620	285
405630	293
405640	283
405650	307
405660	261
405670	290
405680	334
405690	289
405700	291
405710	290
405720	276
405730	293
405740	308
405750	301
405760	305
405770	282
405780	270
405790	306
405800	309
405810	295
405820	309
405830	273
405840	281
405850	279
405860	302
405870	289
405880	274
405890	307
405900	293
405910	280
405920	298
405930	297
405940	277
405950	301
405960	279
405970	273
405980	310
405990	298
406000	280
406010	280
406020	284
406030	296
406040	247
406050	292
406060	300
406070	272
406080	275
406090	278
406100	277
406110	299
406120	301
406130	276
406140	312
406150	320
406160	289
406170	291
406180	266
406190	254
406200	294
406210	265
406220	303
406230	285
406240	294
406250	279
406260	280
406270	309
406280	294
406290	278
406300	302
406310	280
406320	296
406330	301
406340	299
406350	323
406360	282
406370	294
406380	269
406390	270
406400	271
406410	315
406420	273
406430	316
406440	288
406450	301
406460	267
406470	291
406480	315
406490	290
406500	285
406510	280
406520	276
406530	309
406540	286
406550	310
406560	302
406570	281
406580	306
406590	287
406600	256
406610	290
406620	279
406630	276
406640	256
406650	284
406660	284
406670	300
406680	299
406690	270
406700	244
406710	259
406720	301
406730	229
406740	296
406750	307
406760	274
406770	257
406780	281
406790	275
406800	276
406810	299
406820	295
406830	309
406840	297
406850	287
406860	272
406870	290
406880	276
406890	283
406900	266
406910	276
406920	266
406930	274
406940	282
406950	270
406960	310
406970	305
406980	299
406990	251
407000	265
407010	272
407020	306
407030	303
407040	263
407050	310
407060	250
407070	308
407080	260
407090	292
407100	285
407110	262
407120	272
407130	284
407140	276
407150	284
407160	292
407170	293
407180	247
407190	279
407200	306
407210	281
407220	292
407230	283
407240	293
407250	287
407260	307
407270	288
407280	311
407290	296
407300	280
407310	297
407320	296
407330	287
407340	278
407350	274
407360	301
407370	280
407380	323
407390	309
407400	285
407410	269
407420	283
407430	305
407440	293
407450	287
407460	284
407470	289
407480	286
407490	266
407500	278
407510	278
407520	321
407530	269
407540	277
407550	285
407560	265
407570	264
407580	297
407590	286
407600	292
407610	261
407620	299
407630	298
407640	289
407650	296
407660	302
407670	281
407680	287
407690	278
407700	273
407710	294
407720	310
407730	302
407740	291
407750	276
407760	296
407770	305
407780	276
407790	329
407800	305
407810	281
407820	295
407830	304
407840	278
407850	311
407860	280
407870	290
407880	295
407890	270
407900	304
407910	264
407920	253
407930	272
407940	296
407950	298
407960	274
407970	275
407980	254
407990	264
408000	300
408010	307
408020	311
408030	270
408040	275
408050	272
408060	284
408070	252
408080	253
408090	275
408100	295
408110	271
408120	261
408130	307
408140	288
408150	290
408160	280
408170	315
408180	278
408190	271
408200	269
408210	320
408220	282
408230	302
408240	269
408250	276
408260	282
408270	319
408280	300
408290	255
408300	294
408310	310
408320	259
408330	304
408340	268
408350	270
408360	253
408370	269
408380	246
408390	302
408400	298
408410	281
408420	282
408430	286
408440	314
408450	275
408460	262
408470	302
408480	273
408490	230
408500	296
408510	288
408520	294
408530	292
408540	253
408550	310
408560	285
408570	265
408580	282
408590	252
408600	263
408610	267
408620	275
408630	264
408640	291
408650	284
408660	260
408670	290
408680	297
408690	305
408700	273
408710	290
408720	270
408730	279
408740	305
408750	271
408760	287
408770	282
408780	304
408790	268
408800	285
408810	288
408820	320
408830	281
408840	258
408850	252
408860	296
408870	310
408880	246
408890	300
408900	286
408910	302
408920	275
408930	251
408940	259
408950	304
408960	268
408970	284
408980	300
408990	278
409000	275
409010	266
409020	300
409030	302
409040	263
409050	292
409060	280
409070	293
409080	297
409090	276
409100	264
409110	277
409120	290
409130	314
409140	267
409150	278
409160	258
409170	271
409180	292
409190	304
409200	299
409210	278
409220	257
409230	290
409240	281
409250	295
409260	295
409270	271
409280	291
409290	310
409300	276
409310	269
409320	278
409330	267
409340	286
409350	295
409360	327
409370	308
409380	264
409390	301
409400	297
409410	305
409420	282
409430	307
409440	301
409450	284
409460	293
409470	281
409480	327
409490	284
409500	310
409510	272
409520	317
409530	313
409540	269
409550	298
409560	298
409570	270
409580	311
409590	304
409600	260
409610	312
409620	273
409630	267
409640	287
409650	294
409660	285
409670	267
409680	300
409690	265
409700	248
409710	259
409720	276
409730	278
409740	267
409750	290
409760	272
409770	284
409780	293
409790	288
409800	286
409810	287
409820	269
409830	289
409840	252
409850	295
409860	273
409870	291
409880	317
409890	253
409900	283
409910	294
409920	304
409930	286
409940	278
409950	297
409960	314
409970	283
409980	294
409990	272
410000	292
410010	293
410020	286
410030	304
410040	327
410050	279
410060	273
410070	311
410080	268
410090	284
410100	293
410110	295
410120	292
410130	277
410140	290
410150	283
410160	300
410170	296
410180	309
410190	287
410200	300
410210	270
410220	266
410230	299
410240	284
410250	273
410260	305
410270	283
410280	290
410290	274
410300	271
410310	267
410320	271
410330	272
410340	305
410350	268
410360	289
410370	259
410380	281
410390	250
410400	315
410410	279
410420	270
410430	258
410440	281
410450	282
410460	279
410470	290
410480	289
410490	277
410500	303
410510	302
410520	282
410530	301
410540	295
410550	276
410560	292
410570	260
410580	322
410590	276
410600	268
410610	272
410620	298
410630	314
410640	256
410650	306
410660	313
410670	289
410680	286
410690	277
410700	295
410710	295
410720	288
410730	256
410740	258
410750	289
410760	295
410770	278
410780	292
410790	259
410800	274
410810	290
410820	293
410830	281
410840	271
410850	300
410860	284
410870	291
410880	287
410890	289
410900	278
410910	294
410920	290
410930	276
410940	256
410950	277
410960	300
410970	306
410980	301
410990	295
411000	279
411010	285
411020	328
411030	330
411040	262
411050	296
411060	316
411070	314
411080	267
411090	318
411100	327
411110	292
411120	279
411130	275
411140	258
411150	287
411160	290
411170	308
411180	251
411190	283
411200	273
411210	286
411220	266
411230	272
411240	338
411250	278
411260	257
411270	293
411280	269
411290	291
411300	274
411310	291
411320	283
411330	289
411340	301
411350	278
411360	276
411370	286
411380	279
411390	301
411400	291
411410	298
411420	265
411430	299
411440	285
411450	273
411460	301
411470	281
411480	310
411490	272
411500	292
411510	284
411520	278
411530	267
411540	274
411550	279
411560	286
411570	295
411580	316
411590	297
411600	269
411610	276
411620	298
411630	281
411640	262
411650	298
411660	274
411670	261
411680	280
411690	281
411700	299
411710	243
411720	273
411730	275
411740	277
411750	294
411760	295
411770	273
411780	268
411790	268
411800	268
411810	259
411820	292
411830	277
411840	271
411850	303
411860	286
411870	280
411880	272
411890	278
411900	277
411910	282
411920	300
411930	287
411940	294
411950	284
411960	266
411970	272
411980	262
411990	247
412000	281
412010	283
412020	303
412030	285
412040	293
412050	277
412060	279
412070	274
412080	264
412090	259
412100	277
412110	258
412120	290
412130	264
412140	287
412150	271
412160	250
412170	278
412180	309
412190	277
412200	282
412210	286
412220	259
412230	282
412240	312
412250	275
412260	284
412270	290
412280	303
412290	314
412300	263
412310	282
412320	279
412330	302
412340	287
412350	311
412360	309
412370	269
412380	267
412390	298
412400	288
412410	278
412420	260
412430	268
412440	301
412450	301
412460	285
412470	279
412480	287
412490	261
412500	288
412510	277
412520	252
412530	268
412540	288
412550	286
412560	293
412570	281
412580	289
412590	289
412600	298
412610	279
412620	282
412630	272
412640	252
412650	283
412660	276
412670	291
412680	254
412690	302
412700	293
412710	304
412720	264
412730	262
412740	240
412750	287
412760	266
412770	330
412780	310
412790	296
412800	304
412810	247
412820	263
412830	286
412840	292
412850	281
412860	280
412870	256
412880	264
412890	284
412900	250
412910	252
412920	260
412930	248
412940	300
412950	287
412960	317
412970	277
412980	295
412990	287
413000	267
413010	298
413020	302
413030	299
413040	278
413050	324
413060	271
413070	249
413080	278
413090	266
413100	300
413110	278
413120	292
413130	267
413140	295
413150	291
413160	263
413170	279
413180	263
413190	277
413200	297
413210	244
413220	289
413230	318
413240	293
413250	285
413260	278
413270	263
413280	288
413290	288
413300	256
413310	260
413320	306
413330	262
413340	305
413350	268
413360	278
413370	265
413380	276
413390	302
413400	327
413410	284
413420	278
413430	301
413440	286
413450	284
413460	287
413470	253
413480	319
413490	288
413500	304
413510	230
413520	299
413530	287
413540	259
413550	272
413560	287
413570	310
413580	277
413590	260
413600	281
413610	284
413620	276
413630	272
413640	282
413650	285
413660	284
413670	303
413680	277
413690	294
413700	280
413710	281
413720	291
413730	296
413740	312
413750	298
413760	258
413770	298
413780	281
413790	289
413800	277
413810	305
413820	272
413830	263
413840	302
413850	300
413860	292
413870	280
413880	255
413890	279
413900	249
413910	274
413920	297
413930	269
413940	288
413950	281
413960	275
413970	249
413980	288
413990	257
414000	289
414010	264
414020	282
414030	265
414040	295
414050	267
414060	305
414070	292
414080	272
414090	273
414100	264
414110	265
414120	299
414130	271
414140	272
414150	286
414160	257
414170	283
414180	300
414190	294
414200	296
414210	260
414220	290
414230	242
414240	306
414250	304
414260	294
414270	287
414280	254
414290	295
414300	277
414310	278
414320	280
414330	284
414340	271
414350	270
414360	273
414370	301
414380	294
414390	295
414400	287
414410	289
414420	246
414430	289
414440	283
414450	277
414460	304
414470	273
414480	303
414490	309
414500	330
414510	293
414520	316
414530	277
414540	273
414550	263
414560	267
414570	261
414580	287
414590	318
414600	300
414610	287
414620	292
414630	298
414640	289
414650	275
414660	289
414670	259
414680	299
414690	283
414700	300
414710	277
414720	263
414730	275
414740	301
414750	285
414760	286
414770	276
414780	292
414790	314
414800	268
414810	283
414820	261
414830	260
414840	279
414850	272
414860	280
414870	276
414880	316
414890	280
414900	268
414910	245
414920	306
414930	244
414940	297
414950	299
414960	280
414970	278
414980	291
414990	300
415000	300
415010	305
415020	278
415030	284
415040	277
415050	263
415060	267
415070	279
415080	278
415090	272
415100	272
415110	275
415120	282
415130	278
415140	269
415150	244
415160	276
415170	261
415180	292
415190	299
415200	273
415210	288
415220	273
415230	272
415240	280
415250	251
415260	301
415270	291
415280	281
415290	282
415300	260
415310	282
415320	297
415330	280
415340	276
415350	277
415360	283
415370	281
415380	273
415390	259
415400	287
415410	299
415420	310
415430	262
415440	299
415450	307
415460	274
415470	290
415480	305
415490	285
415500	292
415510	271
415520	246
415530	313
415540	276
415550	297
415560	311
415570	291
415580	278
415590	276
415600	317
415610	291
415620	275
415630	282
415640	305
415650	268
415660	270
415670	308
415680	266
415690	268
415700	279
415710	260
415720	287
415730	278
415740	313
415750	303
415760	300
415770	282
415780	288
415790	276
415800	288
415810	305
415820	295
415830	291
415840	260
415850	301
415860	265
415870	302
415880	286
415890	265
415900	275
415910	268
415920	288
415930	264
415940	303
415950	289
415960	308
415970	296
415980	258
415990	292
416000	308
416010	295
416020	257
416030	291
416040	265
416050	294
416060	291
416070	276
416080	241
416090	252
416100	274
416110	281
416120	278
416130	295
416140	281
416150	267
416160	285
416170	323
416180	292
416190	267
416200	262
416210	278
416220	303
416230	315
416240	277
416250	291
416260	250
416270	262
416280	267
416290	287
416300	286
416310	273
416320	295
416330	292
416340	269
416350	301
416360	296
416370	278
416380	242
416390	283
416400	291
416410	301
416420	285
416430	314
416440	263
416450	294
416460	276
416470	265
416480	268
416490	282
416500	305
416510	243
416520	268
416530	281
416540	264
416550	302
416560	276
416570	262
416580	256
416590	291
416600	304
416610	252
416620	273
416630	283
416640	285
416650	294
416660	268
416670	260
416680	251
416690	271
416700	282
416710	287
416720	301
416730	294
416740	303
416750	286
416760	278
416770	309
416780	311
416790	282
416800	303
416810	276
416820	250
416830	261
416840	271
416850	284
416860	273
416870	250
416880	282
416890	273
416900	298
416910	274
416920	265
416930	265
416940	295
416950	273
416960	272
416970	283
416980	248
416990	281
417000	262
417010	277
417020	279
417030	287
417040	267
417050	306
417060	266
417070	258
417080	308
417090	277
417100	289
417110	301
417120	283
417130	279
417140	283
417150	275
417160	293
417170	287
417180	278
417190	295
417200	327
417210	289
417220	315
417230	289
417240	306
417250	284
417260	261
417270	281
417280	283
417290	277
417300	283
417310	274
417320	297
417330	278
417340	322
417350	283
417360	295
417370	294
417380	272
417390	290
417400	289
417410	276
417420	308
417430	293
417440	272
417450	288
417460	269
417470	304
417480	250
417490	300
417500	273
417510	285
417520	277
417530	286
417540	295
417550	279
417560	287
417570	271
417580	270
417590	305
417600	317
417610	268
417620	240
417630	260
417640	286
417650	270
417660	298
417670	293
417680	306
417690	276
417700	296
417710	325
417720	267
417730	266
417740	290
417750	305
417760	291
417770	306
417780	288
417790	276
417800	274
417810	289
417820	240
417830	295
417840	289
417850	282
417860	300
417870	293
417880	282
417890	286
417900	257
417910	287
417920	302
417930	278
417940	297
417950	284
417960	301
417970	287
417980	284
417990	266
418000	269
418010	297
418020	277
418030	296
418040	278
418050	275
418060	277
418070	286
418080	279
418090	281
418100	293
418110	302
418120	297
418130	243
418140	272
418150	289
418160	255
418170	298
418180	293
418190	324
418200	223
418210	331
418220	301
418230	286
418240	289
418250	271
418260	259
418270	292
418280	272
418290	281
418300	330
418310	295
418320	270
418330	279
418340	278
418350	262
418360	305
418370	272
418380	282
418390	293
418400	256
418410	289
418420	278
418430	281
418440	289
418450	289
418460	256
418470	283
418480	279
418490	273
418500	269
418510	265
418520	283
418530	290
418540	281
418550	296
418560	278
418570	274
418580	287
418590	316
418600	316
418610	271
418620	303
418630	301
418640	272
418650	290
418660	296
418670	286
418680	272
418690	297
418700	267
418710	267
418720	271
418730	286
418740	281
418750	296
418760	259
418770	278
418780	292
418790	287
418800	268
418810	306
418820	286
418830	280
418840	291
418850	303
418860	308
418870	245
418880	289
418890	278
418900	271
418910	260
418920	282
418930	296
418940	275
418950	294
418960	271
418970	271
418980	278
418990	279
419000	286
419010	267
419020	252
419030	293
419040	247
419050	285
419060	278
419070	287
419080	268
419090	308
419100	257
419110	266
419120	256
419130	312
419140	303
419150	255
419160	290
419170	297
419180	279
419190	267
419200	292
419210	286
419220	297
419230	280
419240	263
419250	301
419260	291
419270	274
419280	272
419290	307
419300	292
419310	295
419320	257
419330	257
419340	294
419350	308
419360	251
419370	284
419380	314
419390	296
419400	310
419410	289
419420	321
419430	316
419440	262
419450	282
419460	288
419470	284
419480	308
419490	278
419500	272
419510	282
419520	290
419530	292
419540	276
419550	255
419560	311
419570	299
419580	255
419590	275
419600	283
419610	307
419620	294
419630	249
419640	279
419650	320
419660	287
419670	280
419680	293
419690	304
419700	294
419710	267
419720	292
419730	297
419740	271
419750	287
419760	287
419770	294
419780	291
419790	276
419800	296
419810	305
419820	280
419830	297
419840	300
419850	299
419860	244
419870	310
419880	312
419890	336
419900	291
419910	296
419920	285
419930	277
419940	273
419950	274
419960	265
419970	293
419980	284
419990	248
420000	288
420010	261
420020	255
420030	271
420040	303
420050	306
420060	275
420070	302
420080	305
420090	283
420100	284
420110	290
420120	292
420130	281
420140	301
420150	269
420160	312
420170	289
420180	297
420190	269
420200	295
420210	270
420220	271
420230	287
420240	287
420250	243
420260	304
420270	263
420280	269
420290	298
420300	306
420310	275
420320	279
420330	289
420340	269
420350	289
420360	277
420370	307
420380	292
420390	318
420400	259
420410	309
420420	290
420430	285
420440	318
420450	277
420460	286
420470	280
420480	269
420490	319
420500	297
420510	299
420520	267
420530	282
420540	268
420550	309
420560	264
420570	261
420580	280
420590	252
420600	270
420610	322
420620	268
420630	293
420640	270
420650	281
420660	281
420670	258
420680	282
420690	263
420700	279
420710	263
420720	326
420730	273
420740	295
420750	301
420760	256
420770	263
420780	306
420790	282
420800	312
420810	287
420820	275
420830	289
420840	273
420850	278
420860	280
420870	279
420880	285
420890	303
420900	287
420910	280
420920	302
420930	294
420940	299
420950	282
420960	260
420970	258
420980	294
420990	252
421000	302
421010	294
421020	280
421030	275
421040	288
421050	269
421060	303
421070	304
421080	321
421090	302
421100	280
421110	303
421120	257
421130	284
421140	291
421150	288
421160	242
421170	299
421180	285
421190	314
421200	278
421210	286
421220	263
421230	297
421240	282
421250	262
421260	301
421270	287
421280	280
421290	301
421300	289
421310	293
421320	300
421330	290
421340	274
421350	256
421360	276
421370	308
421380	274
421390	271
421400	273
421410	266
421420	303
421430	283
421440	279
421450	281
421460	293
421470	283
421480	286
421490	282
421500	277
421510	296
421520	295
421530	284
421540	300
421550	322
421560	301
421570	266
421580	302
421590	281
421600	272
421610	292
421620	282
421630	299
421640	256
421650	290
421660	272
421670	291
421680	290
421690	285
421700	263
421710	317
421720	266
421730	270
421740	272
421750	288
421760	283
421770	304
421780	325
421790	269
421800	271
421810	278
421820	282
421830	278
421840	321
421850	295
421860	275
421870	302
421880	273
421890	277
421900	276
421910	287
421920	275
421930	299
421940	297
421950	284
421960	288
421970	273
421980	289
421990	277
422000	254
422010	284
422020	276
422030	260
422040	283
422050	268
422060	320
422070	284
422080	307
422090	288
422100	279
422110	289
422120	270
422130	286
422140	317
422150	281
422160	263
422170	272
422180	313
422190	285
422200	287
422210	300
422220	287
422230	287
422240	291
422250	276
422260	282
422270	267
422280	304
422290	304
422300	271
422310	281
422320	254
422330	282
422340	262
422350	270
422360	272
422370	267
422380	280
422390	278
422400	246
422410	301
422420	286
422430	293
422440	241
422450	274
422460	291
422470	299
422480	271
422490	273
422500	283
422510	310
422520	285
422530	278
422540	296
422550	282
422560	270
422570	248
422580	306
422590	287
422600	282
422610	275
422620	297
422630	285
422640	285
422650	290
422660	306
422670	292
422680	283
422690	275
422700	263
422710	278
422720	282
422730	312
422740	273
422750	289
422760	309
422770	264
422780	287
422790	285
422800	268
422810	279
422820	280
422830	273
422840	282
422850	304
422860	287
422870	310
422880	270
422890	271
422900	267
422910	297
422920	275
422930	318
422940	286
422950	289
422960	278
422970	290
422980	250
422990	283
423000	291
423010	270
423020	282
423030	288
423040	290
423050	317
423060	314
423070	261
423080	268
423090	252
423100	316
423110	295
423120	289
423130	264
423140	269
423150	273
423160	317
423170	286
423180	302
423190	261
423200	331
423210	303
423220	293
423230	268
423240	279
423250	289
423260	293
423270	303
423280	301
423290	316
423300	261
423310	301
423320	251
423330	282
423340	282
423350	270
423360	304
423370	289
423380	262
423390	264
423400	292
423410	301
423420	267
423430	307
423440	270
423450	256
423460	287
423470	304
423480	283
423490	298
423500	261
423510	282
423520	302
423530	256
423540	287
423550	283
423560	295
423570	249
423580	289
423590	304
423600	255
423610	262
423620	335
423630	295
423640	311
423650	281
423660	257
423670	267
423680	287
423690	288
423700	277
423710	279
423720	272
423730	280
423740	256
423750	284
423760	295
423770	276
423780	293
423790	254
423800	290
423810	265
423820	271
423830	311
423840	280
423850	271
423860	285
423870	271
423880	275
423890	251
423900	279
423910	284
423920	301
423930	289
423940	276
423950	284
423960	274
423970	267
423980	266
423990	273
424000	272
424010	266
424020	274
424030	276
424040	291
424050	264
424060	262
424070	314
424080	279
424090	291
424100	273
424110	303
424120	294
424130	299
424140	274
424150	293
424160	280
424170	249
424180	294
424190	285
424200	296
424210	288
424220	301
424230	294
424240	305
424250	254
424260	286
424270	290
424280	252
424290	313
424300	291
424310	262
424320	303
424330	287
424340	310
424350	279
424360	312
424370	270
424380	337
424390	279
424400	306
424410	289
424420	265
424430	243
424440	271
424450	285
424460	300
424470	266
424480	282
424490	285
424500	286
424510	272
424520	269
424530	263
424540	289
424550	256
424560	293
424570	270
424580	280
424590	312
424600	257
424610	313
424620	288
424630	282
424640	299
424650	292
424660	259
424670	261
424680	259
424690	292
424700	313
424710	267
424720	285
424730	302
424740	298
424750	273
424760	262
424770	295
424780	280
424790	294
424800	277
424810	293
424820	281
424830	259
424840	249
424850	284
424860	297
424870	270
424880	300
424890	272
424900	305
424910	268
424920	265
424930	271
424940	287
424950	286
424960	282
424970	292
424980	279
424990	299
425000	265
425010	306
425020	293
425030	250
425040	283
425050	268
425060	291
425070	271
425080	268
425090	284
425100	254
425110	301
425120	311
425130	304
425140	288
425150	283
425160	260
425170	314
425180	261
425190	272
425200	269
425210	276
425220	294
425230	279
425240	305
425250	275
425260	281
425270	299
425280	328
425290	270
425300	285
425310	278
425320	263
425330	279
425340	286
425350	296
425360	306
425370	311
425380	286
425390	271
425400	286
425410	296
425420	300
425430	280
425440	278
425450	272
425460	298
425470	278
425480	277
425490	269
425500	304
425510	291
425520	291
425530	277
425540	269
425550	282
425560	263
425570	297
425580	280
425590	300
425600	292
425610	267
425620	269
425630	302
425640	277
425650	252
425660	301
425670	285
425680	271
425690	297
425700	289
425710	296
425720	278
425730	283
425740	270
425750	302
425760	282
425770	286
425780	299
425790	279
425800	303
425810	292
425820	291
425830	277
425840	273
425850	295
425860	293
425870	285
425880	296
425890	311
425900	294
425910	296
425920	310
425930	284
425940	270
425950	277
425960	292
425970	274
425980	285
425990	304
426000	278
426010	261
426020	280
426030	275
426040	285
426050	281
426060	302
426070	266
426080	280
426090	274
426100	275
426110	259
426120	283
426130	281
426140	284
426150	329
426160	249
426170	274
426180	290
426190	284
426200	278
426210	284
426220	285
426230	294
426240	280
426250	283
426260	291
426270	284
426280	277
426290	294
426300	294
426310	282
426320	294
426330	299
426340	298
426350	289
426360	282
426370	263
426380	266
426390	267
426400	283
426410	276
426420	309
426430	287
426440	295
426450	305
426460	255
426470	251
426480	262
426490	288
426500	280
426510	286
426520	292
426530	274
426540	265
426550	293
426560	312
426570	323
426580	292
426590	281
426600	304
426610	234
426620	292
426630	288
426640	282
426650	284
426660	282
426670	288
426680	314
426690	279
426700	302
426710	302
426720	307
426730	273
426740	289
426750	289
426760	275
426770	287
426780	249
426790	266
426800	282
426810	285
426820	287
426830	235
426840	270
426850	281
426860	296
426870	268
426880	279
426890	283
426900	305
426910	277
426920	289
426930	296
426940	293
426950	302
426960	296
426970	271
426980	276
426990	293
427000	279
427010	310
427020	284
427030	285
427040	270
427050	281
427060	284
427070	282
427080	283
427090	321
427100	293
427110	286
427120	285
427130	275
427140	268
427150	275
427160	290
427170	299
427180	267
427190	258
427200	257
427210	309
427220	278
427230	297
427240	271
427250	268
427260	301
427270	270
427280	286
427290	298
427300	265
427310	286
427320	269
427330	275
427340	270
427350	286
427360	297
427370	263
427380	291
427390	308
427400	276
427410	291
427420	257
427430	288
427440	275
427450	249
427460	286
427470	293
427480	281
427490	321
427500	295
427510	255
427520	234
427530	254
427540	300
427550	283
427560	285
427570	292
427580	291
427590	270
427600	273
427610	310
427620	297
427630	277
427640	308
427650	273
427660	307
427670	306
427680	287
427690	272
427700	296
427710	277
427720	326
427730	289
427740	254
427750	277
427760	300
427770	278
427780	300
427790	278
427800	291
427810	312
427820	290
427830	314
427840	276
427850	303
427860	271
427870	303
427880	293
427890	257
427900	291
427910	306
427920	282
427930	285
427940	290
427950	284
427960	272
427970	291
427980	263
427990	308
428000	285
428010	250
428020	283
428030	259
428040	273
428050	290
428060	279
428070	275
428080	283
428090	300
428100	258
428110	295
428120	283
428130	279
428140	301
428150	283
428160	296
428170	285
428180	283
428190	267
428200	291
428210	287
428220	255
428230	295
428240	284
428250	269
428260	274
428270	261
428280	301
428290	296
428300	304
428310	306
428320	269
428330	284
428340	276
428350	286
428360	282
428370	286
428380	285
428390	259
428400	286
428410	303
428420	292
428430	308
428440	290
428450	293
428460	308
428470	291
428480	276
428490	286
428500	268
428510	273
428520	288
428530	292
428540	317
428550	290
428560	263
428570	302
428580	281
428590	273
428600	282
428610	283
428620	245
428630	285
428640	299
428650	247
428660	283
428670	286
428680	280
428690	278
428700	262
428710	298
428720	282
428730	294
428740	311
428750	321
428760	279
428770	263
428780	294
428790	261
428800	292
428810	283
428820	275
428830	294
428840	260
428850	281
428860	257
428870	309
428880	274
428890	311
428900	263
428910	280
428920	277
428930	252
428940	300
428950	276
428960	290
428970	253
428980	301
428990	268
429000	311
429010	276
429020	302
429030	308
429040	289
429050	299
429060	279
429070	290
429080	290
429090	291
429100	272
429110	303
429120	284
429130	277
429140	286
429150	285
429160	290
429170	282
429180	273
429190	345
429200	272
429210	288
429220	293
429230	262
429240	276
429250	281
429260	294
429270	283
429280	273
429290	300
429300	280
429310	281
429320	275
429330	317
429340	295
429350	274
429360	294
429370	258
429380	268
429390	262
429400	289
429410	272
429420	261
429430	305
429440	277
429450	268
429460	265
429470	280
429480	332
429490	281
429500	289
429510	261
429520	276
429530	298
429540	295
429550	315
429560	309
429570	289
429580	279
429590	292
429600	270
429610	308
429620	296
429630	281
429640	293
429650	297
429660	259
429670	278
429680	309
429690	286
429700	300
429710	276
429720	287
429730	283
429740	279
429750	269
429760	290
429770	286
429780	298
429790	290
429800	280
429810	297
429820	272
429830	293
429840	280
429850	276
429860	280
429870	278
429880	283
429890	273
429900	294
429910	276
429920	282
429930	299
429940	253
429950	263
429960	287
429970	291
429980	275
429990	273
430000	280
430010	275
430020	278
430030	281
430040	300
430050	299
430060	298
430070	256
430080	309
430090	295
430100	282
430110	324
430120	269
430130	276
430140	309
430150	262
430160	289
430170	284
430180	279
430190	300
430200	281
430210	261
430220	308
430230	304
430240	270
430250	284
430260	287
430270	295
430280	278
430290	312
430300	244
430310	276
430320	294
430330	302
430340	293
430350	293
430360	259
430370	309
430380	277
430390	272
430400	280
430410	281
430420	302
430430	288
430440	260
430450	302
430460	300
430470	278
430480	261
430490	285
430500	297
430510	280
430520	287
430530	299
430540	286
430550	268
430560	321
430570	293
430580	298
430590	271
430600	297
430610	305
430620	273
430630	277
430640	282
430650	285
430660	285
430670	267
430680	313
430690	268
430700	292
430710	252
430720	268
430730	318
430740	289
430750	313
430760	295
430770	242
430780	265
430790	322
430800	311
430810	316
430820	309
430830	298
430840	277
430850	281
430860	303
430870	265
430880	262
430890	264
430900	329
430910	283
430920	273
430930	303
430940	291
430950	280
430960	280
430970	272
430980	300
430990	290
431000	298
431010	267
431020	293
431030	287
431040	286
431050	291
431060	302
431070	317
431080	283
431090	277
431100	272
431110	292
431120	315
431130	269
431140	293
431150	299
431160	256
431170	290
431180	255
431190	292
431200	275
431210	273
431220	269
431230	297
431240	281
431250	289
431260	296
431270	292
431280	278
431290	294
431300	260
431310	288
431320	294
431330	269
431340	299
431350	279
431360	285
431370	278
431380	296
431390	262
431400	320
431410	271
431420	265
431430	281
431440	301
431450	256
431460	316
431470	282
431480	290
431490	305
431500	275
431510	281
431520	290
431530	282
431540	288
431550	261
431560	269
431570	287
431580	281
431590	279
431600	299
431610	306
431620	276
431630	290
431640	268
431650	298
431660	281
431670	295
431680	270
431690	286
431700	290
431710	278
431720	287
431730	296
431740	275
431750	285
431760	292
431770	273
431780	307
431790	283
431800	253
431810	316
431820	284
431830	278
431840	294
431850	263
431860	253
431870	286
431880	268
431890	300
431900	266
431910	291
431920	261
431930	269
431940	306
431950	287
431960	284
431970	283
431980	297
431990	285
432000	283
432010	295
432020	304
432030	298
432040	273
432050	267
432060	276
432070	281
432080	289
432090	284
432100	304
432110	298
432120	286
432130	306
432140	283
432150	283
432160	242
432170	314
432180	264
432190	286
432200	266
432210	286
432220	295
432230	293
432240	289
432250	303
432260	288
432270	290
432280	267
432290	272
432300	283
432310	302
432320	272
432330	285
432340	272
432350	273
432360	235
432370	277
432380	305
432390	277
432400	344
432410	282
432420	281
432430	284
432440	266
432450	299
432460	261
432470	279
432480	261
432490	272
432500	294
432510	287
432520	281
432530	304
432540	265
432550	284
432560	298
432570	279
432580	298
432590	293
432600	273
432610	287
432620	303
432630	289
432640	294
432650	291
432660	306
432670	272
432680	259
432690	287
432700	290
432710	322
432720	268
432730	292
432740	301
432750	270
432760	282
432770	295
432780	295
432790	323
432800	278
432810	277
432820	283
432830	283
432840	292
432850	303
432860	269
432870	285
432880	310
432890	290
432900	277
432910	261
432920	271
432930	319
432940	295
432950	306
432960	264
432970	269
432980	288
432990	284
433000	262
433010	318
433020	284
433030	253
433040	272
433050	291
433060	265
433070	295
433080	278
433090	271
433100	271
433110	281
433120	291
433130	271
433140	281
433150	315
433160	307
433170	302
433180	286
433190	280
433200	265
433210	281
433220	266
433230	289
433240	298
433250	289
433260	305
433270	303
433280	300
433290	307
433300	319
433310	294
433320	265
433330	285
433340	276
433350	280
433360	286
433370	286
433380	300
433390	312
433400	301
433410	287
433420	270
433430	281
433440	288
433450	276
433460	276
433470	314
433480	310
433490	264
433500	301
433510	294
433520	276
433530	294
433540	287
433550	283
433560	294
433570	263
433580	278
433590	288
433600	297
433610	280
433620	322
433630	295
433640	268
433650	286
433660	288
433670	301
433680	272
433690	303
433700	273
433710	285
433720	282
433730	267
433740	281
433750	292
433760	291
433770	283
433780	280
433790	278
433800	269
433810	288
433820	275
433830	304
433840	329
433850	269
433860	259
433870	282
433880	275
433890	262
433900	246
433910	266
433920	276
433930	261
433940	279
433950	302
433960	289
433970	279
433980	282
433990	267
434000	255
434010	298
434020	290
434030	268
434040	296
434050	259
434060	291
434070	276
434080	260
434090	273
434100	274
434110	297
434120	287
434130	295
434140	305
434150	244
434160	287
434170	310
434180	274
434190	288
434200	283
434210	265
434220	276
434230	293
434240	292
434250	270
434260	270
434270	295
434280	331
434290	282
434300	297
434310	307
434320	288
434330	261
434340	281
434350	285
434360	269
434370	257
434380	275
434390	269
434400	268
434410	280
434420	303
434430	291
434440	282
434450	291
434460	284
434470	279
434480	283
434490	281
434500	272
434510	261
434520	272
434530	281
434540	287
434550	259
434560	307
434570	303
434580	278
434590	299
434600	293
434610	280
434620	325
434630	263
434640	308
434650	272
434660	287
434670	276
434680	272
434690	257
434700	271
434710	276
434720	268
434730	289
434740	309
434750	287
434760	292
434770	286
434780	287
434790	268
434800	290
434810	286
434820	281
434830	277
434840	300
434850	326
434860	318
434870	331
434880	289
434890	298
434900	256
434910	267
434920	278
434930	295
434940	259
434950	288
434960	276
434970	302
434980	266
434990	283
435000	273
435010	281
435020	284
435030	243
435040	282
435050	275
435060	292
435070	309
435080	312
435090	300
435100	277
435110	271
435120	304
435130	271
435140	299
435150	283
435160	297
435170	265
435180	296
435190	300
435200	263
435210	301
435220	310
435230	285
435240	289
435250	283
435260	282
435270	294
435280	282
435290	255
435300	292
435310	237
435320	281
435330	272
435340	294
435350	298
435360	310
435370	311
435380	271
435390	268
435400	281
435410	301
435420	287
435430	277
435440	261
435450	319
435460	311
435470	267
435480	298
435490	262
435500	284
435510	322
435520	265
435530	276
435540	250
435550	273
435560	296
435570	282
435580	257
435590	287
435600	296
435610	295
435620	266
435630	311
435640	274
435650	310
435660	303
435670	280
435680	292
435690	264
435700	308
435710	274
435720	294
435730	326
435740	274
435750	291
435760	306
435770	256
435780	294
435790	287
435800	276
435810	306
435820	297
435830	277
435840	289
435850	302
435860	301
435870	307
435880	307
435890	261
435900	278
435910	294
435920	273
435930	331
435940	281
435950	252
435960	297
435970	256
435980	285
435990	276
436000	281
436010	277
436020	285
436030	264
436040	268
436050	282
436060	296
436070	289
436080	264
436090	281
436100	257
436110	300
436120	270
436130	267
436140	288
436150	284
436160	286
436170	275
436180	293
436190	268
436200	293
436210	294
436220	275
436230	277
436240	267
436250	291
436260	295
436270	267
436280	287
436290	281
436300	214
436310	282
436320	256
436330	302
436340	285
436350	268
436360	282
436370	299
436380	283
436390	308
436400	278
436410	281
436420	253
436430	287
436440	283
436450	295
436460	283
436470	275
436480	277
436490	249
436500	269
436510	299
436520	290
436530	287
436540	289
436550	261
436560	278
436570	296
436580	259
436590	285
436600	291
436610	245
436620	303
436630	302
436640	274
436650	287
436660	268
436670	294
436680	263
436690	265
436700	309
436710	302
436720	293
436730	285
436740	279
436750	306
436760	295
436770	276
436780	287
436790	272
436800	266
436810	277
436820	279
436830	283
436840	295
436850	268
436860	278
436870	300
436880	275
436890	300
436900	308
436910	269
436920	284
436930	267
436940	305
436950	267
436960	304
436970	285
436980	253
436990	300
437000	273
437010	324
437020	283
437030	292
437040	287
437050	282
437060	306
437070	263
437080	264
437090	288
437100	274
437110	259
437120	291
437130	277
437140	300
437150	255
437160	324
437170	345
437180	265
437190	279
437200	282
437210	282
437220	281
437230	319
437240	311
437250	258
437260	283
437270	261
437280	284
437290	265
437300	308
437310	286
437320	299
437330	282
437340	281
437350	283
437360	294
437370	273
437380	283
437390	293
437400	282
437410	278
437420	286
437430	303
437440	255
437450	289
437460	271
437470	248
437480	305
437490	284
437500	278
437510	254
437520	287
437530	274
437540	307
437550	265
437560	270
437570	266
437580	286
437590	272
437600	285
437610	294
437620	297
437630	306
437640	272
437650	251
437660	263
437670	307
437680	286
437690	284
437700	305
437710	281
437720	270
437730	265
437740	293
437750	321
437760	304
437770	284
437780	287
437790	284
437800	293
437810	308
437820	244
437830	286
437840	275
437850	287
437860	286
437870	264
437880	277
437890	277
437900	283
437910	307
437920	254
437930	277
437940	313
437950	261
437960	314
437970	254
437980	294
437990	284
438000	285
438010	286
438020	291
438030	292
438040	285
438050	303
438060	282
438070	289
438080	281
438090	278
438100	269
438110	287
438120	273
438130	295
438140	303
438150	282
438160	288
438170	271
438180	277
438190	274
438200	316
438210	277
438220	283
438230	295
438240	286
438250	262
438260	311
438270	251
438280	301
438290	275
438300	286
438310	299
438320	279
438330	276
438340	297
438350	275
438360	283
438370	307
438380	278
438390	266
438400	279
438410	291
438420	282
438430	249
438440	276
438450	281
438460	277
438470	287
438480	284
438490	328
438500	310
438510	272
438520	295
438530	298
438540	279
438550	275
438560	283
438570	282
438580	307
438590	295
438600	265
438610	298
438620	288
438630	275
438640	265
438650	314
438660	315
438670	312
438680	273
438690	260
438700	311
438710	294
438720	275
438730	307
438740	282
438750	265
438760	282
438770	293
438780	275
438790	275
438800	271
438810	279
438820	298
438830	244
438840	308
438850	308
438860	303
438870	279
438880	249
438890	274
438900	307
438910	265
438920	296
438930	300
438940	314
438950	288
438960	297
438970	311
438980	239
438990	308
439000	301
439010	277
439020	270
439030	331
439040	285
439050	289
439060	300
439070	294
439080	273
439090	304
439100	298
439110	284
439120	272
439130	268
439140	271
439150	262
439160	292
439170	282
439180	263
439190	284
439200	283
439210	300
439220	310
439230	296
439240	280
439250	279
439260	288
439270	311
439280	270
439290	292
439300	278
439310	321
439320	326
439330	276
439340	266
439350	292
439360	336
439370	242
439380	269
439390	276
439400	287
439410	262
439420	276
439430	244
439440	280
439450	267
439460	289
439470	303
439480	297
439490	265
439500	274
439510	306
439520	262
439530	259
439540	287
439550	279
439560	296
439570	314
439580	246
439590	266
439600	276
439610	316
439620	310
439630	271
439640	287
439650	256
439660	294
439670	279
439680	273
439690	297
439700	270
439710	284
439720	294
439730	296
439740	269
439750	318
439760	309
439770	286
439780	267
439790	292
439800	274
439810	297
439820	259
439830	294
439840	275
439850	290
439860	270
439870	290
439880	264
439890	265
439900	285
439910	279
439920	246
439930	274
439940	291
439950	276
439960	271
439970	261
439980	293
439990	282
440000	271
440010	278
440020	295
440030	264
440040	274
440050	276
440060	277
440070	292
440080	292
440090	277
440100	287
440110	258
440120	291
440130	274
440140	259
440150	275
440160	264
440170	312
440180	293
440190	292
440200	289
440210	306
440220	308
440230	257
440240	263
440250	262
440260	313
440270	281
440280	286
440290	277
440300	299
440310	267
440320	294
440330	314
440340	301
440350	257
440360	287
440370	291
440380	266
440390	251
440400	294
440410	270
440420	275
440430	265
440440	280
440450	303
440460	261
440470	316
440480	294
440490	285
440500	301
440510	293
440520	302
440530	281
440540	280
440550	255
440560	309
440570	270
440580	290
440590	304
440600	299
440610	273
440620	285
440630	300
440640	278
440650	267
440660	311
440670	285
440680	293
440690	272
440700	281
440710	282
440720	275
440730	285
440740	297
440750	267
440760	265
440770	266
440780	304
440790	274
440800	287
440810	270
440820	294
440830	298
440840	299
440850	276
440860	269
440870	256
440880	292
440890	289
440900	273
440910	284
440920	265
440930	298
440940	315
440950	276
440960	293
440970	286
440980	266
440990	259
441000	272
441010	286
441020	302
441030	288
441040	260
441050	274
441060	275
441070	297
441080	279
441090	273
441100	303
441110	299
441120	288
441130	280
441140	274
441150	263
441160	284
441170	279
441180	315
441190	267
441200	296
441210	287
441220	306
441230	302
441240	285
441250	281
441260	253
441270	301
441280	288
441290	273
441300	259
441310	273
441320	281
441330	288
441340	338
441350	292
441360	302
441370	271
441380	269
441390	293
441400	303
441410	279
441420	280
441430	305
441440	253
441450	299
441460	275
441470	281
441480	282
441490	280
441500	249
441510	297
441520	287
441530	269
441540	270
441550	287
441560	290
441570	314
441580	301
441590	299
441600	306
441610	262
441620	271
441630	295
441640	289
441650	269
441660	289
441670	280
441680	284
441690	264
441700	300
441710	270
441720	265
441730	281
441740	266
441750	277
441760	308
441770	277
441780	306
441790	327
441800	284
441810	272
441820	274
441830	297
441840	296
441850	290
441860	295
441870	275
441880	297
441890	289
441900	288
441910	284
441920	271
441930	269
441940	272
441950	296
441960	306
441970	276
441980	264
441990	291
442000	275
442010	297
442020	280
442030	277
442040	277
442050	290
442060	284
442070	277
442080	286
442090	295
442100	293
442110	267
442120	306
442130	292
442140	289
442150	272
442160	281
442170	282
442180	290
442190	299
442200	300
442210	271
442220	318
442230	263
442240	288
442250	283
442260	271
442270	263
442280	255
442290	288
442300	290
442310	256
442320	264
442330	285
442340	275
442350	287
442360	288
442370	275
442380	272
442390	280
442400	285
442410	258
442420	287
442430	268
442440	285
442450	302
442460	279
442470	248
442480	273
442490	288
442500	293
442510	278
442520	277
442530	259
442540	279
442550	276
442560	286
442570	282
442580	284
442590	297
442600	317
442610	270
442620	308
442630	251
442640	305
442650	273
442660	307
442670	269
442680	296
442690	290
442700	276
442710	283
442720	291
442730	251
442740	278
442750	288
442760	280
442770	295
442780	275
442790	258
442800	272
442810	300
442820	286
442830	250
442840	307
442850	274
442860	287
442870	321
442880	285
442890	258
442900	286
442910	284
442920	260
442930	276
442940	269
442950	272
442960	277
442970	297
442980	273
442990	288
443000	304
443010	300
443020	287
443030	281
443040	315
443050	304
443060	290
443070	277
443080	269
443090	269
443100	256
443110	285
443120	297
443130	259
443140	296
443150	255
443160	297
443170	277
443180	269
443190	278
443200	299
443210	299
443220	292
443230	289
443240	290
443250	292
443260	273
443270	262
443280	282
443290	278
443300	311
443310	301
443320	291
443330	300
443340	249
443350	292
443360	275
443370	288
443380	265
443390	300
443400	292
443410	272
443420	263
443430	280
443440	291
443450	290
443460	268
443470	289
443480	288
443490	290
443500	266
443510	275
443520	297
443530	263
443540	317
443550	263
443560	301
443570	296
443580	274
443590	329
443600	298
443610	277
443620	309
443630	291
443640	284
443650	292
443660	317
443670	281
443680	286
443690	269
443700	299
443710	280
443720	304
443730	302
443740	258
443750	318
443760	261
443770	281
443780	287
443790	286
443800	263
443810	270
443820	268
443830	286
443840	312
443850	291
443860	302
443870	270
443880	307
443890	315
443900	281
443910	295
443920	277
443930	288
443940	259
443950	301
443960	277
443970	287
443980	286
443990	294
444000	271
444010	285
444020	253
444030	275
444040	254
444050	305
444060	283
444070	293
444080	307
444090	281
444100	275
444110	255
444120	290
444130	302
444140	281
444150	281
444160	293
444170	311
444180	297
444190	277
444200	308
444210	283
444220	287
444230	291
444240	276
444250	262
444260	293
444270	255
444280	282
444290	296
444300	303
444310	276
444320	305
444330	295
444340	270
444350	296
444360	282
444370	297
444380	281
444390	299
444400	279
444410	262
444420	271
444430	307
444440	272
444450	303
444460	335
444470	315
444480	287
444490	280
444500	260
444510	276
444520	301
444530	271
444540	280
444550	273
444560	312
444570	294
444580	277
444590	306
444600	287
444610	276
444620	283
444630	290
444640	280
444650	286
444660	309
444670	327
444680	315
444690	286
444700	295
444710	275
444720	297
444730	328
444740	274
444750	291
444760	292
444770	294
444780	264
444790	264
444800	262
444810	281
444820	298
444830	298
444840	275
444850	282
444860	279
444870	281
444880	307
444890	307
444900	289
444910	296
444920	280
444930	264
444940	303
444950	327
444960	266
444970	292
444980	297
444990	267
445000	296
445010	307
445020	295
445030	287
445040	272
445050	275
445060	278
445070	294
445080	274
445090	284
445100	283
445110	274
445120	291
445130	265
445140	258
445150	271
445160	280
445170	291
445180	285
445190	284
445200	244
445210	295
445220	263
445230	286
445240	278
445250	289
445260	275
445270	261
445280	306
445290	272
445300	286
445310	271
445320	272
445330	263
445340	269
445350	281
445360	279
445370	263
445380	280
445390	306
445400	296
445410	275
445420	286
445430	248
445440	273
445450	284
445460	286
445470	283
445480	271
445490	283
445500	305
445510	282
445520	276
445530	259
445540	299
445550	304
445560	289
445570	279
445580	295
445590	274
445600	240
445610	323
445620	283
445630	288
445640	250
445650	268
445660	266
445670	280
445680	284
445690	280
445700	273
445710	291
445720	273
445730	275
445740	242
445750	278
445760	308
445770	311
445780	290
445790	281
445800	327
445810	273
445820	279
445830	267
445840	241
445850	295
445860	273
445870	260
445880	285
445890	320
445900	299
445910	321
445920	270
445930	294
445940	263
445950	286
445960	300
445970	274
445980	268
445990	306
446000	279
446010	289
446020	284
446030	288
446040	276
446050	273
446060	283
446070	317
446080	290
446090	303
446100	293
446110	277
446120	279
446130	314
446140	263
446150	281
446160	270
446170	283
446180	306
446190	273
446200	295
446210	305
446220	298
446230	305
446240	290
446250	274
446260	294
446270	285
446280	316
446290	275
446300	281
446310	287
446320	264
446330	289
446340	290
446350	266
446360	309
446370	301
446380	317
446390	249
446400	257
446410	297
446420	275
446430	287
446440	287
446450	292
446460	253
446470	271
446480	310
446490	284
446500	281
446510	286
446520	320
446530	276
446540	255
446550	320
446560	276
446570	280
446580	300
446590	269
446600	298
446610	272
446620	274
446630	304
446640	288
446650	289
446660	270
446670	283
446680	329
446690	263
446700	274
446710	288
446720	281
446730	288
446740	317
446750	266
446760	325
446770	282
446780	292
446790	306
446800	292
446810	252
446820	291
446830	278
446840	299
446850	304
446860	286
446870	292
446880	299
446890	328
446900	286
446910	283
446920	286
446930	317
446940	269
446950	303
446960	301
446970	257
446980	273
446990	307
447000	253
447010	278
447020	315
447030	242
447040	283
447050	274
447060	264
447070	281
447080	297
447090	287
447100	270
447110	277
447120	282
447130	283
447140	274
447150	282
447160	259
447170	284
447180	268
447190	297
447200	275
447210	276
447220	229
447230	278
447240	265
447250	267
447260	272
447270	265
447280	275
447290	301
447300	309
447310	274
447320	282
447330	300
447340	290
447350	285
447360	303
447370	300
447380	273
447390	282
447400	286
447410	316
447420	294
447430	306
447440	297
447450	281
447460	265
447470	278
447480	289
447490	307
447500	258
447510	299
447520	263
447530	271
447540	272
447550	306
447560	296
447570	235
447580	304
447590	253
447600	277
447610	315
447620	267
447630	278
447640	277
447650	286
447660	257
447670	292
447680	279
447690	293
447700	284
447710	302
447720	286
447730	276
447740	287
447750	276
447760	274
447770	259
447780	271
447790	317
447800	292
447810	296
447820	269
447830	256
447840	289
447850	306
447860	304
447870	240
447880	255
447890	270
447900	281
447910	297
447920	293
447930	276
447940	274
447950	266
447960	270
447970	269
447980	284
447990	277
448000	276
448010	291
448020	285
448030	259
448040	290
448050	280
448060	302
448070	305
448080	271
448090	262
448100	311
448110	304
448120	300
448130	284
448140	306
448150	286
448160	279
448170	289
448180	266
448190	300
448200	303
448210	275
448220	291
448230	324
448240	302
448250	261
448260	287
448270	289
448280	287
448290	286
448300	298
448310	284
448320	285
448330	304
448340	298
448350	284
448360	279
448370	266
448380	283
448390	267
448400	265
448410	271
448420	297
448430	248
448440	289
448450	281
448460	297
448470	255
448480	310
448490	332
448500	298
448510	288
448520	283
448530	283
448540	308
448550	291
448560	284
448570	294
448580	274
448590	280
448600	274
448610	324
448620	280
448630	275
448640	268
448650	302
448660	277
448670	300
448680	268
448690	250
448700	298
448710	272
448720	287
448730	266
448740	280
448750	263
448760	311
448770	262
448780	269
448790	258
448800	287
448810	301
448820	284
448830	321
448840	282
448850	289
448860	266
448870	313
448880	330
448890	318
448900	301
448910	304
448920	269
448930	294
448940	286
448950	290
448960	290
448970	249
448980	299
448990	282
449000	258
449010	304
449020	300
449030	284
449040	294
449050	314
449060	261
449070	280
449080	297
449090	291
449100	290
449110	288
449120	284
449130	295
449140	293
449150	278
449160	260
449170	307
449180	280
449190	289
449200	270
449210	246
449220	297
449230	264
449240	273
449250	290
449260	279
449270	277
449280	278
449290	263
449300	301
449310	317
449320	296
449330	256
449340	267
449350	287
449360	294
449370	289
449380	285
449390	291
449400	289
449410	296
449420	280
449430	294
449440	280
449450	307
449460	298
449470	292
449480	289
449490	276
449500	308
449510	255
449520	273
449530	292
449540	246
449550	293
449560	260
449570	281
449580	282
449590	283
449600	290
449610	274
449620	250
449630	282
449640	279
449650	271
449660	306
449670	290
449680	277
449690	272
449700	316
449710	273
449720	307
449730	296
449740	321
449750	259
449760	312
449770	267
449780	256
449790	333
449800	273
449810	284
449820	301
449830	276
449840	287
449850	267
449860	317
449870	273
449880	288
449890	275
449900	268
449910	301
449920	277
449930	285
449940	295
449950	258
449960	285
449970	304
449980	278
449990	287
450000	284
450010	287
450020	271
450030	281
450040	258
450050	294
450060	274
450070	286
450080	263
450090	291
450100	291
450110	306
450120	282
450130	273
450140	296
450150	290
450160	286
450170	263
450180	297
450190	284
450200	274
450210	288
450220	303
450230	259
450240	290
450250	313
450260	285
450270	289
450280	257
450290	273
450300	269
450310	298
450320	274
450330	283
450340	263
450350	271
450360	272
450370	281
450380	276
450390	270
450400	318
450410	282
450420	281
450430	280
450440	296
450450	292
450460	298
450470	277
450480	292
450490	290
450500	299
450510	286
450520	287
450530	285
450540	285
450550	295
450560	301
450570	237
450580	267
450590	279
450600	296
450610	262
450620	254
450630	282
450640	273
450650	267
450660	305
450670	263
450680	292
450690	300
450700	271
450710	286
450720	255
450730	276
450740	278
450750	286
450760	314
450770	294
450780	304
450790	264
450800	265
450810	300
450820	288
450830	264
450840	262
450850	280
450860	271
450870	265
450880	288
450890	271
450900	300
450910	286
450920	267
450930	270
450940	298
450950	285
450960	255
450970	303
450980	274
450990	290
451000	309
451010	294
451020	319
451030	291
451040	290
451050	291
451060	280
451070	292
451080	312
451090	268
451100	290
451110	300
451120	264
451130	292
451140	287
451150	244
451160	287
451170	276
451180	274
451190	269
451200	286
451210	295
451220	302
451230	286
451240	300
451250	290
451260	276
451270	315
451280	306
451290	252
451300	248
451310	293
451320	284
451330	289
451340	295
451350	265
451360	288
451370	283
451380	274
451390	323
451400	293
451410	267
451420	282
451430	305
451440	268
451450	264
451460	256
451470	293
451480	310
451490	257
451500	296
451510	262
451520	303
451530	285
451540	261
451550	309
451560	279
451570	295
451580	292
451590	315
451600	290
451610	299
451620	287
451630	288
451640	274
451650	294
451660	267
451670	279
451680	247
451690	297
451700	265
451710	280
451720	299
451730	275
451740	275
451750	273
451760	311
451770	314
451780	275
451790	311
451800	274
451810	281
451820	252
451830	268
451840	297
451850	313
451860	276
451870	284
451880	275
451890	268
451900	250
451910	298
451920	317
451930	272
451940	314
451950	298
451960	295
451970	258
451980	301
451990	275
452000	277
452010	283
452020	291
452030	267
452040	261
452050	288
452060	268
452070	301
452080	272
452090	307
452100	287
452110	269
452120	307
452130	259
452140	256
452150	274
452160	262
452170	304
452180	293
452190	275
452200	250
452210	281
452220	265
452230	295
452240	296
452250	289
452260	303
452270	283
452280	273
452290	278
452300	283
452310	295
452320	280
452330	254
452340	286
452350	275
452360	295
452370	300
452380	288
452390	272
452400	304
452410	273
452420	304
452430	279
452440	278
452450	290
452460	294
452470	240
452480	246
452490	307
452500	286
452510	270
452520	271
452530	265
452540	276
452550	281
452560	280
452570	250
452580	272
452590	258
452600	328
452610	293
452620	284
452630	278
452640	290
452650	252
452660	272
452670	263
452680	293
452690	296
452700	302
452710	282
452720	280
452730	272
452740	293
452750	303
452760	263
452770	271
452780	314
452790	246
452800	273
452810	288
452820	278
452830	305
452840	279
452850	292
452860	302
452870	284
452880	275
452890	297
452900	316
452910	275
452920	284
452930	264
452940	309
452950	294
452960	308
452970	273
452980	290
452990	273
453000	298
453010	256
453020	303
453030	291
453040	279
453050	248
453060	292
453070	284
453080	298
453090	297
453100	308
453110	287
453120	293
453130	293
453140	298
453150	281
453160	277
453170	271
453180	275
453190	280
453200	301
453210	294
453220	304
453230	270
453240	253
453250	299
453260	265
453270	311
453280	283
453290	279
453300	288
453310	281
453320	252
453330	275
453340	269
453350	261
453360	243
453370	289
453380	280
453390	279
453400	294
453410	294
453420	266
453430	281
453440	293
453450	262
453460	299
453470	297
453480	300
453490	330
453500	268
453510	282
453520	258
453530	302
453540	292
453550	281
453560	264
453570	298
453580	259
453590	276
453600	283
453610	282
453620	270
453630	274
453640	248
453650	281
453660	251
453670	284
453680	252
453690	310
453700	318
453710	279
453720	304
453730	275
453740	285
453750	266
453760	287
453770	284
453780	258
453790	263
453800	259
453810	279
453820	294
453830	275
453840	260
453850	264
453860	285
453870	285
453880	295
453890	262
453900	266
453910	285
453920	296
453930	318
453940	255
453950	292
453960	280
453970	280
453980	264
453990	286
454000	282
454010	260
454020	270
454030	297
454040	306
454050	282
454060	271
454070	287
454080	298
454090	274
454100	286
454110	277
454120	293
454130	290
454140	288
454150	279
454160	292
454170	279
454180	299
454190	293
454200	321
454210	268
454220	257
454230	319
454240	299
454250	286
454260	296
454270	282
454280	273
454290	274
454300	258
454310	293
454320	260
454330	276
454340	285
454350	252
454360	286
454370	279
454380	252
454390	263
454400	274
454410	291
454420	305
454430	272
454440	276
454450	261
454460	259
454470	286
454480	299
454490	280
454500	276
454510	270
454520	300
454530	298
454540	282
454550	299
454560	288
454570	307
454580	286
454590	293
454600	257
454610	294
454620	281
454630	292
454640	308
454650	274
454660	301
454670	308
454680	276
454690	264
454700	288
454710	302
454720	299
454730	303
454740	273
454750	303
454760	322
454770	302
454780	275
454790	282
454800	304
454810	249
454820	293
454830	283
454840	269
454850	309
454860	292
454870	268
454880	280
454890	289
454900	298
454910	276
454920	293
454930	274
454940	288
454950	305
454960	292
454970	280
454980	302
454990	285
455000	275
455010	281
455020	291
455030	284
455040	265
455050	241
455060	280
455070	271
455080	296
455090	271
455100	300
455110	310
455120	260
455130	294
455140	267
455150	303
455160	274
455170	293
455180	261
455190	286
455200	279
455210	287
455220	275
455230	279
455240	314
455250	275
455260	284
455270	296
455280	281
455290	291
455300	306
455310	289
455320	294
455330	280
455340	302
455350	240
455360	276
455370	293
455380	298
455390	259
455400	296
455410	274
455420	294
455430	270
455440	286
455450	284
455460	282
455470	282
455480	276
455490	313
455500	280
455510	281
455520	276
455530	304
455540	268
455550	320
455560	275
455570	282
455580	279
455590	302
455600	310
455610	273
455620	302
455630	277
455640	278
455650	282
455660	308
455670	279
455680	284
455690	290
455700	301
455710	244
455720	293
455730	277
455740	278
455750	287
455760	298
455770	289
455780	276
455790	270
455800	268
455810	262
455820	275
455830	271
455840	294
455850	296
455860	288
455870	276
455880	286
455890	303
455900	272
455910	288
455920	311
455930	268
455940	291
455950	283
455960	270
455970	291
455980	293
455990	260
456000	275
456010	280
456020	254
456030	315
456040	267
456050	277
456060	308
456070	272
456080	312
456090	273
456100	299
456110	297
456120	292
456130	293
456140	289
456150	283
456160	264
456170	288
456180	265
456190	274
456200	272
456210	282
456220	245
456230	304
456240	286
456250	272
456260	270
456270	294
456280	252
456290	298
456300	300
456310	292
456320	281
456330	281
456340	288
456350	291
456360	296
456370	273
456380	265
456390	282
456400	272
456410	286
456420	269
456430	289
456440	273
456450	288
456460	270
456470	307
456480	288
456490	286
456500	288
456510	307
456520	257
456530	287
456540	271
456550	265
456560	304
456570	256
456580	285
456590	282
456600	313
456610	296
456620	307
456630	314
456640	280
456650	299
456660	285
456670	276
456680	305
456690	298
456700	273
456710	278
456720	290
456730	274
456740	264
456750	287
456760	288
456770	305
456780	287
456790	283
456800	265
456810	291
456820	289
456830	287
456840	304
456850	284
456860	301
456870	285
456880	278
456890	288
456900	248
456910	294
456920	313
456930	343
456940	290
456950	291
456960	273
456970	267
456980	278
456990	266
457000	278
457010	330
457020	275
457030	274
457040	261
457050	281
457060	283
457070	289
457080	300
457090	289
457100	269
457110	259
457120	267
457130	272
457140	274
457150	269
457160	283
457170	270
457180	301
457190	310
457200	280
457210	281
457220	271
457230	299
457240	264
457250	262
457260	296
457270	308
457280	290
457290	286
457300	294
457310	271
457320	269
457330	302
457340	266
457350	298
457360	268
457370	276
457380	284
457390	304
457400	271
457410	299
457420	282
457430	297
457440	290
457450	280
457460	297
457470	323
457480	293
457490	287
457500	256
457510	291
457520	260
457530	258
457540	265
457550	262
457560	252
457570	298
457580	296
457590	300
457600	289
457610	260
457620	286
457630	291
457640	294
457650	284
457660	272
457670	271
457680	305
457690	298
457700	287
457710	295
457720	286
457730	259
457740	278
457750	277
457760	239
457770	292
457780	284
457790	316
457800	260
457810	287
457820	303
457830	274
457840	317
457850	287
457860	287
457870	288
457880	285
457890	257
457900	299
457910	294
457920	309
457930	295
457940	283
457950	284
457960	292
457970	273
457980	271
457990	288
458000	292
458010	268
458020	274
458030	275
458040	297
458050	276
458060	265
458070	299
458080	295
458090	268
458100	324
458110	280
458120	270
458130	282
458140	287
458150	273
458160	291
458170	331
458180	275
458190	271
458200	268
458210	286
458220	281
458230	245
458240	238
458250	286
458260	279
458270	264
458280	304
458290	291
458300	284
458310	295
458320	274
458330	301
458340	289
458350	302
458360	321
458370	297
458380	323
458390	290
458400	307
458410	307
458420	270
458430	305
458440	304
458450	289
458460	277
458470	277
458480	310
458490	275
458500	291
458510	272
458520	324
458530	284
458540	289
458550	277
458560	272
458570	292
458580	262
458590	269
458600	293
458610	268
458620	294
458630	262
458640	288
458650	289
458660	301
458670	264
458680	266
458690	270
458700	274
458710	292
458720	266
458730	281
458740	262
458750	249
458760	280
458770	252
458780	289
458790	339
458800	291
458810	265
458820	287
458830	282
458840	243
458850	297
458860	277
458870	330
458880	277
458890	282
458900	268
458910	284
458920	270
458930	288
458940	270
458950	300
458960	289
458970	284
458980	278
458990	291
459000	306
459010	307
459020	299
459030	290
459040	300
459050	297
459060	314
459070	259
459080	271
459090	293
459100	313
459110	307
459120	293
459130	275
459140	295
459150	309
459160	271
459170	307
459180	260
459190	297
459200	276
459210	288
459220	307
459230	288
459240	286
459250	285
459260	274
459270	286
459280	282
459290	287
459300	317
459310	281
459320	282
459330	285
459340	276
459350	296
459360	277
459370	271
459380	292
459390	263
459400	277
459410	281
459420	280
459430	294
459440	297
459450	314
459460	303
459470	276
459480	274
459490	296
459500	310
459510	278
459520	290
459530	287
459540	287
459550	301
459560	272
459570	269
459580	280
459590	304
459600	264
459610	292
459620	288
459630	285
459640	277
459650	236
459660	290
459670	286
459680	276
459690	243
459700	292
459710	274
459720	320
459730	299
459740	293
459750	278
459760	285
459770	277
459780	284
459790	297
459800	280
459810	259
459820	274
459830	267
459840	278
459850	256
459860	268
459870	280
459880	249
459890	280
459900	294
459910	291
459920	288
459930	289
459940	283
459950	239
459960	297
459970	258
459980	249
459990	262
460000	271
460010	292
460020	276
460030	291
460040	314
460050	285
460060	286
460070	302
460080	291
460090	274
460100	271
460110	297
460120	299
460130	287
460140	265
460150	295
460160	285
460170	276
460180	296
460190	247
460200	281
460210	271
460220	270
460230	280
460240	286
460250	298
460260	292
460270	263
460280	294
460290	286
460300	271
460310	282
460320	281
460330	292
460340	284
460350	263
460360	293
460370	294
460380	294
460390	274
460400	269
460410	287
460420	281
460430	296
460440	283
460450	283
460460	273
460470	307
460480	266
460490	301
460500	301
460510	290
460520	267
460530	284
460540	333
460550	285
460560	259
460570	277
460580	300
460590	299
460600	293
460610	280
460620	292
460630	289
460640	312
460650	288
460660	316
460670	273
460680	300
460690	283
460700	274
460710	282
460720	273
460730	293
460740	279
460750	276
460760	272
460770	301
460780	275
460790	327
460800	260
460810	292
460820	274
460830	296
460840	294
460850	283
460860	288
460870	280
460880	251
460890	282
460900	292
460910	268
460920	277
460930	309
460940	306
460950	270
460960	308
460970	272
460980	265
460990	301
461000	280
461010	270
461020	273
461030	300
461040	311
461050	309
461060	291
461070	270
461080	280
461090	272
461100	296
461110	260
461120	268
461130	288
461140	259
461150	257
461160	296
461170	280
461180	294
461190	288
461200	301
461210	288
461220	289
461230	298
461240	271
461250	290
461260	290
461270	285
461280	272
461290	277
461300	269
461310	296
461320	281
461330	311
461340	282
461350	278
461360	283
461370	285
461380	265
461390	291
461400	295
461410	288
461420	284
461430	281
461440	267
461450	273
461460	262
461470	289
461480	296
461490	276
461500	312
461510	266
461520	265
461530	259
461540	277
461550	246
461560	274
461570	298
461580	270
461590	296
461600	292
461610	324
461620	311
461630	254
461640	273
461650	272
461660	281
461670	278
461680	286
461690	278
461700	279
461710	285
461720	290
461730	310
461740	289
461750	259
461760	266
461770	269
461780	287
461790	309
461800	268
461810	252
461820	292
461830	248
461840	287
461850	284
461860	284
461870	269
461880	307
461890	255
461900	321
461910	283
461920	268
461930	306
461940	292
461950	289
461960	268
461970	271
461980	272
461990	278
462000	255
462010	281
462020	278
462030	273
462040	269
462050	283
462060	288
462070	302
462080	275
462090	268
462100	278
462110	280
462120	283
462130	288
462140	290
462150	326
462160	297
462170	277
462180	296
462190	302
462200	268
462210	285
462220	284
462230	283
462240	298
462250	295
462260	286
462270	301
462280	308
462290	288
462300	290
462310	255
462320	288
462330	300
462340	288
462350	317
462360	334
462370	308
462380	269
462390	279
462400	274
462410	294
462420	260
462430	272
462440	286
462450	264
462460	262
462470	297
462480	306
462490	276
462500	281
462510	266
462520	252
462530	281
462540	299
462550	283
462560	297
462570	280
462580	309
462590	304
462600	307
462610	298
462620	263
462630	289
462640	275
462650	268
462660	278
462670	282
462680	269
462690	289
462700	273
462710	311
462720	283
462730	259
462740	279
462750	305
462760	278
462770	282
462780	310
462790	299
462800	281
462810	267
462820	256
462830	314
462840	308
462850	290
462860	295
462870	270
462880	279
462890	284
462900	275
462910	293
462920	257
462930	284
462940	267
462950	260
462960	278
462970	268
462980	275
462990	274
463000	258
463010	287
463020	275
463030	270
463040	293
463050	298
463060	248
463070	311
463080	309
463090	280
463100	257
463110	269
463120	272
463130	298
463140	290
463150	295
463160	281
463170	291
463180	299
463190	258
463200	285
463210	295
463220	301
463230	300
463240	265
463250	285
463260	303
463270	298
463280	291
463290	294
463300	300
463310	306
463320	271
463330	288
463340	262
463350	308
463360	282
463370	309
463380	276
463390	292
463400	281
463410	236
463420	263
463430	269
463440	290
463450	314
463460	258
463470	281
463480	283
463490	279
463500	310
463510	290
463520	283
463530	274
463540	269
463550	264
463560	295
463570	284
463580	290
463590	261
463600	298
463610	283
463620	266
463630	306
463640	287
463650	278
463660	272
463670	311
463680	262
463690	258
463700	275
463710	265
463720	266
463730	261
463740	256
463750	298
463760	292
463770	326
463780	264
463790	266
463800	283
463810	270
463820	284
463830	296
463840	287
463850	292
463860	299
463870	305
463880	267
463890	255
463900	283
463910	289
463920	290
463930	276
463940	286
463950	298
463960	291
463970	306
463980	281
463990	274
464000	258
464010	286
464020	277
464030	297
464040	280
464050	315
464060	278
464070	307
464080	276
464090	285
464100	294
464110	280
464120	316
464130	304
464140	305
464150	276
464160	277
464170	271
464180	296
464190	258
464200	288
464210	312
464220	284
464230	278
464240	283
464250	259
464260	293
464270	283
464280	285
464290	287
464300	288
464310	307
464320	313
464330	265
464340	272
464350	309
464360	308
464370	271
464380	294
464390	291
464400	278
464410	284
464420	278
464430	291
464440	287
464450	268
464460	306
464470	286
464480	292
464490	288
464500	271
464510	324
464520	277
464530	271
464540	280
464550	279
464560	287
464570	279
464580	311
464590	269
464600	313
464610	290
464620	266
464630	281
464640	280
464650	293
464660	268
464670	296
464680	266
464690	247
464700	316
464710	311
464720	275
464730	316
464740	272
464750	294
464760	288
464770	264
464780	290
464790	266
464800	292
464810	273
464820	249
464830	292
464840	286
464850	267
464860	290
464870	262
464880	292
464890	297
464900	283
464910	289
464920	307
464930	289
464940	285
464950	284
464960	301
464970	279
464980	273
464990	272
465000	269
465010	287
465020	302
465030	273
465040	267
465050	263
465060	294
465070	291
465080	318
465090	295
465100	286
465110	273
465120	273
465130	286
465140	291
465150	299
465160	273
465170	288
465180	274
465190	303
465200	275
465210	272
465220	285
465230	256
465240	279
465250	245
465260	300
465270	329
465280	280
465290	273
465300	285
465310	273
465320	290
465330	302
465340	277
465350	273
465360	273
465370	294
465380	263
465390	264
465400	300
465410	287
465420	292
465430	283
465440	298
465450	302
465460	322
465470	281
465480	275
465490	266
465500	257
465510	270
465520	307
465530	261
465540	309
465550	269
465560	267
465570	264
465580	274
465590	272
465600	271
465610	265
465620	277
465630	247
465640	314
465650	320
465660	284
465670	267
465680	290
465690	270
465700	308
465710	277
465720	255
465730	304
465740	280
465750	282
465760	296
465770	302
465780	313
465790	265
465800	279
465810	303
465820	291
465830	297
465840	282
465850	301
465860	314
465870	303
465880	286
465890	283
465900	284
465910	288
465920	261
465930	266
465940	273
465950	271
465960	292
465970	311
465980	280
465990	287
466000	290
466010	272
466020	295
466030	266
466040	273
466050	274
466060	279
466070	294
466080	274
466090	304
466100	275
466110	278
466120	281
466130	267
466140	242
466150	281
466160	310
466170	283
466180	259
466190	241
466200	301
466210	265
466220	276
466230	236
466240	293
466250	262
466260	254
466270	298
466280	296
466290	270
466300	246
466310	289
466320	301
466330	270
466340	262
466350	278
466360	261
466370	293
466380	275
466390	293
466400	310
466410	278
466420	262
466430	310
466440	278
466450	287
466460	292
466470	257
466480	260
466490	309
466500	280
466510	280
466520	291
466530	298
466540	293
466550	288
466560	289
466570	295
466580	295
466590	283
466600	275
466610	298
466620	281
466630	288
466640	294
466650	317
466660	268
466670	296
466680	281
466690	279
466700	267
466710	242
466720	284
466730	281
466740	287
466750	296
466760	301
466770	281
466780	303
466790	314
466800	302
466810	289
466820	295
466830	281
466840	295
466850	273
466860	315
466870	294
466880	267
466890	287
466900	316
466910	289
466920	312
466930	297
466940	272
466950	270
466960	281
466970	268
466980	274
466990	288
467000	262
467010	295
467020	276
467030	283
467040	273
467050	285
467060	288
467070	320
467080	290
467090	301
467100	264
467110	273
467120	313
467130	271
467140	309
467150	266
467160	279
467170	286
467180	295
467190	285
467200	288
467210	263
467220	281
467230	299
467240	274
467250	289
467260	274
467270	280
467280	268
467290	289
467300	275
467310	277
467320	301
467330	284
467340	289
467350	277
467360	289
467370	274
467380	254
467390	290
467400	281
467410	305
467420	278
467430	284
467440	279
467450	292
467460	273
467470	293
467480	275
467490	302
467500	248
467510	273
467520	297
467530	283
467540	294
467550	275
467560	261
467570	293
467580	289
467590	271
467600	295
467610	282
467620	287
467630	266
467640	316
467650	284
467660	287
467670	283
467680	310
467690	272
467700	284
467710	270
467720	250
467730	280
467740	300
467750	280
467760	270
467770	301
467780	259
467790	301
467800	274
467810	265
467820	282
467830	291
467840	253
467850	259
467860	278
467870	306
467880	313
467890	288
467900	306
467910	290
467920	280
467930	271
467940	265
467950	289
467960	274
467970	277
467980	256
467990	283
468000	290
468010	283
468020	306
468030	247
468040	295
468050	279
468060	261
468070	256
468080	304
468090	276
468100	282
468110	328
468120	264
468130	311
468140	286
468150	283
468160	272
468170	281
468180	281
468190	294
468200	273
468210	276
468220	275
468230	317
468240	289
468250	304
468260	276
468270	267
468280	271
468290	310
468300	278
468310	300
468320	287
468330	309
468340	283
468350	300
468360	267
468370	305
468380	306
468390	281
468400	268
468410	262
468420	265
468430	288
468440	292
468450	291
468460	279
468470	294
468480	290
468490	305
468500	268
468510	293
468520	268
468530	269
468540	295
468550	311
468560	308
468570	266
468580	293
468590	233
468600	287
468610	306
468620	289
468630	295
468640	287
468650	279
468660	293
468670	289
468680	294
468690	287
468700	292
468710	289
468720	318
468730	308
468740	280
468750	291
468760	275
468770	298
468780	286
468790	281
468800	259
468810	252
468820	292
468830	289
468840	260
468850	285
468860	291
468870	259
468880	279
468890	293
468900	286
468910	277
468920	275
468930	293
468940	294
468950	286
468960	274
468970	272
468980	304
468990	282
469000	266
469010	288
469020	292
469030	272
469040	309
469050	273
469060	270
469070	276
469080	298
469090	287
469100	301
469110	268
469120	294
469130	273
469140	277
469150	245
469160	302
469170	287
469180	289
469190	275
469200	249
469210	282
469220	292
469230	284
469240	275
469250	273
469260	234
469270	281
469280	270
469290	278
469300	281
469310	294
469320	279
469330	248
469340	286
469350	292
469360	304
469370	266
469380	283
469390	266
469400	258
469410	314
469420	280
469430	284
469440	300
469450	302
469460	289
469470	293
469480	305
469490	298
469500	305
469510	279
469520	295
469530	305
469540	255
469550	285
469560	291
469570	298
469580	296
469590	284
469600	267
469610	284
469620	286
469630	309
469640	276
469650	262
469660	289
469670	290
469680	270
469690	261
469700	282
469710	291
469720	311
469730	255
469740	286
469750	294
469760	272
469770	266
469780	298
469790	294
469800	305
469810	302
469820	297
469830	260
469840	261
469850	284
469860	311
469870	280
469880	288
469890	281
469900	284
469910	284
469920	273
469930	264
469940	298
469950	299
469960	285
469970	292
469980	315
469990	292
470000	259
470010	288
470020	282
470030	283
470040	308
470050	311
470060	295
470070	279
470080	272
470090	290
470100	287
470110	287
470120	283
470130	277
470140	292
470150	289
470160	292
470170	291
470180	287
470190	303
470200	293
470210	284
470220	287
470230	307
470240	285
470250	272
470260	328
470270	292
470280	268
470290	266
470300	304
470310	287
470320	295
470330	308
470340	287
470350	287
470360	275
470370	314
470380	284
470390	307
470400	293
470410	312
470420	282
470430	280
470440	280
470450	295
470460	254
470470	285
470480	282
470490	301
470500	275
470510	283
470520	290
470530	249
470540	302
470550	286
470560	281
470570	307
470580	301
470590	283
470600	274
470610	251
470620	327
470630	319
470640	317
470650	285
470660	263
470670	306
470680	294
470690	290
470700	259
470710	302
470720	282
470730	282
470740	263
470750	312
470760	274
470770	286
470780	239
470790	261
470800	289
470810	298
470820	296
470830	252
470840	275
470850	272
470860	310
470870	280
470880	275
470890	279
470900	303
470910	307
470920	299
470930	288
470940	312
470950	305
470960	302
470970	268
470980	321
470990	277
471000	269
471010	285
471020	283
471030	284
471040	275
471050	297
471060	327
471070	285
471080	286
471090	274
471100	284
471110	268
471120	264
471130	269
471140	281
471150	278
471160	270
471170	282
471180	294
471190	325
471200	301
471210	285
471220	275
471230	252
471240	286
471250	276
471260	269
471270	262
471280	308
471290	282
471300	292
471310	310
471320	266
471330	298
471340	267
471350	282
471360	317
471370	254
471380	286
471390	268
471400	266
471410	294
471420	284
471430	280
471440	277
471450	298
471460	286
471470	263
471480	271
471490	253
471500	300
471510	317
471520	297
471530	288
471540	300
471550	284
471560	290
471570	281
471580	289
471590	285
471600	276
471610	317
471620	275
471630	295
471640	266
471650	263
471660	268
471670	287
471680	290
471690	260
471700	312
471710	255
471720	277
471730	317
471740	318
471750	295
471760	284
471770	278
471780	247
471790	292
471800	307
471810	285
471820	322
471830	280
471840	272
471850	298
471860	318
471870	260
471880	303
471890	259
471900	267
471910	281
471920	265
471930	282
471940	303
471950	263
471960	273
471970	313
471980	279
471990	287
472000	290
472010	272
472020	293
472030	289
472040	275
472050	280
472060	284
472070	296
472080	294
472090	266
472100	290
472110	280
472120	312
472130	289
472140	260
472150	300
472160	287
472170	300
472180	279
472190	248
472200	303
472210	275
472220	292
472230	287
472240	258
472250	254
472260	296
472270	276
472280	296
472290	310
472300	307
472310	291
472320	330
472330	268
472340	293
472350	288
472360	275
472370	317
472380	302
472390	291
472400	280
472410	268
472420	261
472430	250
472440	316
472450	293
472460	259
472470	283
472480	259
472490	278
472500	294
472510	271
472520	257
472530	243
472540	293
472550	314
472560	293
472570	262
472580	295
472590	269
472600	309
472610	266
472620	279
472630	290
472640	280
472650	284
472660	288
472670	284
472680	299
472690	269
472700	316
472710	291
472720	265
472730	302
472740	273
472750	236
472760	301
472770	260
472780	265
472790	278
472800	282
472810	298
472820	283
472830	285
472840	311
472850	300
472860	279
472870	280
472880	260
472890	275
472900	299
472910	273
472920	284
472930	292
472940	302
472950	296
472960	261
472970	298
472980	328
472990	301
473000	294
473010	276
473020	270
473030	271
473040	288
473050	312
473060	257
473070	257
473080	286
473090	297
473100	295
473110	260
473120	273
473130	277
473140	285
473150	265
473160	272
473170	268
473180	294
473190	291
473200	273
473210	274
473220	313
473230	282
473240	305
473250	298
473260	265
473270	273
473280	286
473290	285
473300	277
473310	263
473320	256
473330	278
473340	286
473350	281
473360	318
473370	280
473380	298
473390	269
473400	299
473410	289
473420	274
473430	300
473440	285
473450	288
473460	276
473470	309
473480	283
473490	297
473500	247
473510	309
473520	284
473530	284
473540	272
473550	265
473560	304
473570	295
473580	322
473590	300
473600	290
473610	302
473620	304
473630	286
473640	297
473650	317
473660	302
473670	298
473680	294
473690	270
473700	295
473710	274
473720	245
473730	325
473740	285
473750	307
473760	293
473770	261
473780	306
473790	297
473800	314
473810	299
473820	292
473830	309
473840	274
473850	325
473860	317
473870	293
473880	273
473890	275
473900	278
473910	254
473920	274
473930	275
473940	288
473950	291
473960	282
473970	287
473980	266
473990	295
474000	290
474010	287
474020	304
474030	278
474040	293
474050	276
474060	301
474070	280
474080	300
474090	312
474100	277
474110	284
474120	283
474130	266
474140	282
474150	284
474160	290
474170	312
474180	282
474190	279
474200	291
474210	318
474220	290
474230	241
474240	277
474250	284
474260	294
474270	245
474280	251
474290	305
474300	282
474310	246
474320	279
474330	283
474340	275
474350	275
474360	281
474370	307
474380	278
474390	284
474400	278
474410	246
474420	287
474430	262
474440	290
474450	290
474460	287
474470	290
474480	302
474490	297
474500	294
474510	260
474520	280
474530	252
474540	281
474550	314
474560	306
474570	300
474580	274
474590	296
474600	271
474610	275
474620	278
474630	286
474640	283
474650	280
474660	296
474670	291
474680	275
474690	271
474700	287
474710	267
474720	291
474730	282
474740	295
474750	315
474760	278
474770	283
474780	280
474790	300
474800	280
474810	292
474820	268
474830	262
474840	270
474850	279
474860	296
474870	264
474880	299
474890	291
474900	276
474910	266
474920	285
474930	303
474940	264
474950	292
474960	280
474970	287
474980	284
474990	281
475000	296
475010	286
475020	282
475030	305
475040	289
475050	284
475060	290
475070	265
475080	298
475090	290
475100	274
475110	268
475120	278
475130	288
475140	294
475150	310
475160	279
475170	284
475180	289
475190	293
475200	261
475210	281
475220	280
475230	317
475240	280
475250	282
475260	294
475270	301
475280	292
475290	279
475300	261
475310	279
475320	289
475330	285
475340	271
475350	286
475360	292
475370	288
475380	293
475390	300
475400	305
475410	277
475420	284
475430	301
475440	299
475450	272
475460	253
475470	281
475480	284
475490	259
475500	276
475510	267
475520	283
475530	314
475540	241
475550	306
475560	305
475570	263
475580	312
475590	297
475600	290
475610	271
475620	293
475630	293
475640	281
475650	285
475660	302
475670	322
475680	298
475690	294
475700	273
475710	263
475720	327
475730	317
475740	300
475750	268
475760	271
475770	271
475780	265
475790	303
475800	294
475810	271
475820	319
475830	269
475840	254
475850	296
475860	288
475870	313
475880	300
475890	296
475900	284
475910	321
475920	249
475930	293
475940	278
475950	303
475960	280
475970	298
475980	284
475990	272
476000	289
476010	297
476020	304
476030	302
476040	287
476050	284
476060	301
476070	318
476080	298
476090	310
476100	274
476110	313
476120	306
476130	297
476140	284
476150	310
476160	267
476170	258
476180	294
476190	305
476200	302
476210	275
476220	269
476230	296
476240	312
476250	272
476260	275
476270	279
476280	275
476290	300
476300	288
476310	297
476320	247
476330	292
476340	292
476350	275
476360	287
476370	253
476380	277
476390	296
476400	270
476410	276
476420	306
476430	300
476440	313
476450	299
476460	307
476470	304
476480	298
476490	275
476500	292
476510	297
476520	263
476530	284
476540	299
476550	278
476560	254
476570	286
476580	291
476590	276
476600	253
476610	290
476620	251
476630	277
476640	269
476650	286
476660	309
476670	288
476680	280
476690	293
476700	276
476710	288
476720	268
476730	255
476740	282
476750	310
476760	252
476770	309
476780	265
476790	272
476800	289
476810	276
476820	277
476830	314
476840	298
476850	274
476860	289
476870	267
476880	290
476890	277
476900	313
476910	283
476920	294
476930	261
476940	296
476950	278
476960	286
476970	311
476980	267
476990	285
477000	284
477010	271
477020	273
477030	285
477040	288
477050	299
477060	346
477070	268
477080	309
477090	308
477100	255
477110	261
477120	312
477130	291
477140	280
477150	293
477160	278
477170	266
477180	256
477190	280
477200	285
477210	271
477220	295
477230	288
477240	282
477250	282
477260	273
477270	290
477280	272
477290	278
477300	287
477310	289
477320	284
477330	290
477340	294
477350	311
477360	256
477370	286
477380	274
477390	272
477400	267
477410	286
477420	254
477430	295
477440	282
477450	279
477460	277
477470	273
477480	292
477490	265
477500	297
477510	293
477520	261
477530	299
477540	285
477550	295
477560	276
477570	284
477580	266
477590	268
477600	275
477610	288
477620	306
477630	280
477640	271
477650	270
477660	284
477670	299
477680	263
477690	273
477700	301
477710	272
477720	302
477730	261
477740	285
477750	292
477760	306
477770	267
477780	269
477790	258
477800	305
477810	329
477820	303
477830	259
477840	280
477850	296
477860	295
477870	259
477880	306
477890	306
477900	276
477910	312
477920	263
477930	292
477940	287
477950	284
477960	294
477970	324
477980	264
477990	280
478000	287
478010	261
478020	295
478030	287
478040	274
478050	275
478060	285
478070	262
478080	264
478090	241
478100	281
478110	303
478120	309
478130	269
478140	285
478150	241
478160	262
478170	285
478180	287
478190	295
478200	299
478210	286
478220	286
478230	279
478240	265
478250	268
478260	262
478270	311
478280	271
478290	288
478300	278
478310	308
478320	260
478330	263
478340	262
478350	289
478360	269
478370	272
478380	297
478390	297
478400	294
478410	286
478420	290
478430	287
478440	290
478450	293
478460	277
478470	261
478480	312
478490	288
478500	287
478510	266
478520	310
478530	306
478540	295
478550	299
478560	286
478570	308
478580	280
478590	284
478600	278
478610	268
478620	301
478630	292
478640	305
478650	285
478660	296
478670	277
478680	293
478690	290
478700	268
478710	270
478720	316
478730	282
478740	313
478750	288
478760	261
478770	315
478780	274
478790	300
478800	287
478810	263
478820	258
478830	272
478840	290
478850	266
478860	278
478870	287
478880	293
478890	260
478900	284
478910	268
478920	294
478930	246
478940	284
478950	304
478960	315
478970	275
478980	297
478990	284
479000	278
479010	278
479020	250
479030	291
479040	270
479050	288
479060	309
479070	292
479080	291
479090	286
479100	283
479110	271
479120	283
479130	254
479140	296
479150	290
479160	279
479170	282
479180	300
479190	282
479200	271
479210	291
479220	304
479230	268
479240	273
479250	275
479260	271
479270	315
479280	282
479290	244
479300	284
479310	280
479320	298
479330	321
479340	322
479350	285
479360	292
479370	307
479380	307
479390	284
479400	272
479410	281
479420	289
479430	309
479440	281
479450	268
479460	299
479470	280
479480	275
479490	275
479500	255
479510	297
479520	304
479530	310
479540	297
479550	292
479560	306
479570	263
479580	303
479590	292
479600	277
479610	299
479620	276
479630	280
479640	308
479650	275
479660	258
479670	259
479680	312
479690	281
479700	268
479710	271
479720	315
479730	271
479740	308
479750	260
479760	327
479770	293
479780	288
479790	292
479800	327
479810	245
479820	275
479830	259
479840	259
479850	301
479860	283
479870	284
479880	280
479890	267
479900	271
479910	290
479920	275
479930	304
479940	261
479950	255
479960	292
479970	279
479980	276
479990	264
480000	301
480010	312
480020	273
480030	284
480040	289
480050	260
480060	284
480070	291
480080	258
480090	281
480100	256
480110	287
480120	273
480130	272
480140	281
480150	307
480160	249
480170	298
480180	314
480190	285
480200	273
480210	293
480220	314
480230	301
480240	296
480250	298
480260	290
480270	274
480280	289
480290	281
480300	280
480310	298
480320	293
480330	272
480340	287
480350	264
480360	270
480370	316
480380	255
480390	317
480400	285
480410	270
480420	306
480430	291
480440	298
480450	256
480460	273
480470	270
480480	291
480490	252
480500	296
480510	306
480520	262
480530	299
480540	307
480550	284
480560	262
480570	295
480580	268
480590	298
480600	288
480610	289
480620	281
480630	275
480640	296
480650	262
480660	285
480670	275
480680	278
480690	293
480700	291
480710	288
480720	261
480730	287
480740	287
480750	279
480760	265
480770	274
480780	296
480790	288
480800	269
480810	303
480820	280
480830	276
480840	281
480850	275
480860	295
480870	267
480880	267
480890	273
480900	271
480910	268
480920	286
480930	278
480940	286
480950	261
480960	270
480970	304
480980	268
480990	278
481000	264
481010	295
481020	261
481030	301
481040	278
481050	261
481060	284
481070	284
481080	260
481090	280
481100	294
481110	266
481120	285
481130	276
481140	278
481150	287
481160	294
481170	302
481180	264
481190	280
481200	295
481210	279
481220	304
481230	248
481240	273
481250	295
481260	255
481270	321
481280	278
481290	275
481300	283
481310	266
481320	258
481330	277
481340	278
481350	251
481360	311
481370	325
481380	269
481390	303
481400	261
481410	284
481420	275
481430	251
481440	292
481450	305
481460	272
481470	318
481480	281
481490	307
481500	304
481510	295
481520	282
481530	271
481540	283
481550	293
481560	288
481570	286
481580	287
481590	272
481600	280
481610	266
481620	296
481630	289
481640	300
481650	288
481660	258
481670	242
481680	331
481690	263
481700	294
481710	317
481720	290
481730	249
481740	279
481750	264
481760	264
481770	264
481780	262
481790	280
481800	295
481810	265
481820	266
481830	276
481840	322
481850	276
481860	297
481870	303
481880	284
481890	298
481900	278
481910	286
481920	306
481930	256
481940	301
481950	276
481960	301
481970	286
481980	272
481990	290
482000	269
482010	262
482020	298
482030	293
482040	319
482050	299
482060	275
482070	290
482080	271
482090	261
482100	282
482110	264
482120	302
482130	287
482140	278
482150	275
482160	301
482170	278
482180	275
482190	316
482200	254
482210	272
482220	301
482230	271
482240	273
482250	274
482260	302
482270	305
482280	307
482290	303
482300	261
482310	277
482320	303
482330	289
482340	252
482350	278
482360	312
482370	303
482380	267
482390	306
482400	284
482410	288
482420	284
482430	295
482440	305
482450	300
482460	279
482470	315
482480	261
482490	288
482500	264
482510	277
482520	272
482530	301
482540	284
482550	285
482560	315
482570	309
482580	290
482590	253
482600	262
482610	305
482620	293
482630	266
482640	305
482650	290
482660	284
482670	289
482680	274
482690	277
482700	291
482710	289
482720	276
482730	289
482740	291
482750	289
482760	291
482770	275
482780	286
482790	262
482800	318
482810	294
482820	294
482830	265
482840	284
482850	313
482860	286
482870	292
482880	335
482890	296
482900	270
482910	270
482920	249
482930	289
482940	285
482950	285
482960	268
482970	289
482980	293
482990	311
483000	301
483010	295
483020	280
483030	324
483040	292
483050	275
483060	294
483070	286
483080	313
483090	295
483100	272
483110	260
483120	271
483130	286
483140	294
483150	265
483160	275
483170	302
483180	303
483190	285
483200	305
483210	321
483220	286
483230	299
483240	300
483250	300
483260	319
483270	272
483280	273
483290	292
483300	280
483310	264
483320	282
483330	297
483340	280
483350	270
483360	286
483370	295
483380	303
483390	282
483400	267
483410	283
483420	279
483430	250
483440	277
483450	275
483460	273
483470	292
483480	269
483490	276
483500	286
483510	282
483520	283
483530	295
483540	264
483550	290
483560	281
483570	304
483580	262
483590	271
483600	295
483610	317
483620	310
483630	260
483640	315
483650	268
483660	283
483670	280
483680	259
483690	290
483700	303
483710	242
483720	281
483730	291
483740	287
483750	272
483760	318
483770	290
483780	272
483790	298
483800	300
483810	289
483820	283
483830	280
483840	278
483850	270
483860	259
483870	284
483880	286
483890	279
483900	289
483910	280
483920	313
483930	279
483940	299
483950	319
483960	268
483970	286
483980	274
483990	266
484000	311
484010	296
484020	277
484030	304
484040	294
484050	273
484060	265
484070	300
484080	281
484090	291
484100	264
484110	270
484120	310
484130	295
484140	285
484150	287
484160	276
484170	305
484180	277
484190	265
484200	271
484210	298
484220	286
484230	283
484240	277
484250	323
484260	298
484270	305
484280	314
484290	284
484300	285
484310	291
484320	287
484330	276
484340	296
484350	278
484360	290
484370	278
484380	292
484390	295
484400	265
484410	305
484420	285
484430	262
484440	290
484450	290
484460	299
484470	258
484480	277
484490	310
484500	273
484510	311
484520	255
484530	269
484540	285
484550	298
484560	275
484570	308
484580	300
484590	276
484600	276
484610	288
484620	286
484630	279
484640	311
484650	281
484660	275
484670	307
484680	280
484690	294
484700	299
484710	289
484720	245
484730	272
484740	279
484750	287
484760	293
484770	288
484780	278
484790	301
484800	281
484810	294
484820	298
484830	276
484840	300
484850	256
484860	286
484870	287
484880	296
484890	264
484900	275
484910	280
484920	272
484930	293
484940	270
484950	268
484960	283
484970	269
484980	316
484990	283
485000	285
485010	322
485020	271
485030	250
485040	295
485050	310
485060	305
485070	288
485080	302
485090	269
485100	262
485110	269
485120	319
485130	304
485140	306
485150	302
485160	276
485170	278
485180	254
485190	266
485200	297
485210	269
485220	264
485230	298
485240	294
485250	287
485260	298
485270	282
485280	295
485290	293
485300	294
485310	270
485320	254
485330	305
485340	284
485350	327
485360	274
485370	262
485380	309
485390	291
485400	271
485410	294
485420	249
485430	285
485440	288
485450	282
485460	264
485470	271
485480	269
485490	306
485500	311
485510	286
485520	280
485530	273
485540	272
485550	306
485560	279
485570	292
485580	284
485590	283
485600	274
485610	283
485620	284
485630	276
485640	311
485650	274
485660	282
485670	282
485680	280
485690	276
485700	280
485710	276
485720	300
485730	280
485740	304
485750	282
485760	269
485770	275
485780	273
485790	268
485800	271
485810	275
485820	262
485830	266
485840	270
485850	288
485860	283
485870	264
485880	275
485890	252
485900	284
485910	267
485920	306
485930	276
485940	261
485950	300
485960	301
485970	266
485980	265
485990	297
486000	283
486010	277
486020	271
486030	290
486040	295
486050	283
486060	291
486070	245
486080	312
486090	269
486100	261
486110	301
486120	295
486130	294
486140	304
486150	277
486160	284
486170	292
486180	267
486190	295
486200	277
486210	285
486220	295
486230	280
486240	292
486250	278
486260	270
486270	294
486280	279
486290	270
486300	254
486310	254
486320	291
486330	309
486340	266
486350	298
486360	287
486370	244
486380	303
486390	280
486400	249
486410	290
486420	281
486430	295
486440	302
486450	282
486460	285
486470	293
486480	307
486490	270
486500	297
486510	295
486520	277
486530	268
486540	279
486550	285
486560	282
486570	296
486580	288
486590	306
486600	278
486610	253
486620	235
486630	317
486640	290
486650	316
486660	302
486670	289
486680	284
486690	256
486700	297
486710	287
486720	292
486730	296
486740	297
486750	282
486760	286
486770	317
486780	294
486790	283
486800	231
486810	302
486820	280
486830	257
486840	303
486850	267
486860	260
486870	270
486880	274
486890	267
486900	300
486910	275
486920	308
486930	299
486940	296
486950	262
486960	288
486970	261
486980	242
486990	297
487000	286
487010	282
487020	305
487030	329
487040	274
487050	244
487060	277
487070	276
487080	271
487090	289
487100	269
487110	264
487120	285
487130	294
487140	297
487150	310
487160	258
487170	311
487180	279
487190	291
487200	297
487210	269
487220	253
487230	280
487240	309
487250	300
487260	289
487270	288
487280	313
487290	277
487300	271
487310	290
487320	292
487330	295
487340	292
487350	275
487360	259
487370	298
487380	284
487390	281
487400	305
487410	273
487420	274
487430	307
487440	307
487450	288
487460	281
487470	278
487480	277
487490	261
487500	270
487510	306
487520	267
487530	263
487540	294
487550	297
487560	278
487570	288
487580	288
487590	293
487600	283
487610	337
487620	301
487630	275
487640	240
487650	271
487660	295
487670	310
487680	292
487690	274
487700	307
487710	294
487720	276
487730	273
487740	280
487750	315
487760	280
487770	296
487780	287
487790	290
487800	254
487810	251
487820	298
487830	247
487840	299
487850	292
487860	305
487870	275
487880	263
487890	276
487900	301
487910	296
487920	256
487930	273
487940	316
487950	292
487960	275
487970	280
487980	308
487990	270
488000	285
488010	293
488020	260
488030	266
488040	250
488050	319
488060	306
488070	281
488080	274
488090	263
488100	318
488110	285
488120	293
488130	263
488140	275
488150	292
488160	289
488170	278
488180	270
488190	292
488200	273
488210	255
488220	289
488230	242
488240	264
488250	278
488260	327
488270	287
488280	277
488290	295
488300	246
488310	293
488320	295
488330	308
488340	255
488350	276
488360	302
488370	302
488380	295
488390	271
488400	270
488410	284
488420	287
488430	300
488440	278
488450	251
488460	272
488470	325
488480	284
488490	270
488500	263
488510	288
488520	272
488530	234
488540	295
488550	285
488560	268
488570	303
488580	278
488590	287
488600	286
488610	271
488620	280
488630	284
488640	299
488650	307
488660	258
488670	318
488680	280
488690	292
488700	283
488710	286
488720	309
488730	280
488740	257
488750	244
488760	301
488770	278
488780	289
488790	272
488800	258
488810	287
488820	290
488830	285
488840	267
488850	252
488860	278
488870	280
488880	267
488890	276
488900	305
488910	269
488920	290
488930	294
488940	272
488950	284
488960	273
488970	331
488980	287
488990	264
489000	292
489010	280
489020	278
489030	271
489040	260
489050	278
489060	306
489070	290
489080	270
489090	277
489100	282
489110	285
489120	288
489130	269
489140	273
489150	297
489160	281
489170	286
489180	286
489190	291
489200	312
489210	314
489220	264
489230	269
489240	284
489250	291
489260	254
489270	275
489280	306
489290	284
489300	298
489310	273
489320	303
489330	311
489340	296
489350	308
489360	284
489370	302
489380	287
489390	300
489400	309
489410	264
489420	283
489430	297
489440	273
489450	286
489460	309
489470	274
489480	309
489490	288
489500	303
489510	270
489520	287
489530	275
489540	254
489550	299
489560	296
489570	310
489580	310
489590	291
489600	260
489610	294
489620	273
489630	296
489640	300
489650	273
489660	235
489670	309
489680	290
489690	277
489700	268
489710	287
489720	290
489730	279
489740	274
489750	282
489760	285
489770	300
489780	310
489790	291
489800	298
489810	254
489820	258
489830	263
489840	316
489850	301
489860	275
489870	281
489880	261
489890	286
489900	285
489910	283
489920	300
489930	250
489940	284
489950	303
489960	305
489970	267
489980	264
489990	298
490000	268
490010	266
490020	308
490030	272
490040	302
490050	270
490060	301
490070	291
490080	284
490090	305
490100	273
490110	278
490120	300
490130	274
490140	278
490150	286
490160	251
490170	278
490180	334
490190	282
490200	291
490210	261
490220	305
490230	300
490240	282
490250	282
490260	275
490270	252
490280	283
490290	291
490300	288
490310	315
490320	283
490330	282
490340	300
490350	287
490360	283
490370	300
490380	279
490390	263
490400	283
490410	285
490420	273
490430	292
490440	261
490450	291
490460	264
490470	281
490480	275
490490	290
490500	268
490510	278
490520	264
490530	290
490540	285
490550	276
490560	272
490570	268
490580	299
490590	296
490600	309
490610	292
490620	320
490630	282
490640	283
490650	287
490660	288
490670	269
490680	297
490690	297
490700	272
490710	324
490720	289
490730	300
490740	270
490750	274
490760	283
490770	266
490780	277
490790	277
490800	294
490810	255
490820	319
490830	260
490840	278
490850	268
490860	250
490870	262
490880	297
490890	294
490900	297
490910	288
490920	288
490930	276
490940	274
490950	289
490960	270
490970	258
490980	269
490990	265
491000	265
491010	281
491020	283
491030	279
491040	257
491050	291
491060	279
491070	304
491080	281
491090	278
491100	284
491110	305
491120	286
491130	284
491140	297
491150	279
491160	255
491170	286
491180	271
491190	263
491200	281
491210	271
491220	293
491230	264
491240	262
491250	282
491260	283
491270	291
491280	281
491290	277
491300	284
491310	297
491320	287
491330	320
491340	267
491350	260
491360	289
491370	298
491380	274
491390	296
491400	291
491410	288
491420	271
491430	283
491440	276
491450	287
491460	298
491470	282
491480	269
491490	287
491500	266
491510	279
491520	296
491530	258
491540	277
491550	268
491560	277
491570	318
491580	277
491590	291
491600	274
491610	285
491620	262
491630	269
491640	299
491650	287
491660	301
491670	303
491680	260
491690	263
491700	326
491710	277
491720	284
491730	323
491740	295
491750	296
491760	295
491770	295
491780	272
491790	295
491800	313
491810	286
491820	274
491830	304
491840	283
491850	290
491860	275
491870	282
491880	295
491890	271
491900	283
491910	308
491920	302
491930	308
491940	281
491950	321
491960	294
491970	263
491980	288
491990	261
492000	305
492010	293
492020	255
492030	247
492040	283
492050	250
492060	278
492070	276
492080	274
492090	259
492100	289
492110	286
492120	299
492130	310
492140	289
492150	282
492160	257
492170	295
492180	286
492190	262
492200	268
492210	308
492220	307
492230	284
492240	302
492250	298
492260	280
492270	254
492280	237
492290	257
492300	274
492310	274
492320	267
492330	284
492340	286
492350	277
492360	292
492370	273
492380	299
492390	282
492400	316
492410	296
492420	289
492430	284
492440	247
492450	285
492460	284
492470	276
492480	255
492490	286
492500	270
492510	289
492520	272
492530	284
492540	303
492550	261
492560	278
492570	318
492580	304
492590	293
492600	286
492610	263
492620	279
492630	274
492640	313
492650	262
492660	312
492670	263
492680	258
492690	269
492700	292
492710	278
492720	284
492730	282
492740	287
492750	288
492760	286
492770	302
492780	291
492790	295
492800	284
492810	289
492820	288
492830	267
492840	271
492850	281
492860	276
492870	277
492880	299
492890	271
492900	292
492910	271
492920	276
492930	261
492940	301
492950	286
492960	264
492970	299
492980	280
492990	261
493000	268
493010	245
493020	295
493030	296
493040	255
493050	269
493060	288
493070	279
493080	274
493090	292
493100	271
493110	297
493120	271
493130	252
493140	254
493150	275
493160	298
493170	299
493180	259
493190	285
493200	285
493210	286
493220	268
493230	302
493240	272
493250	283
493260	272
493270	305
493280	279
493290	277
493300	280
493310	283
493320	289
493330	290
493340	289
493350	257
493360	277
493370	288
493380	291
493390	285
493400	282
493410	264
493420	320
493430	321
493440	288
493450	289
493460	300
493470	295
493480	329
493490	292
493500	291
493510	279
493520	255
493530	267
493540	262
493550	271
493560	300
493570	266
493580	258
493590	290
493600	311
493610	284
493620	292
493630	304
493640	255
493650	280
493660	293
493670	271
493680	286
493690	303
493700	269
493710	278
493720	284
493730	300
493740	262
493750	249
493760	264
493770	290
493780	294
493790	279
493800	272
493810	286
493820	280
493830	279
493840	268
493850	281
493860	286
493870	268
493880	269
493890	269
493900	262
493910	273
493920	294
493930	288
493940	302
493950	278
493960	283
493970	286
493980	282
493990	289
494000	272
494010	278
494020	281
494030	300
494040	264
494050	274
494060	300
494070	277
494080	266
494090	264
494100	279
494110	291
494120	263
494130	282
494140	262
494150	300
494160	287
494170	251
494180	287
494190	305
494200	283
494210	268
494220	245
494230	285
494240	300
494250	274
494260	263
494270	284
494280	238
494290	288
494300	280
494310	263
494320	255
494330	297
494340	285
494350	282
494360	298
494370	305
494380	309
494390	283
494400	280
494410	268
494420	290
494430	301
494440	295
494450	288
494460	319
494470	282
494480	293
494490	276
494500	273
494510	245
494520	291
494530	278
494540	298
494550	295
494560	295
494570	319
494580	302
494590	271
494600	300
494610	292
494620	274
494630	302
494640	306
494650	299
494660	315
494670	262
494680	292
494690	259
494700	271
494710	276
494720	266
494730	299
494740	286
494750	302
494760	285
494770	265
494780	298
494790	293
494800	270
494810	291
494820	311
494830	277
494840	266
494850	276
494860	296
494870	281
494880	332
494890	322
494900	292
494910	276
494920	259
494930	283
494940	299
494950	303
494960	274
494970	281
494980	277
494990	280
495000	299
495010	280
495020	317
495030	290
495040	275
495050	278
495060	287
495070	280
495080	280
495090	270
495100	300
495110	265
495120	271
495130	271
495140	290
495150	277
495160	271
495170	308
495180	277
495190	281
495200	291
495210	305
495220	298
495230	317
495240	295
495250	275
495260	289
495270	319
495280	290
495290	281
495300	281
495310	266
495320	275
495330	240
495340	297
495350	296
495360	268
495370	286
495380	287
495390	282
495400	274
495410	316
495420	290
495430	295
495440	305
495450	274
495460	296
495470	258
495480	282
495490	289
495500	300
495510	297
495520	280
495530	283
495540	268
495550	287
495560	292
495570	275
495580	274
495590	277
495600	308
495610	273
495620	277
495630	288
495640	285
495650	275
495660	287
495670	272
495680	305
495690	302
495700	264
495710	277
495720	282
495730	248
495740	301
495750	279
495760	267
495770	280
495780	280
495790	282
495800	269
495810	272
495820	310
495830	288
495840	281
495850	277
495860	286
495870	297
495880	293
495890	250
495900	283
495910	284
495920	291
495930	296
495940	271
495950	248
495960	273
495970	291
495980	288
495990	278
496000	284
496010	263
496020	269
496030	289
496040	289
496050	299
496060	269
496070	275
496080	284
496090	290
496100	300
496110	293
496120	245
496130	291
496140	268
496150	268
496160	301
496170	269
496180	286
496190	294
496200	261
496210	263
496220	267
496230	259
496240	288
496250	298
496260	289
496270	288
496280	263
496290	297
496300	294
496310	245
496320	272
496330	304
496340	292
496350	274
496360	264
496370	305
496380	308
496390	309
496400	266
496410	315
496420	276
496430	281
496440	289
496450	288
496460	320
496470	303
496480	306
496490	284
496500	293
496510	286
496520	280
496530	321
496540	290
496550	301
496560	264
496570	287
496580	295
496590	253
496600	303
496610	257
496620	271
496630	263
496640	301
496650	273
496660	288
496670	308
496680	299
496690	298
496700	289
496710	263
496720	301
496730	275
496740	288
496750	292
496760	295
496770	294
496780	270
496790	323
496800	302
496810	274
496820	275
496830	274
496840	275
496850	285
496860	263
496870	290
496880	281
496890	298
496900	290
496910	285
496920	274
496930	294
496940	287
496950	273
496960	292
496970	281
496980	300
496990	287
497000	267
497010	284
497020	283
497030	263
497040	301
497050	298
497060	271
497070	340
497080	308
497090	299
497100	317
497110	270
497120	303
497130	293
497140	288
497150	289
497160	288
497170	271
497180	282
497190	284
497200	289
497210	278
497220	300
497230	295
497240	296
497250	267
497260	268
497270	266
497280	272
497290	326
497300	263
497310	269
497320	282
497330	290
497340	277
497350	293
497360	296
497370	271
497380	292
497390	282
497400	281
497410	275
497420	319
497430	275
497440	289
497450	267
497460	276
497470	277
497480	302
497490	243
497500	262
497510	293
497520	253
497530	273
497540	285
497550	250
497560	260
497570	295
497580	295
497590	290
497600	280
497610	276
497620	290
497630	293
497640	275
497650	300
497660	298
497670	271
497680	283
497690	280
497700	315
497710	299
497720	285
497730	272
497740	274
497750	274
497760	287
497770	294
497780	262
497790	253
497800	276
497810	265
497820	284
497830	285
497840	276
497850	293
497860	286
497870	295
497880	322
497890	267
497900	292
497910	265
497920	303
497930	266
497940	299
497950	276
497960	275
497970	290
497980	296
497990	303
498000	291
498010	300
498020	285
498030	293
498040	277
498050	276
498060	305
498070	263
498080	308
498090	255
498100	292
498110	266
498120	299
498130	270
498140	264
498150	280
498160	307
498170	259
498180	287
498190	299
498200	298
498210	295
498220	275
498230	273
498240	294
498250	279
498260	277
498270	291
498280	330
498290	268
498300	271
498310	306
498320	319
498330	302
498340	287
498350	272
498360	286
498370	279
498380	277
498390	272
498400	289
498410	301
498420	281
498430	278
498440	284
498450	276
498460	298
498470	285
498480	292
498490	297
498500	263
498510	274
498520	284
498530	283
498540	279
498550	277
498560	286
498570	273
498580	301
498590	280
498600	279
498610	273
498620	302
498630	258
498640	289
498650	274
498660	295
498670	283
498680	266
498690	316
498700	290
498710	281
498720	286
498730	292
498740	287
498750	257
498760	275
498770	289
498780	288
498790	300
498800	293
498810	274
498820	285
498830	273
498840	291
498850	278
498860	268
498870	277
498880	312
498890	281
498900	254
498910	272
498920	296
498930	300
498940	298
498950	273
498960	323
498970	259
498980	286
498990	278
499000	275
499010	297
499020	281
499030	300
499040	299
499050	294
499060	351
499070	277
499080	276
499090	283
499100	261
499110	313
499120	284
499130	315
499140	290
499150	266
499160	278
499170	281
499180	290
499190	302
499200	279
499210	289
499220	264
499230	296
499240	284
499250	290
499260	253
499270	286
499280	252
499290	258
499300	279
499310	274
499320	303
499330	287
499340	252
499350	283
499360	275
499370	286
499380	288
499390	273
499400	301
499410	262
499420	290
499430	266
499440	288
499450	293
499460	300
499470	289
499480	309
499490	288
499500	282
499510	283
499520	288
499530	303
499540	247
499550	318
499560	295
499570	306
499580	272
499590	273
499600	254
499610	297
499620	293
499630	277
499640	288
499650	264
499660	285
499670	279
499680	259
499690	284
499700	303
499710	278
499720	271
499730	288
499740	287
499750	284
499760	270
499770	291
499780	309
499790	307
499800	319
499810	301
499820	252
499830	297
499840	286
499850	277
499860	277
499870	267
499880	266
499890	282
499900	281
499910	298
499920	269
499930	290
499940	304
499950	296
499960	300
499970	286
499980	293
499990	289
